id,firstname,lastname,email,gender,contactNum,country,dob
1,Tarun,Naidu,tarun.naidu1@outlook.com,Male,7331657303,Germany,1998-11-09
2,Ritu,Joshi,ritu.joshi2@yahoo.com,Female,8419745957,Canada,2000-03-19
3,Aanya,Prasad,aanya.prasad3@mail.com,Female,7404634428,Australia,1972-11-11
4,Anil,Chauhan,anil.chauhan4@outlook.com,Male,7762310736,Australia,1994-09-08
5,Sahil,Roy,sahil.roy5@yahoo.com,Male,7711527526,Australia,1980-11-22
6,Ritu,Kapoor,ritu.kapoor6@gmail.com,Female,6686821935,Germany,1979-06-26
7,Maya,Naidu,maya.naidu7@example.com,Male,8894199059,UAE,2004-09-23
8,Nisha,Joshi,nisha.joshi8@outlook.com,Female,9156321885,Canada,2001-06-01
9,Ananya,Mehta,ananya.mehta9@example.com,Male,8212397101,India,1985-11-02
10,Vihaan,Yadav,vihaan.yadav10@mail.com,Female,8621255100,Canada,1972-04-23
11,Krishna,Malhotra,krishna.malhotra11@mail.com,Female,6595703030,Brazil,2004-12-13
12,Arjun,Singh,arjun.singh12@gmail.com,Male,8882759379,Australia,1999-06-01
13,Krishna,Agarwal,krishna.agarwal13@yahoo.com,Male,8130879651,Canada,1970-12-11
14,Sara,Kapoor,sara.kapoor14@example.com,Female,9621167093,United Kingdom,2003-11-21
15,Vivaan,Trivedi,vivaan.trivedi15@mail.com,Male,6404282830,Brazil,1976-11-21
16,Karthik,Kashyap,karthik.kashyap16@example.com,Female,7227897856,South Africa,1979-09-26
17,Sneha,Sharma,sneha.sharma17@gmail.com,Male,8936771406,United Kingdom,1997-12-13
18,Nisha,Das,nisha.das18@outlook.com,Male,6098516954,Australia,1978-10-19
19,Vivaan,Iyer,vivaan.iyer19@mail.com,Male,6457552787,UAE,1992-09-22
20,Pooja,Bose,pooja.bose20@mail.com,Female,7260230598,Canada,1982-12-12
21,Isha,Agarwal,isha.agarwal21@example.com,Male,6124330615,Brazil,2006-05-31
22,Sahil,Reddy,sahil.reddy22@gmail.com,Female,6755571068,Canada,1989-11-16
23,Karthik,Singh,karthik.singh23@outlook.com,Male,7018784065,Brazil,1976-09-09
24,Ritu,Singh,ritu.singh24@example.com,Female,6106824843,Australia,2002-10-07
25,Sneha,Bhatt,sneha.bhatt25@outlook.com,Female,9970724498,India,2005-01-16
26,Pooja,Roy,pooja.roy26@yahoo.com,Male,8317365329,France,1981-12-27
27,Rohan,Verma,rohan.verma27@yahoo.com,Female,8879284899,United Kingdom,1999-10-04
28,Reyansh,Shah,reyansh.shah28@gmail.com,Female,8589328422,Germany,2002-12-31
29,Myra,Trivedi,myra.trivedi29@gmail.com,Male,9407935271,Brazil,1989-11-12
30,Reyansh,Khan,reyansh.khan30@gmail.com,Female,8211966329,Canada,1975-06-11
31,Sara,Kapoor,sara.kapoor31@yahoo.com,Male,6889468484,Brazil,1987-03-04
32,Sara,Khan,sara.khan32@outlook.com,Male,8874341923,United Kingdom,1994-11-26
33,Vivaan,Bose,vivaan.bose33@outlook.com,Male,6414980005,United States,1969-06-20
34,Arjun,Malhotra,arjun.malhotra34@gmail.com,Female,8763376096,United States,1985-08-22
35,Myra,Kashyap,myra.kashyap35@mail.com,Female,9208191518,Germany,1975-04-23
36,Sara,Malhotra,sara.malhotra36@outlook.com,Female,9183724705,India,1989-09-06
37,Sara,Reddy,sara.reddy37@example.com,Female,9131822237,India,2001-07-07
38,Kiran,Mehta,kiran.mehta38@gmail.com,Male,8829138255,India,1969-10-06
39,Ananya,Bose,ananya.bose39@example.com,Male,7313726383,Canada,1975-01-26
40,Sunita,Malhotra,sunita.malhotra40@outlook.com,Male,6290329931,France,1968-10-11
41,Kavya,Reddy,kavya.reddy41@gmail.com,Female,7814356209,Australia,1979-12-07
42,Sneha,Kapoor,sneha.kapoor42@example.com,Female,7243545369,Australia,1992-05-16
43,Arjun,Mehta,arjun.mehta43@gmail.com,Male,9544699776,Germany,1996-02-27
44,Priya,Singh,priya.singh44@outlook.com,Male,8523816812,Germany,1970-07-23
45,Sahil,Agarwal,sahil.agarwal45@mail.com,Male,9773759547,Canada,1978-01-24
46,Aanya,Roy,aanya.roy46@mail.com,Female,8160869596,France,1992-03-04
47,Aanya,Prasad,aanya.prasad47@mail.com,Female,7860196911,United States,1998-03-17
48,Kavya,Menon,kavya.menon48@yahoo.com,Female,8570928391,UAE,1990-09-25
49,Riya,Bhatia,riya.bhatia49@outlook.com,Female,7414942447,Germany,1978-10-30
50,Sai,Iyer,sai.iyer50@gmail.com,Female,7549173863,India,2005-04-02
51,Ritu,Malhotra,ritu.malhotra51@gmail.com,Female,9001285558,South Africa,2006-06-12
52,Tarun,Kapoor,tarun.kapoor52@example.com,Male,9239232591,France,2001-12-26
53,Rohan,Singh,rohan.singh53@example.com,Male,9550209774,Brazil,1985-10-19
54,Anil,Iyer,anil.iyer54@outlook.com,Male,7723552139,UAE,2001-05-21
55,Riya,Verma,riya.verma55@yahoo.com,Male,7735745168,France,2000-10-09
56,Krishna,Yadav,krishna.yadav56@gmail.com,Female,7519144998,South Africa,1971-01-22
57,Kavya,Iyer,kavya.iyer57@mail.com,Male,9234651720,Germany,2005-01-28
58,Maya,Das,maya.das58@gmail.com,Male,9656018963,Brazil,1980-06-21
59,Anil,Naidu,anil.naidu59@yahoo.com,Female,6854665682,France,1989-05-18
60,Aarav,Chauhan,aarav.chauhan60@gmail.com,Female,9788175147,India,1991-03-22
61,Vivaan,Kashyap,vivaan.kashyap61@example.com,Female,9233842997,South Africa,1973-02-06
62,Aarav,Kapoor,aarav.kapoor62@outlook.com,Male,6076587557,United States,1970-03-26
63,Kiran,Bose,kiran.bose63@example.com,Female,9764557941,Australia,1996-10-21
64,Rohan,Gupta,rohan.gupta64@outlook.com,Male,8493434144,France,1971-04-07
65,Tarun,Khan,tarun.khan65@outlook.com,Male,9374629545,Germany,2001-04-17
66,Aditya,Chauhan,aditya.chauhan66@example.com,Female,7140260265,Brazil,2003-07-26
67,Sunita,Das,sunita.das67@example.com,Female,9721563703,United States,2003-07-09
68,Priya,Menon,priya.menon68@mail.com,Male,9098679198,India,1993-01-24
69,Sneha,Bose,sneha.bose69@outlook.com,Female,9778875436,United States,1995-10-04
70,Sneha,Pillai,sneha.pillai70@outlook.com,Male,6675538490,Germany,1979-11-27
71,Aanya,Joshi,aanya.joshi71@gmail.com,Male,9575163112,India,1984-02-29
72,Sneha,Sharma,sneha.sharma72@gmail.com,Male,8595278896,Australia,1985-03-03
73,Rohan,Kashyap,rohan.kashyap73@gmail.com,Female,6818484139,Canada,1993-02-17
74,Ritu,Mehta,ritu.mehta74@outlook.com,Female,9108253532,France,1966-09-22
75,Aditya,Bhatt,aditya.bhatt75@outlook.com,Male,7459952073,Canada,1978-12-08
76,Ritu,Sharma,ritu.sharma76@gmail.com,Female,6165674873,South Africa,1975-05-07
77,Mohit,Nair,mohit.nair77@outlook.com,Female,8203212552,France,1989-05-14
78,Anil,Mehta,anil.mehta78@yahoo.com,Female,9019474159,Canada,1985-02-09
79,Sneha,Bhatt,sneha.bhatt79@mail.com,Male,8187927479,Australia,2003-12-01
80,Nisha,Nair,nisha.nair80@outlook.com,Female,9455741490,Australia,1986-08-06
81,Aanya,Mehta,aanya.mehta81@example.com,Male,7621983380,South Africa,1998-07-20
82,Aanya,Bhatia,aanya.bhatia82@outlook.com,Female,6676190122,South Africa,1993-04-08
83,Kiran,Sharma,kiran.sharma83@yahoo.com,Female,6385129543,India,1999-03-22
84,Sara,Ghosh,sara.ghosh84@mail.com,Male,7029285907,Canada,1984-04-15
85,Sahil,Prasad,sahil.prasad85@gmail.com,Female,8840752417,Australia,1989-04-07
86,Myra,Reddy,myra.reddy86@yahoo.com,Male,6090654099,South Africa,1981-09-20
87,Aanya,Menon,aanya.menon87@outlook.com,Male,6576992304,Brazil,2005-11-10
88,Kiran,Sharma,kiran.sharma88@mail.com,Female,6885546888,India,1982-02-09
89,Sai,Gupta,sai.gupta89@outlook.com,Male,7324123880,Canada,1971-05-07
90,Anil,Chauhan,anil.chauhan90@yahoo.com,Female,7197439311,UAE,2003-04-25
91,Rohan,Verma,rohan.verma91@gmail.com,Male,6538569362,South Africa,1972-01-04
92,Mohit,Iyer,mohit.iyer92@outlook.com,Male,7353518058,India,1978-03-16
93,Sneha,Chauhan,sneha.chauhan93@yahoo.com,Female,7467684199,Canada,1985-07-14
94,Vihaan,Joshi,vihaan.joshi94@yahoo.com,Male,8436545785,Australia,1979-03-11
95,Rohan,Patel,rohan.patel95@gmail.com,Male,8363591578,Germany,1993-07-11
96,Anil,Das,anil.das96@mail.com,Male,6868662662,United States,1998-11-10
97,Aarav,Sharma,aarav.sharma97@mail.com,Male,9419122675,United Kingdom,2004-10-17
98,Maya,Agarwal,maya.agarwal98@gmail.com,Female,8375118042,Canada,1997-01-23
99,Reyansh,Roy,reyansh.roy99@outlook.com,Female,7657678761,UAE,1975-01-26
100,Nisha,Mehta,nisha.mehta100@mail.com,Female,7423512143,France,1994-10-16
101,Pooja,Menon,pooja.menon101@example.com,Female,7977161912,United Kingdom,1986-06-03
102,Aarav,Bhatt,aarav.bhatt102@example.com,Female,9498876628,France,1970-12-02
103,Aarav,Prasad,aarav.prasad103@mail.com,Male,8205088307,Germany,1993-07-10
104,Karthik,Nair,karthik.nair104@gmail.com,Female,9433010400,France,1999-03-15
105,Riya,Reddy,riya.reddy105@yahoo.com,Male,9466234703,UAE,1975-03-14
106,Nisha,Bhatia,nisha.bhatia106@gmail.com,Female,8410645848,Canada,1970-11-28
107,Mohit,Singh,mohit.singh107@gmail.com,Female,7492460960,Brazil,1980-03-27
108,Karthik,Roy,karthik.roy108@mail.com,Female,9727962753,France,1997-09-25
109,Kavya,Menon,kavya.menon109@example.com,Female,6537721301,UAE,1979-03-09
110,Kavya,Iyer,kavya.iyer110@example.com,Female,7735075855,Australia,1977-01-21
111,Rohan,Singh,rohan.singh111@mail.com,Female,7434505548,Brazil,1996-11-14
112,Nisha,Menon,nisha.menon112@yahoo.com,Male,6425057594,France,1969-12-11
113,Sunita,Roy,sunita.roy113@gmail.com,Female,7852861831,India,1976-08-13
114,Ananya,Menon,ananya.menon114@gmail.com,Female,6633928461,UAE,1999-03-16
115,Aarav,Menon,aarav.menon115@example.com,Male,6000894714,United States,1991-10-18
116,Krishna,Trivedi,krishna.trivedi116@mail.com,Male,6138685568,Canada,1992-05-02
117,Aanya,Shah,aanya.shah117@gmail.com,Male,6568483178,United States,1982-04-27
118,Vivaan,Khan,vivaan.khan118@mail.com,Female,6561064947,United States,1978-02-06
119,Ananya,Patel,ananya.patel119@yahoo.com,Male,6031147702,South Africa,1994-10-30
120,Karthik,Trivedi,karthik.trivedi120@mail.com,Male,9626944516,France,1966-05-23
121,Pooja,Chauhan,pooja.chauhan121@yahoo.com,Female,9238432474,UAE,2005-07-14
122,Aanya,Trivedi,aanya.trivedi122@yahoo.com,Female,8416215707,Brazil,1977-10-26
123,Rohan,Singh,rohan.singh123@mail.com,Female,7434338818,Canada,1977-09-08
124,Riya,Agarwal,riya.agarwal124@mail.com,Female,9545917573,United Kingdom,2005-05-17
125,Karthik,Mehta,karthik.mehta125@mail.com,Female,9328853858,United Kingdom,1987-03-19
126,Sneha,Roy,sneha.roy126@outlook.com,Male,9869525255,UAE,2004-01-11
127,Sneha,Verma,sneha.verma127@yahoo.com,Male,9064498252,Brazil,1984-08-02
128,Sara,Menon,sara.menon128@gmail.com,Male,8847597973,United Kingdom,1978-09-11
129,Ananya,Chauhan,ananya.chauhan129@gmail.com,Female,8389928752,Australia,1974-07-16
130,Kavya,Verma,kavya.verma130@mail.com,Male,9900757530,South Africa,1980-07-01
131,Krishna,Chauhan,krishna.chauhan131@yahoo.com,Female,9996800147,UAE,1979-10-24
132,Vihaan,Mehta,vihaan.mehta132@gmail.com,Male,9599300680,India,2006-12-24
133,Diya,Yadav,diya.yadav133@example.com,Female,6813066050,Brazil,2006-03-14
134,Tarun,Agarwal,tarun.agarwal134@outlook.com,Female,8151735739,Australia,1984-01-17
135,Ananya,Khan,ananya.khan135@example.com,Female,9378859699,Brazil,1998-01-17
136,Kavya,Nair,kavya.nair136@yahoo.com,Male,9761426061,Germany,1974-04-04
137,Sunita,Kumar,sunita.kumar137@gmail.com,Male,9181846165,United States,1997-06-30
138,Riya,Malhotra,riya.malhotra138@yahoo.com,Female,8666665090,United States,1979-03-02
139,Krishna,Gupta,krishna.gupta139@outlook.com,Male,7320072031,Australia,1997-10-12
140,Ritu,Nair,ritu.nair140@yahoo.com,Female,7305810692,Brazil,1988-08-28
141,Isha,Ghosh,isha.ghosh141@yahoo.com,Male,9372695276,France,1990-07-03
142,Priya,Roy,priya.roy142@example.com,Male,8048762053,India,1978-12-12
143,Isha,Reddy,isha.reddy143@mail.com,Male,9291805470,Germany,1996-04-16
144,Reyansh,Malhotra,reyansh.malhotra144@gmail.com,Female,8621090093,India,2004-08-09
145,Arjun,Singh,arjun.singh145@gmail.com,Female,6776838184,India,1966-11-29
146,Vivaan,Khan,vivaan.khan146@mail.com,Female,7123745050,United Kingdom,2005-11-12
147,Tarun,Prasad,tarun.prasad147@mail.com,Male,7549292654,France,1970-03-05
148,Ritu,Bhatia,ritu.bhatia148@yahoo.com,Male,6860158347,United Kingdom,1981-05-30
149,Priya,Naidu,priya.naidu149@mail.com,Female,8902745531,South Africa,1969-09-05
150,Arjun,Joshi,arjun.joshi150@example.com,Female,6553305606,United Kingdom,1976-10-07
151,Krishna,Gupta,krishna.gupta151@outlook.com,Male,8899488010,South Africa,1970-03-29
152,Kavya,Singh,kavya.singh152@example.com,Male,9432693777,Australia,1997-12-25
153,Sunita,Pillai,sunita.pillai153@outlook.com,Female,9207346951,Germany,1977-04-20
154,Vihaan,Yadav,vihaan.yadav154@gmail.com,Male,9630030895,India,2006-10-01
155,Vihaan,Gupta,vihaan.gupta155@outlook.com,Female,9255985274,Australia,2001-02-11
156,Aditya,Sharma,aditya.sharma156@outlook.com,Female,8283302049,Australia,1993-04-28
157,Nisha,Patel,nisha.patel157@outlook.com,Male,7861913980,Germany,1968-11-27
158,Aanya,Yadav,aanya.yadav158@mail.com,Female,7793804614,Germany,1990-05-22
159,Myra,Ghosh,myra.ghosh159@yahoo.com,Female,8782166537,Canada,1996-03-09
160,Mohit,Agarwal,mohit.agarwal160@gmail.com,Male,6579773360,France,2005-06-16
161,Sahil,Agarwal,sahil.agarwal161@mail.com,Female,9251651288,India,2000-06-07
162,Aarav,Kashyap,aarav.kashyap162@gmail.com,Female,6273468291,France,1973-10-07
163,Karthik,Shah,karthik.shah163@gmail.com,Male,9643560858,Australia,1990-02-28
164,Sai,Das,sai.das164@gmail.com,Female,7908988141,United Kingdom,1981-11-07
165,Rohan,Malhotra,rohan.malhotra165@yahoo.com,Male,8648318607,Canada,1989-08-19
166,Ananya,Joshi,ananya.joshi166@gmail.com,Male,6114551757,United Kingdom,1973-08-01
167,Reyansh,Shah,reyansh.shah167@mail.com,Female,6392631330,India,2007-05-08
168,Karthik,Sharma,karthik.sharma168@mail.com,Female,7484817731,Brazil,1996-02-27
169,Reyansh,Gupta,reyansh.gupta169@outlook.com,Female,6012471236,France,1995-10-18
170,Krishna,Agarwal,krishna.agarwal170@outlook.com,Female,6530047075,United States,1972-04-26
171,Myra,Pillai,myra.pillai171@example.com,Female,9903413007,Australia,1967-12-31
172,Kiran,Patel,kiran.patel172@mail.com,Male,7028480897,Germany,2004-03-06
173,Krishna,Chauhan,krishna.chauhan173@mail.com,Female,6166275743,United States,1981-10-02
174,Karthik,Kashyap,karthik.kashyap174@gmail.com,Male,6599255373,Germany,2003-11-16
175,Arjun,Bose,arjun.bose175@gmail.com,Female,9600185242,Germany,1971-03-23
176,Aanya,Gupta,aanya.gupta176@gmail.com,Female,9791410710,South Africa,2006-07-19
177,Pooja,Naidu,pooja.naidu177@outlook.com,Male,8488428717,South Africa,1987-02-28
178,Sahil,Reddy,sahil.reddy178@mail.com,Male,6643669458,Canada,2002-01-29
179,Nisha,Gupta,nisha.gupta179@gmail.com,Male,7220204341,United Kingdom,1996-08-29
180,Aditya,Bhatia,aditya.bhatia180@gmail.com,Female,6823449712,South Africa,1998-02-02
181,Vihaan,Bose,vihaan.bose181@example.com,Female,6170827426,Germany,1979-05-21
182,Tarun,Patel,tarun.patel182@yahoo.com,Female,9983014104,India,1966-09-03
183,Sahil,Bose,sahil.bose183@outlook.com,Female,7534430707,United Kingdom,1966-02-01
184,Kiran,Mehta,kiran.mehta184@example.com,Female,7017825080,Australia,1980-04-24
185,Ananya,Kapoor,ananya.kapoor185@outlook.com,Male,6860719155,Germany,2003-08-05
186,Arjun,Kumar,arjun.kumar186@example.com,Female,7140173300,United Kingdom,1968-03-12
187,Aditya,Yadav,aditya.yadav187@outlook.com,Male,6100799447,United Kingdom,1982-06-05
188,Sneha,Mehta,sneha.mehta188@example.com,Female,8040822858,United Kingdom,1991-08-11
189,Vivaan,Iyer,vivaan.iyer189@example.com,Male,8108603379,United States,1991-04-28
190,Myra,Singh,myra.singh190@outlook.com,Male,7195006482,UAE,1988-07-09
191,Sunita,Patel,sunita.patel191@mail.com,Female,7125296517,Brazil,1989-03-10
192,Krishna,Kapoor,krishna.kapoor192@outlook.com,Female,7035742123,France,1995-03-04
193,Maya,Sharma,maya.sharma193@gmail.com,Male,8557061923,UAE,1980-10-21
194,Aditya,Reddy,aditya.reddy194@yahoo.com,Female,7821752571,Canada,2007-08-25
195,Krishna,Nair,krishna.nair195@example.com,Male,7835068328,United Kingdom,1975-10-01
196,Reyansh,Verma,reyansh.verma196@gmail.com,Female,6846188939,Brazil,1986-03-27
197,Karthik,Kumar,karthik.kumar197@gmail.com,Male,7678382068,Canada,1967-06-18
198,Myra,Kapoor,myra.kapoor198@yahoo.com,Male,7835792085,Canada,1986-02-06
199,Isha,Shah,isha.shah199@mail.com,Female,9005431650,Brazil,1971-09-30
200,Anil,Agarwal,anil.agarwal200@yahoo.com,Male,6098208788,United Kingdom,1979-09-26
201,Mohit,Gupta,mohit.gupta201@gmail.com,Male,7502543477,Brazil,1995-04-17
202,Vivaan,Roy,vivaan.roy202@example.com,Female,7434289411,Brazil,1967-01-13
203,Arjun,Das,arjun.das203@mail.com,Male,8968409797,Brazil,1968-06-03
204,Diya,Yadav,diya.yadav204@outlook.com,Female,7466168626,United Kingdom,1980-05-24
205,Kiran,Iyer,kiran.iyer205@mail.com,Female,7622069748,UAE,1984-02-04
206,Myra,Sharma,myra.sharma206@mail.com,Female,9322138389,UAE,1983-03-06
207,Sunita,Naidu,sunita.naidu207@example.com,Male,7346206515,Germany,2001-12-29
208,Maya,Chauhan,maya.chauhan208@mail.com,Female,8630071589,United Kingdom,1975-01-14
209,Nisha,Verma,nisha.verma209@gmail.com,Female,8188920475,Germany,1989-02-14
210,Kiran,Yadav,kiran.yadav210@outlook.com,Female,9690240022,France,1972-08-16
211,Aanya,Menon,aanya.menon211@example.com,Male,9212793669,France,1986-01-13
212,Tarun,Patel,tarun.patel212@outlook.com,Male,6187036344,UAE,1989-11-25
213,Karthik,Shah,karthik.shah213@gmail.com,Female,6478807550,United Kingdom,2004-08-23
214,Kavya,Reddy,kavya.reddy214@example.com,Female,7247421628,France,1981-03-03
215,Nisha,Shah,nisha.shah215@example.com,Female,7897941818,India,1987-04-13
216,Maya,Nair,maya.nair216@outlook.com,Female,9539912830,Germany,1983-07-08
217,Reyansh,Mehta,reyansh.mehta217@example.com,Female,8672704784,United States,1967-12-12
218,Rohan,Yadav,rohan.yadav218@yahoo.com,Female,8482412448,Germany,1979-01-23
219,Sneha,Mehta,sneha.mehta219@mail.com,Female,6190516128,South Africa,1998-07-02
220,Sahil,Das,sahil.das220@yahoo.com,Female,9534251055,United Kingdom,1994-08-18
221,Rohan,Mehta,rohan.mehta221@mail.com,Female,9906222607,Germany,1997-12-10
222,Aarav,Shah,aarav.shah222@mail.com,Male,6270981134,India,1983-04-12
223,Vihaan,Chauhan,vihaan.chauhan223@mail.com,Female,8514084111,Australia,2002-02-10
224,Priya,Chauhan,priya.chauhan224@yahoo.com,Male,9126411854,France,1970-03-08
225,Aditya,Bose,aditya.bose225@outlook.com,Male,9705876705,South Africa,1984-02-24
226,Maya,Iyer,maya.iyer226@example.com,Female,8679808622,UAE,1967-07-22
227,Sunita,Bhatt,sunita.bhatt227@mail.com,Male,7641175719,UAE,1972-08-08
228,Sneha,Reddy,sneha.reddy228@gmail.com,Male,7092906513,United Kingdom,1977-12-28
229,Sneha,Mehta,sneha.mehta229@gmail.com,Male,7625507448,UAE,1983-07-15
230,Maya,Kashyap,maya.kashyap230@gmail.com,Female,8303358919,United Kingdom,2007-05-08
231,Sunita,Trivedi,sunita.trivedi231@outlook.com,Female,8248818355,Brazil,1995-09-11
232,Diya,Khan,diya.khan232@mail.com,Female,6294829980,United States,1979-10-27
233,Aarav,Naidu,aarav.naidu233@outlook.com,Female,9227270664,Canada,1977-11-24
234,Sahil,Menon,sahil.menon234@gmail.com,Male,6753821706,Australia,1974-03-16
235,Priya,Verma,priya.verma235@example.com,Female,6300782806,South Africa,1991-12-13
236,Ananya,Roy,ananya.roy236@example.com,Female,7822254749,France,1972-02-20
237,Maya,Kapoor,maya.kapoor237@outlook.com,Male,6937188134,Australia,1970-10-11
238,Isha,Yadav,isha.yadav238@gmail.com,Female,8196982481,Germany,1996-04-06
239,Riya,Bhatt,riya.bhatt239@mail.com,Female,6343578805,UAE,1974-08-18
240,Aanya,Agarwal,aanya.agarwal240@example.com,Male,9730980571,Germany,1987-04-17
241,Arjun,Chauhan,arjun.chauhan241@example.com,Male,9788300341,France,1972-03-10
242,Ananya,Joshi,ananya.joshi242@yahoo.com,Female,9149623277,United Kingdom,1985-11-23
243,Kavya,Mehta,kavya.mehta243@outlook.com,Male,7399732120,United States,1991-01-31
244,Anil,Menon,anil.menon244@mail.com,Male,9294279691,Brazil,2007-08-26
245,Kiran,Prasad,kiran.prasad245@example.com,Male,6422500889,United Kingdom,2005-01-01
246,Reyansh,Trivedi,reyansh.trivedi246@yahoo.com,Female,7785975949,Brazil,1996-08-03
247,Karthik,Iyer,karthik.iyer247@example.com,Male,6048880811,United Kingdom,2002-04-19
248,Sai,Reddy,sai.reddy248@gmail.com,Female,7887012254,Brazil,1994-06-08
249,Aditya,Agarwal,aditya.agarwal249@example.com,Female,6927294737,UAE,1991-07-04
250,Arjun,Reddy,arjun.reddy250@yahoo.com,Male,9369356722,United States,1994-07-23
251,Mohit,Pillai,mohit.pillai251@mail.com,Male,8820297349,United States,1966-08-06
252,Krishna,Bhatt,krishna.bhatt252@outlook.com,Male,8365072088,United Kingdom,1997-12-02
253,Aditya,Mehta,aditya.mehta253@example.com,Male,6302254494,Australia,1992-03-28
254,Myra,Menon,myra.menon254@yahoo.com,Female,9793396699,United States,2005-10-31
255,Ananya,Prasad,ananya.prasad255@mail.com,Male,8019331966,United Kingdom,2001-07-12
256,Aditya,Iyer,aditya.iyer256@gmail.com,Female,8370190252,Germany,2004-08-18
257,Mohit,Menon,mohit.menon257@mail.com,Male,6190417383,Brazil,1995-05-07
258,Nisha,Patel,nisha.patel258@gmail.com,Male,9193445787,Canada,1994-04-27
259,Riya,Kapoor,riya.kapoor259@mail.com,Female,7364830366,Germany,1994-07-17
260,Krishna,Menon,krishna.menon260@example.com,Male,9292408767,Canada,1993-12-05
261,Tarun,Bose,tarun.bose261@outlook.com,Male,7705547937,Canada,2005-07-27
262,Ritu,Patel,ritu.patel262@yahoo.com,Female,7054524533,Brazil,1966-08-22
263,Krishna,Sharma,krishna.sharma263@yahoo.com,Male,8875742860,Australia,1968-05-30
264,Sunita,Gupta,sunita.gupta264@gmail.com,Female,7379375988,Australia,1970-01-04
265,Sunita,Pillai,sunita.pillai265@mail.com,Female,7983904667,UAE,1981-07-09
266,Aanya,Nair,aanya.nair266@gmail.com,Female,9040939934,France,1996-09-29
267,Maya,Trivedi,maya.trivedi267@gmail.com,Male,9586315272,Germany,2001-01-01
268,Maya,Kashyap,maya.kashyap268@outlook.com,Female,6112353428,France,1991-10-17
269,Karthik,Singh,karthik.singh269@gmail.com,Male,6111482010,Australia,2005-12-01
270,Reyansh,Naidu,reyansh.naidu270@gmail.com,Male,6315155985,United States,1997-04-26
271,Ananya,Das,ananya.das271@example.com,Female,9622753172,Brazil,1985-09-09
272,Ritu,Das,ritu.das272@gmail.com,Male,7932319999,Canada,1977-08-31
273,Anil,Reddy,anil.reddy273@example.com,Female,7054864377,UAE,1979-11-23
274,Isha,Joshi,isha.joshi274@yahoo.com,Male,6335090565,United States,1975-11-17
275,Ritu,Das,ritu.das275@mail.com,Female,9534135328,France,1984-09-21
276,Aanya,Pillai,aanya.pillai276@gmail.com,Male,9518320732,United States,1982-04-26
277,Anil,Verma,anil.verma277@example.com,Male,8163987257,UAE,2002-02-14
278,Sai,Prasad,sai.prasad278@example.com,Male,8062737821,France,1983-04-22
279,Pooja,Verma,pooja.verma279@yahoo.com,Female,8925810931,United States,1988-09-01
280,Reyansh,Kapoor,reyansh.kapoor280@outlook.com,Female,6056687866,Canada,1972-04-19
281,Sunita,Kapoor,sunita.kapoor281@outlook.com,Male,7910148659,United Kingdom,1971-06-30
282,Aditya,Menon,aditya.menon282@outlook.com,Male,8296624131,India,2003-12-27
283,Myra,Verma,myra.verma283@yahoo.com,Female,7984411917,Canada,2001-11-11
284,Karthik,Nair,karthik.nair284@yahoo.com,Female,9053293916,Germany,1995-01-26
285,Sahil,Verma,sahil.verma285@yahoo.com,Female,6827476720,France,1973-03-16
286,Myra,Pillai,myra.pillai286@example.com,Male,7260920670,United Kingdom,1987-06-09
287,Riya,Mehta,riya.mehta287@gmail.com,Male,6534242050,Canada,1966-01-31
288,Reyansh,Menon,reyansh.menon288@gmail.com,Female,8258602276,South Africa,2003-07-28
289,Reyansh,Khan,reyansh.khan289@yahoo.com,Female,7672063145,France,1982-12-31
290,Aarav,Agarwal,aarav.agarwal290@mail.com,Female,7612645880,United States,1989-05-26
291,Ananya,Shah,ananya.shah291@example.com,Female,9206479722,United Kingdom,1995-04-08
292,Sara,Nair,sara.nair292@yahoo.com,Female,9289978480,Brazil,1995-03-19
293,Sneha,Prasad,sneha.prasad293@mail.com,Female,6743693241,South Africa,1991-11-24
294,Krishna,Pillai,krishna.pillai294@yahoo.com,Male,8855361763,France,2000-03-21
295,Ritu,Mehta,ritu.mehta295@example.com,Female,6828015219,India,1979-12-17
296,Anil,Gupta,anil.gupta296@outlook.com,Female,9470495722,UAE,2007-04-13
297,Arjun,Naidu,arjun.naidu297@example.com,Male,8794571883,India,1987-04-20
298,Sara,Kashyap,sara.kashyap298@mail.com,Female,6790890655,Germany,2002-07-31
299,Pooja,Kapoor,pooja.kapoor299@yahoo.com,Female,8368891605,France,1986-10-14
300,Aanya,Pillai,aanya.pillai300@yahoo.com,Male,6481586212,United Kingdom,1984-01-24
301,Vivaan,Shah,vivaan.shah301@gmail.com,Male,8939293098,United States,1976-10-06
302,Kavya,Ghosh,kavya.ghosh302@gmail.com,Male,6012388908,South Africa,1982-01-22
303,Riya,Yadav,riya.yadav303@outlook.com,Male,8450911316,United States,2006-05-10
304,Myra,Shah,myra.shah304@example.com,Female,6086606939,France,2001-02-11
305,Aarav,Ghosh,aarav.ghosh305@yahoo.com,Male,8811910856,Germany,1996-11-13
306,Aditya,Gupta,aditya.gupta306@gmail.com,Male,6913264360,UAE,1976-11-18
307,Priya,Nair,priya.nair307@yahoo.com,Female,7701804037,United Kingdom,1980-01-27
308,Maya,Prasad,maya.prasad308@yahoo.com,Male,6339850189,United States,2006-06-01
309,Reyansh,Roy,reyansh.roy309@gmail.com,Female,6184155103,UAE,1983-07-30
310,Arjun,Prasad,arjun.prasad310@gmail.com,Female,6110126327,Germany,2007-08-23
311,Sneha,Roy,sneha.roy311@example.com,Male,9899389516,United States,1990-08-15
312,Sneha,Agarwal,sneha.agarwal312@example.com,Female,8442237907,UAE,1998-08-28
313,Aditya,Pillai,aditya.pillai313@outlook.com,Female,9303282594,United States,2005-11-06
314,Priya,Roy,priya.roy314@mail.com,Female,9163460298,United States,1969-03-18
315,Myra,Nair,myra.nair315@gmail.com,Female,9704443503,India,1998-11-21
316,Nisha,Menon,nisha.menon316@mail.com,Male,8562948948,United States,2007-10-25
317,Priya,Verma,priya.verma317@gmail.com,Male,8384344834,UAE,1981-11-06
318,Maya,Roy,maya.roy318@mail.com,Female,8699632445,Brazil,1972-01-23
319,Sahil,Nair,sahil.nair319@gmail.com,Male,8120506423,United States,1990-11-17
320,Mohit,Sharma,mohit.sharma320@yahoo.com,Female,9516444769,Australia,1991-03-10
321,Sahil,Trivedi,sahil.trivedi321@outlook.com,Male,6012351020,United Kingdom,2004-01-12
322,Mohit,Prasad,mohit.prasad322@yahoo.com,Female,7432489290,United Kingdom,2001-04-30
323,Sahil,Bhatia,sahil.bhatia323@example.com,Female,7915110573,Brazil,1971-02-23
324,Reyansh,Singh,reyansh.singh324@example.com,Male,7027916551,France,1981-05-02
325,Krishna,Chauhan,krishna.chauhan325@mail.com,Female,8599918129,India,1988-04-14
326,Nisha,Ghosh,nisha.ghosh326@mail.com,Male,6465027953,South Africa,1991-02-28
327,Kavya,Nair,kavya.nair327@outlook.com,Male,7372618789,South Africa,2000-05-10
328,Riya,Ghosh,riya.ghosh328@yahoo.com,Male,9000789591,Australia,2002-01-16
329,Pooja,Bhatia,pooja.bhatia329@mail.com,Female,7908982970,South Africa,1971-08-27
330,Krishna,Nair,krishna.nair330@yahoo.com,Female,7703874070,Brazil,1980-08-18
331,Nisha,Verma,nisha.verma331@gmail.com,Male,7157981649,United Kingdom,1994-04-09
332,Mohit,Gupta,mohit.gupta332@example.com,Male,9414046399,South Africa,1977-05-23
333,Priya,Naidu,priya.naidu333@gmail.com,Female,6685776519,Australia,1975-04-09
334,Sahil,Prasad,sahil.prasad334@yahoo.com,Male,7120550115,United Kingdom,2004-03-17
335,Nisha,Kumar,nisha.kumar335@outlook.com,Male,7908146959,Brazil,1992-04-24
336,Anil,Bhatia,anil.bhatia336@gmail.com,Female,7854392842,UAE,1977-11-20
337,Kiran,Gupta,kiran.gupta337@mail.com,Female,6412077722,United Kingdom,1972-03-23
338,Isha,Bhatia,isha.bhatia338@example.com,Female,8414395387,Brazil,1974-04-18
339,Sara,Nair,sara.nair339@yahoo.com,Female,6381049166,Australia,2005-02-20
340,Nisha,Bhatt,nisha.bhatt340@mail.com,Female,6368303749,Australia,1967-06-14
341,Kavya,Iyer,kavya.iyer341@example.com,Male,8818619721,UAE,1995-09-23
342,Sai,Kashyap,sai.kashyap342@mail.com,Female,7823182359,Germany,1984-07-21
343,Ritu,Naidu,ritu.naidu343@mail.com,Male,7533199454,Brazil,1994-10-12
344,Aanya,Kumar,aanya.kumar344@yahoo.com,Male,7575147106,United Kingdom,1983-10-17
345,Arjun,Joshi,arjun.joshi345@outlook.com,Female,9821491224,India,1984-01-05
346,Priya,Gupta,priya.gupta346@gmail.com,Female,7022134625,South Africa,1996-10-08
347,Arjun,Shah,arjun.shah347@yahoo.com,Male,8664839438,South Africa,2007-03-18
348,Myra,Kapoor,myra.kapoor348@gmail.com,Male,8148520268,France,2000-10-31
349,Kavya,Ghosh,kavya.ghosh349@mail.com,Male,6102100282,Australia,1993-02-03
350,Myra,Nair,myra.nair350@example.com,Male,9689240891,Canada,1968-11-16
351,Anil,Sharma,anil.sharma351@gmail.com,Female,7432624243,United States,1968-09-12
352,Aarav,Mehta,aarav.mehta352@yahoo.com,Female,7658915327,India,1993-01-18
353,Tarun,Ghosh,tarun.ghosh353@gmail.com,Female,9639750721,South Africa,1972-06-10
354,Anil,Verma,anil.verma354@example.com,Female,8299700554,Germany,1985-01-16
355,Sai,Das,sai.das355@example.com,Female,6695291878,United Kingdom,1992-07-30
356,Mohit,Kashyap,mohit.kashyap356@gmail.com,Female,9568931263,Germany,1980-11-16
357,Anil,Naidu,anil.naidu357@example.com,Male,8256395222,Germany,1973-04-07
358,Anil,Patel,anil.patel358@outlook.com,Male,6669167229,UAE,1986-07-11
359,Diya,Bhatt,diya.bhatt359@example.com,Male,7719948564,Canada,2007-02-21
360,Vivaan,Mehta,vivaan.mehta360@outlook.com,Female,9223530299,Australia,1989-04-06
361,Mohit,Ghosh,mohit.ghosh361@mail.com,Female,8131966997,Australia,2003-01-17
362,Mohit,Kumar,mohit.kumar362@example.com,Female,8707530467,UAE,2005-06-28
363,Sai,Iyer,sai.iyer363@mail.com,Male,8486461803,Brazil,1974-03-15
364,Reyansh,Kashyap,reyansh.kashyap364@outlook.com,Male,9374376213,India,2006-03-29
365,Krishna,Agarwal,krishna.agarwal365@yahoo.com,Female,6984779134,Germany,1985-06-13
366,Sai,Nair,sai.nair366@mail.com,Male,7745600515,United States,2000-09-25
367,Aditya,Mehta,aditya.mehta367@example.com,Male,9362158167,UAE,1992-12-10
368,Ananya,Naidu,ananya.naidu368@example.com,Female,9570983871,Germany,1970-06-28
369,Kiran,Agarwal,kiran.agarwal369@mail.com,Male,9450478156,Germany,1989-03-23
370,Vihaan,Patel,vihaan.patel370@outlook.com,Female,6725992914,Germany,1980-10-15
371,Kiran,Khan,kiran.khan371@example.com,Female,9875587008,United States,1972-02-12
372,Pooja,Das,pooja.das372@outlook.com,Male,8203168280,Canada,1999-08-01
373,Sunita,Kashyap,sunita.kashyap373@yahoo.com,Male,9793993050,UAE,1980-11-13
374,Isha,Sharma,isha.sharma374@mail.com,Male,8904417363,United States,1976-06-24
375,Aditya,Kashyap,aditya.kashyap375@yahoo.com,Female,9261822765,France,1981-04-24
376,Kiran,Yadav,kiran.yadav376@gmail.com,Female,9631590743,South Africa,1986-05-22
377,Nisha,Prasad,nisha.prasad377@mail.com,Male,8915111070,UAE,1986-11-12
378,Sahil,Bose,sahil.bose378@example.com,Male,6113162106,Australia,1990-06-14
379,Sai,Malhotra,sai.malhotra379@outlook.com,Female,8376478858,Australia,2002-05-22
380,Sai,Menon,sai.menon380@yahoo.com,Male,8282608123,South Africa,2002-08-21
381,Sai,Bhatt,sai.bhatt381@outlook.com,Female,6544145603,Germany,1992-12-02
382,Mohit,Singh,mohit.singh382@yahoo.com,Male,7963311010,United Kingdom,2004-12-23
383,Ritu,Bose,ritu.bose383@yahoo.com,Male,6796469183,Australia,1971-02-17
384,Arjun,Yadav,arjun.yadav384@outlook.com,Male,7828819412,India,1967-02-04
385,Aditya,Reddy,aditya.reddy385@yahoo.com,Male,8452778000,United Kingdom,2000-10-15
386,Sunita,Mehta,sunita.mehta386@outlook.com,Male,8441603204,France,1995-02-22
387,Nisha,Patel,nisha.patel387@yahoo.com,Male,7132754160,United States,1999-07-09
388,Sai,Malhotra,sai.malhotra388@outlook.com,Male,6209092532,UAE,1980-06-04
389,Riya,Verma,riya.verma389@gmail.com,Female,6543324740,UAE,1992-05-10
390,Reyansh,Iyer,reyansh.iyer390@yahoo.com,Male,7548402360,United Kingdom,1987-03-11
391,Tarun,Kapoor,tarun.kapoor391@yahoo.com,Female,7162432137,Germany,1966-01-03
392,Priya,Das,priya.das392@gmail.com,Female,6506614913,South Africa,1994-05-10
393,Aditya,Naidu,aditya.naidu393@outlook.com,Female,9140004213,France,1969-10-19
394,Vivaan,Joshi,vivaan.joshi394@example.com,Male,8624686083,Canada,1990-11-06
395,Sunita,Verma,sunita.verma395@outlook.com,Female,7738806432,Brazil,1982-10-09
396,Riya,Bhatia,riya.bhatia396@example.com,Female,8606970369,Brazil,1999-11-13
397,Arjun,Bose,arjun.bose397@gmail.com,Female,6874512641,India,1979-05-08
398,Rohan,Prasad,rohan.prasad398@outlook.com,Female,8949126718,United Kingdom,1987-06-08
399,Krishna,Verma,krishna.verma399@outlook.com,Female,8341596563,Brazil,1988-03-10
400,Maya,Nair,maya.nair400@mail.com,Male,9993509059,Germany,1967-03-09
401,Rohan,Joshi,rohan.joshi401@yahoo.com,Male,6473339483,United Kingdom,2007-05-26
402,Sai,Das,sai.das402@example.com,Male,7518247057,France,1980-04-26
403,Sneha,Reddy,sneha.reddy403@gmail.com,Female,6279869325,South Africa,1983-06-07
404,Riya,Agarwal,riya.agarwal404@example.com,Female,7439622375,South Africa,1979-05-21
405,Sara,Pillai,sara.pillai405@mail.com,Female,7428372899,India,1993-05-21
406,Sahil,Malhotra,sahil.malhotra406@outlook.com,Female,9564445573,Germany,1991-03-25
407,Arjun,Mehta,arjun.mehta407@outlook.com,Female,8613443993,South Africa,2001-12-22
408,Pooja,Verma,pooja.verma408@gmail.com,Male,6485497148,India,2007-07-18
409,Krishna,Das,krishna.das409@outlook.com,Male,8939830075,UAE,2003-12-17
410,Nisha,Yadav,nisha.yadav410@mail.com,Female,6078072596,Brazil,1984-09-28
411,Sneha,Nair,sneha.nair411@gmail.com,Female,8222245184,India,1966-09-05
412,Tarun,Roy,tarun.roy412@example.com,Male,8647987453,United States,1999-03-12
413,Vivaan,Das,vivaan.das413@gmail.com,Female,8102956350,UAE,1974-01-29
414,Anil,Yadav,anil.yadav414@mail.com,Male,8540824483,UAE,2002-06-01
415,Anil,Das,anil.das415@yahoo.com,Male,8343362603,UAE,1992-09-02
416,Anil,Mehta,anil.mehta416@mail.com,Male,7423337336,UAE,1991-10-25
417,Myra,Chauhan,myra.chauhan417@yahoo.com,Female,6838625308,Germany,1996-08-25
418,Krishna,Iyer,krishna.iyer418@gmail.com,Female,7922772017,South Africa,2002-08-24
419,Kavya,Mehta,kavya.mehta419@outlook.com,Male,9994402934,United States,1990-01-27
420,Sai,Agarwal,sai.agarwal420@gmail.com,Female,6563648438,Canada,1982-06-04
421,Kavya,Ghosh,kavya.ghosh421@yahoo.com,Male,9811639417,Australia,1991-05-28
422,Pooja,Bhatia,pooja.bhatia422@example.com,Female,8092773741,South Africa,1978-03-18
423,Sara,Naidu,sara.naidu423@yahoo.com,Female,8227192358,Australia,1998-08-21
424,Mohit,Das,mohit.das424@yahoo.com,Male,7201089836,Canada,1968-05-25
425,Riya,Shah,riya.shah425@example.com,Female,9118447368,Canada,1971-08-19
426,Arjun,Kumar,arjun.kumar426@outlook.com,Female,9385017721,Australia,2005-02-25
427,Arjun,Khan,arjun.khan427@gmail.com,Female,7307793858,UAE,1982-02-10
428,Aarav,Das,aarav.das428@yahoo.com,Female,8391376193,Australia,1970-06-06
429,Kiran,Das,kiran.das429@example.com,Female,9022275103,United Kingdom,1969-10-17
430,Aditya,Chauhan,aditya.chauhan430@gmail.com,Female,9714139774,Germany,2007-06-22
431,Rohan,Prasad,rohan.prasad431@example.com,Male,9555858653,India,1994-08-03
432,Kiran,Nair,kiran.nair432@example.com,Male,7399906383,United States,1997-11-13
433,Rohan,Roy,rohan.roy433@example.com,Female,8878894897,UAE,1967-04-19
434,Sunita,Kashyap,sunita.kashyap434@outlook.com,Male,8403999894,Brazil,1982-02-02
435,Ananya,Patel,ananya.patel435@yahoo.com,Female,9442380256,France,1982-03-15
436,Aarav,Agarwal,aarav.agarwal436@outlook.com,Male,7212472103,Australia,1978-09-29
437,Maya,Malhotra,maya.malhotra437@mail.com,Female,9236132843,France,1968-06-25
438,Rohan,Kapoor,rohan.kapoor438@mail.com,Male,9526758240,Brazil,1983-01-12
439,Myra,Nair,myra.nair439@gmail.com,Female,8161436057,Australia,1988-12-29
440,Krishna,Verma,krishna.verma440@mail.com,Female,7354053649,UAE,2007-01-22
441,Kiran,Gupta,kiran.gupta441@yahoo.com,Male,8358555022,Australia,1968-03-10
442,Rohan,Khan,rohan.khan442@outlook.com,Female,8836065672,India,1983-07-23
443,Aditya,Prasad,aditya.prasad443@gmail.com,Male,6898394531,Canada,1967-03-20
444,Myra,Ghosh,myra.ghosh444@gmail.com,Male,9914015490,Australia,1983-11-02
445,Ananya,Das,ananya.das445@mail.com,Female,9894107012,France,1980-08-22
446,Mohit,Chauhan,mohit.chauhan446@outlook.com,Female,6247886897,France,1995-01-18
447,Anil,Malhotra,anil.malhotra447@yahoo.com,Female,6920743243,India,1967-11-20
448,Karthik,Pillai,karthik.pillai448@gmail.com,Male,6777387757,India,1973-10-31
449,Reyansh,Yadav,reyansh.yadav449@yahoo.com,Female,9675599323,Germany,1974-09-02
450,Aanya,Bhatt,aanya.bhatt450@mail.com,Female,9828779948,Canada,1967-09-28
451,Sai,Shah,sai.shah451@yahoo.com,Female,7651024872,India,1976-08-06
452,Vihaan,Menon,vihaan.menon452@mail.com,Male,8991295179,UAE,1978-11-03
453,Ananya,Agarwal,ananya.agarwal453@mail.com,Male,7984275746,United Kingdom,1980-04-24
454,Maya,Nair,maya.nair454@mail.com,Male,7570721433,France,1996-11-18
455,Isha,Malhotra,isha.malhotra455@outlook.com,Female,8879221711,United Kingdom,1998-12-05
456,Karthik,Khan,karthik.khan456@yahoo.com,Female,7409310490,United Kingdom,2004-09-08
457,Rohan,Ghosh,rohan.ghosh457@outlook.com,Female,8871479727,UAE,2000-02-10
458,Kiran,Joshi,kiran.joshi458@outlook.com,Female,7630206116,UAE,1973-10-23
459,Priya,Prasad,priya.prasad459@example.com,Female,9689443571,South Africa,1975-12-31
460,Arjun,Shah,arjun.shah460@example.com,Male,6805905515,Germany,2002-07-28
461,Nisha,Bhatia,nisha.bhatia461@gmail.com,Male,7260901088,India,1969-10-01
462,Tarun,Kumar,tarun.kumar462@outlook.com,Male,8624282957,France,2006-03-30
463,Reyansh,Iyer,reyansh.iyer463@gmail.com,Female,7894364345,Canada,1997-06-25
464,Vihaan,Malhotra,vihaan.malhotra464@example.com,Male,9908351715,India,2003-08-30
465,Kiran,Ghosh,kiran.ghosh465@mail.com,Male,6976933821,Brazil,1979-05-20
466,Mohit,Bhatt,mohit.bhatt466@gmail.com,Female,6528014107,United Kingdom,1994-10-30
467,Arjun,Iyer,arjun.iyer467@mail.com,Male,9774153616,Germany,1982-05-11
468,Karthik,Kapoor,karthik.kapoor468@yahoo.com,Male,7506217246,Canada,1989-12-21
469,Rohan,Gupta,rohan.gupta469@mail.com,Male,7081815687,France,1985-05-06
470,Vihaan,Shah,vihaan.shah470@outlook.com,Male,7640105065,UAE,2000-02-06
471,Nisha,Khan,nisha.khan471@yahoo.com,Female,9071441280,UAE,1990-08-07
472,Vihaan,Pillai,vihaan.pillai472@mail.com,Female,8255177966,Brazil,1972-03-31
473,Tarun,Ghosh,tarun.ghosh473@gmail.com,Male,8902600739,United States,1987-02-17
474,Myra,Pillai,myra.pillai474@gmail.com,Female,6220276093,India,1979-06-10
475,Reyansh,Sharma,reyansh.sharma475@gmail.com,Female,9701479980,Canada,1985-09-28
476,Sara,Shah,sara.shah476@gmail.com,Male,7816970510,United States,1980-04-21
477,Kiran,Prasad,kiran.prasad477@mail.com,Male,9739212831,India,1990-08-13
478,Maya,Joshi,maya.joshi478@mail.com,Female,6436315577,United States,1974-03-15
479,Sahil,Yadav,sahil.yadav479@yahoo.com,Male,7079049790,UAE,1972-01-06
480,Diya,Yadav,diya.yadav480@mail.com,Female,8763007227,United States,2001-11-26
481,Myra,Prasad,myra.prasad481@yahoo.com,Male,7794672337,UAE,1990-07-27
482,Arjun,Menon,arjun.menon482@example.com,Female,9537601583,Australia,1994-09-25
483,Ananya,Kashyap,ananya.kashyap483@example.com,Male,6368553899,South Africa,1998-06-14
484,Ananya,Bose,ananya.bose484@mail.com,Female,6207110934,Australia,1974-12-25
485,Aanya,Iyer,aanya.iyer485@example.com,Female,9897876412,Germany,1979-10-05
486,Nisha,Agarwal,nisha.agarwal486@example.com,Female,9717232610,Canada,1979-09-05
487,Maya,Naidu,maya.naidu487@mail.com,Male,7797882399,France,1983-12-20
488,Riya,Ghosh,riya.ghosh488@outlook.com,Female,8396810884,India,1981-08-04
489,Riya,Iyer,riya.iyer489@mail.com,Male,7977273729,Australia,1995-11-11
490,Reyansh,Gupta,reyansh.gupta490@outlook.com,Male,9115448515,Germany,1996-01-21
491,Rohan,Prasad,rohan.prasad491@gmail.com,Male,9090423503,Canada,1976-01-18
492,Ananya,Naidu,ananya.naidu492@gmail.com,Male,8548710494,France,1987-03-13
493,Rohan,Yadav,rohan.yadav493@outlook.com,Male,6119221471,France,1992-06-18
494,Vivaan,Menon,vivaan.menon494@yahoo.com,Female,9794194629,Australia,1978-01-26
495,Myra,Joshi,myra.joshi495@example.com,Male,9937795756,United Kingdom,1987-01-24
496,Vivaan,Kapoor,vivaan.kapoor496@outlook.com,Male,6043711480,UAE,1966-01-06
497,Sneha,Trivedi,sneha.trivedi497@gmail.com,Female,9600755715,Canada,1980-09-05
498,Isha,Das,isha.das498@yahoo.com,Female,6888167130,Australia,1978-01-03
499,Sara,Kumar,sara.kumar499@outlook.com,Male,8986443351,South Africa,1992-08-22
500,Sahil,Agarwal,sahil.agarwal500@gmail.com,Female,9811771315,South Africa,1972-05-21
501,Anil,Joshi,anil.joshi501@yahoo.com,Male,9179293369,France,1991-06-21
502,Karthik,Mehta,karthik.mehta502@outlook.com,Female,6467563573,United Kingdom,2005-01-30
503,Ananya,Iyer,ananya.iyer503@yahoo.com,Female,9896983088,UAE,1975-11-16
504,Rohan,Roy,rohan.roy504@example.com,Male,8339318515,France,1984-03-19
505,Vihaan,Reddy,vihaan.reddy505@mail.com,Female,8474624293,France,1967-06-28
506,Vihaan,Ghosh,vihaan.ghosh506@outlook.com,Male,9917061600,United Kingdom,2002-08-04
507,Sara,Bhatt,sara.bhatt507@example.com,Female,9442821061,Germany,1988-04-20
508,Sara,Roy,sara.roy508@example.com,Female,7738007278,Australia,1979-02-23
509,Rohan,Gupta,rohan.gupta509@yahoo.com,Female,6503080661,Canada,1989-11-24
510,Ritu,Agarwal,ritu.agarwal510@outlook.com,Female,7250430410,Germany,2004-02-22
511,Maya,Trivedi,maya.trivedi511@mail.com,Male,8795004074,India,1980-03-12
512,Vihaan,Reddy,vihaan.reddy512@yahoo.com,Male,9897381886,Canada,1986-12-01
513,Sneha,Prasad,sneha.prasad513@gmail.com,Female,7499675810,United Kingdom,1980-01-05
514,Sara,Bose,sara.bose514@yahoo.com,Female,7572223562,Australia,1998-12-12
515,Aanya,Kapoor,aanya.kapoor515@outlook.com,Male,7954304001,Australia,1991-04-01
516,Ananya,Chauhan,ananya.chauhan516@mail.com,Male,9506120302,India,1980-05-20
517,Mohit,Iyer,mohit.iyer517@mail.com,Male,9739553559,South Africa,1987-09-19
518,Aarav,Pillai,aarav.pillai518@outlook.com,Male,9413900498,Brazil,1994-03-19
519,Sunita,Joshi,sunita.joshi519@gmail.com,Male,8198055346,India,1997-06-14
520,Sunita,Reddy,sunita.reddy520@outlook.com,Male,6030838592,Germany,1993-09-09
521,Rohan,Singh,rohan.singh521@example.com,Male,6313162290,Canada,2001-11-18
522,Sai,Nair,sai.nair522@mail.com,Female,8288555284,France,1977-02-10
523,Mohit,Verma,mohit.verma523@example.com,Female,9867249215,UAE,2000-05-31
524,Isha,Bhatia,isha.bhatia524@example.com,Male,9961126617,South Africa,1971-01-13
525,Ananya,Gupta,ananya.gupta525@example.com,Male,8491626557,Brazil,1980-11-26
526,Karthik,Kumar,karthik.kumar526@yahoo.com,Male,6888805192,Canada,1971-09-20
527,Sara,Gupta,sara.gupta527@gmail.com,Female,6286486156,Germany,2005-08-23
528,Aanya,Verma,aanya.verma528@gmail.com,Male,7504645763,United States,1988-05-25
529,Karthik,Joshi,karthik.joshi529@example.com,Female,8001325052,Brazil,1973-12-27
530,Sneha,Nair,sneha.nair530@gmail.com,Female,8461294891,Australia,1973-03-17
531,Arjun,Pillai,arjun.pillai531@example.com,Female,8716105260,United Kingdom,1987-08-31
532,Riya,Nair,riya.nair532@mail.com,Female,9793779615,UAE,1989-01-16
533,Reyansh,Das,reyansh.das533@mail.com,Female,7036736171,South Africa,1992-07-04
534,Krishna,Kashyap,krishna.kashyap534@mail.com,Male,7367904578,Australia,1982-10-29
535,Riya,Bose,riya.bose535@outlook.com,Male,9322036138,Canada,1973-03-07
536,Myra,Iyer,myra.iyer536@gmail.com,Female,9517139896,India,2007-08-06
537,Sara,Bhatt,sara.bhatt537@yahoo.com,Male,6112257964,UAE,1986-05-12
538,Ritu,Bose,ritu.bose538@mail.com,Male,6056184620,United Kingdom,1978-07-30
539,Sneha,Menon,sneha.menon539@yahoo.com,Male,9521949536,France,1985-01-18
540,Myra,Mehta,myra.mehta540@gmail.com,Female,8364025543,France,1976-08-23
541,Ananya,Reddy,ananya.reddy541@mail.com,Male,8289048051,Australia,1967-10-23
542,Anil,Shah,anil.shah542@outlook.com,Female,8251619226,Canada,1970-10-23
543,Riya,Verma,riya.verma543@gmail.com,Male,9911295051,UAE,1968-06-21
544,Riya,Kumar,riya.kumar544@example.com,Male,9397573080,United Kingdom,1991-02-12
545,Vihaan,Agarwal,vihaan.agarwal545@yahoo.com,Male,6173644905,India,1974-12-02
546,Anil,Naidu,anil.naidu546@yahoo.com,Male,7766601581,South Africa,1998-10-27
547,Arjun,Menon,arjun.menon547@yahoo.com,Female,9516839697,Brazil,1991-04-30
548,Kavya,Iyer,kavya.iyer548@outlook.com,Male,9280189992,Brazil,1999-06-15
549,Nisha,Bose,nisha.bose549@yahoo.com,Female,7365105534,Australia,1967-06-01
550,Aanya,Kapoor,aanya.kapoor550@mail.com,Female,9650491761,South Africa,1974-10-04
551,Pooja,Khan,pooja.khan551@outlook.com,Male,6435346777,Canada,1987-03-17
552,Isha,Pillai,isha.pillai552@example.com,Male,6723751577,Canada,1998-08-02
553,Mohit,Verma,mohit.verma553@mail.com,Male,7970004465,United Kingdom,1974-07-02
554,Isha,Khan,isha.khan554@example.com,Male,7519134542,South Africa,1978-11-14
555,Aanya,Malhotra,aanya.malhotra555@example.com,Female,8164317228,United Kingdom,1986-05-17
556,Sara,Naidu,sara.naidu556@example.com,Male,8258732936,India,1969-01-02
557,Reyansh,Verma,reyansh.verma557@example.com,Female,9340800518,South Africa,2003-05-18
558,Mohit,Prasad,mohit.prasad558@yahoo.com,Female,6882267852,France,1986-08-21
559,Vihaan,Mehta,vihaan.mehta559@yahoo.com,Male,7725412519,Brazil,1985-02-15
560,Karthik,Sharma,karthik.sharma560@gmail.com,Male,9315590732,France,1978-01-24
561,Sai,Malhotra,sai.malhotra561@yahoo.com,Male,6489656905,France,1971-04-20
562,Mohit,Singh,mohit.singh562@example.com,Female,9415659554,United States,1976-11-07
563,Tarun,Naidu,tarun.naidu563@example.com,Female,6223318629,United Kingdom,1970-01-22
564,Rohan,Iyer,rohan.iyer564@example.com,Female,6286621634,Brazil,1977-08-13
565,Reyansh,Bose,reyansh.bose565@example.com,Male,9029750532,United States,1979-07-24
566,Krishna,Trivedi,krishna.trivedi566@outlook.com,Female,8961106646,United Kingdom,2003-10-22
567,Priya,Ghosh,priya.ghosh567@yahoo.com,Male,7411153221,Germany,1977-06-20
568,Vivaan,Menon,vivaan.menon568@yahoo.com,Female,7441142774,South Africa,1993-08-20
569,Sunita,Das,sunita.das569@outlook.com,Female,8533472363,Germany,1984-12-18
570,Ananya,Nair,ananya.nair570@gmail.com,Female,8054767961,United Kingdom,1975-05-16
571,Sunita,Singh,sunita.singh571@mail.com,Female,8499284205,Australia,2000-07-27
572,Krishna,Khan,krishna.khan572@outlook.com,Female,9685693791,Brazil,1991-09-15
573,Vivaan,Kashyap,vivaan.kashyap573@yahoo.com,Male,9546550002,Brazil,1971-09-20
574,Vivaan,Shah,vivaan.shah574@yahoo.com,Female,6943684635,Australia,1968-08-13
575,Aarav,Roy,aarav.roy575@outlook.com,Female,8736858069,UAE,2000-05-16
576,Aanya,Naidu,aanya.naidu576@mail.com,Female,8852124760,United States,2004-03-28
577,Nisha,Malhotra,nisha.malhotra577@example.com,Male,7480329546,France,1987-03-29
578,Riya,Nair,riya.nair578@gmail.com,Female,6332740223,France,1991-04-12
579,Maya,Chauhan,maya.chauhan579@yahoo.com,Female,6789416470,Germany,1980-09-13
580,Aanya,Sharma,aanya.sharma580@yahoo.com,Male,7312633629,South Africa,1986-10-02
581,Arjun,Mehta,arjun.mehta581@example.com,Male,9333191943,Canada,1977-08-30
582,Sneha,Prasad,sneha.prasad582@outlook.com,Female,7350235174,Canada,1988-10-27
583,Kavya,Das,kavya.das583@example.com,Male,9080096992,Canada,1989-10-08
584,Sahil,Verma,sahil.verma584@gmail.com,Female,9174287828,UAE,2003-01-15
585,Riya,Menon,riya.menon585@yahoo.com,Female,6166065867,Germany,1986-05-08
586,Vivaan,Mehta,vivaan.mehta586@outlook.com,Male,9773386812,South Africa,1982-11-30
587,Kiran,Agarwal,kiran.agarwal587@yahoo.com,Male,8174750439,India,1991-06-04
588,Tarun,Kumar,tarun.kumar588@example.com,Male,8610056038,Canada,1983-04-24
589,Sneha,Prasad,sneha.prasad589@outlook.com,Male,7471048978,Brazil,1992-01-31
590,Sara,Verma,sara.verma590@example.com,Male,8400198634,UAE,1978-09-22
591,Karthik,Pillai,karthik.pillai591@gmail.com,Male,6137810808,Canada,1994-08-15
592,Isha,Bose,isha.bose592@example.com,Male,7140482153,UAE,1999-08-19
593,Aarav,Verma,aarav.verma593@yahoo.com,Male,8254216782,Brazil,1972-06-12
594,Kavya,Ghosh,kavya.ghosh594@gmail.com,Male,6283868122,Brazil,1974-07-26
595,Reyansh,Naidu,reyansh.naidu595@example.com,Female,7208773818,United States,1995-12-16
596,Priya,Kumar,priya.kumar596@mail.com,Male,8728641523,India,1980-12-25
597,Krishna,Kashyap,krishna.kashyap597@example.com,Female,8201475323,Australia,1985-01-05
598,Sunita,Yadav,sunita.yadav598@outlook.com,Female,6976457447,United States,2000-02-11
599,Kavya,Das,kavya.das599@outlook.com,Male,6557959029,Canada,1981-01-27
600,Aanya,Kumar,aanya.kumar600@gmail.com,Female,7852126586,Brazil,2007-08-14
601,Arjun,Verma,arjun.verma601@yahoo.com,Male,8406847981,United States,1994-08-30
602,Anil,Iyer,anil.iyer602@gmail.com,Male,6031628802,India,2002-10-10
603,Reyansh,Trivedi,reyansh.trivedi603@mail.com,Female,8462897557,South Africa,1978-05-01
604,Sahil,Ghosh,sahil.ghosh604@example.com,Female,7959107029,Germany,1994-12-28
605,Anil,Sharma,anil.sharma605@gmail.com,Female,9240126883,United Kingdom,1981-06-09
606,Isha,Roy,isha.roy606@outlook.com,Male,7305564964,United Kingdom,1976-07-23
607,Kavya,Gupta,kavya.gupta607@gmail.com,Female,6669575528,South Africa,1973-12-06
608,Aditya,Mehta,aditya.mehta608@yahoo.com,Female,9188442513,France,1980-01-14
609,Krishna,Pillai,krishna.pillai609@gmail.com,Male,7123208272,United Kingdom,1995-01-10
610,Karthik,Kashyap,karthik.kashyap610@outlook.com,Female,8621887106,Canada,1996-04-14
611,Sara,Bhatia,sara.bhatia611@outlook.com,Male,9497498553,South Africa,1967-03-21
612,Kiran,Khan,kiran.khan612@outlook.com,Male,6374035182,Germany,2001-06-22
613,Sara,Joshi,sara.joshi613@mail.com,Male,6800229595,Brazil,1983-09-18
614,Priya,Reddy,priya.reddy614@mail.com,Female,7954269302,UAE,1983-07-29
615,Vihaan,Gupta,vihaan.gupta615@gmail.com,Male,6430567799,Germany,1989-03-02
616,Anil,Pillai,anil.pillai616@mail.com,Female,6699665836,Canada,1966-02-09
617,Nisha,Iyer,nisha.iyer617@yahoo.com,Female,6662281956,Canada,1996-01-21
618,Aditya,Ghosh,aditya.ghosh618@outlook.com,Female,8083347876,Canada,1992-11-14
619,Myra,Malhotra,myra.malhotra619@mail.com,Female,7072462111,Canada,2004-07-19
620,Sai,Pillai,sai.pillai620@outlook.com,Male,9912785990,France,1984-09-11
621,Pooja,Mehta,pooja.mehta621@gmail.com,Male,6353479772,Canada,1990-02-11
622,Diya,Kapoor,diya.kapoor622@outlook.com,Female,6263232692,India,1994-04-12
623,Kavya,Bhatia,kavya.bhatia623@yahoo.com,Male,9602418633,Brazil,1996-04-25
624,Isha,Roy,isha.roy624@gmail.com,Female,9581478922,United Kingdom,2003-07-06
625,Ritu,Das,ritu.das625@mail.com,Female,6285870512,United States,1970-05-19
626,Ritu,Verma,ritu.verma626@yahoo.com,Female,9791473952,Australia,2007-07-15
627,Maya,Ghosh,maya.ghosh627@gmail.com,Male,6660844237,United States,1967-07-11
628,Sunita,Bhatt,sunita.bhatt628@example.com,Female,6847815760,France,1967-11-08
629,Sara,Trivedi,sara.trivedi629@gmail.com,Female,9443774798,South Africa,1984-01-03
630,Ritu,Shah,ritu.shah630@outlook.com,Female,8334566761,United Kingdom,1988-11-07
631,Sunita,Agarwal,sunita.agarwal631@yahoo.com,Male,8549089120,UAE,2007-05-07
632,Ananya,Chauhan,ananya.chauhan632@example.com,Female,8884488195,Australia,1995-12-27
633,Aanya,Kumar,aanya.kumar633@mail.com,Female,7235628508,Germany,1983-04-07
634,Ananya,Pillai,ananya.pillai634@gmail.com,Female,7353422095,India,2006-10-26
635,Karthik,Singh,karthik.singh635@mail.com,Male,7485898119,South Africa,1976-04-20
636,Krishna,Menon,krishna.menon636@yahoo.com,Female,7358078548,UAE,1984-03-30
637,Kiran,Bhatt,kiran.bhatt637@example.com,Female,9453140564,France,1993-05-13
638,Sneha,Prasad,sneha.prasad638@yahoo.com,Male,9769950781,Canada,2005-11-23
639,Vivaan,Kashyap,vivaan.kashyap639@outlook.com,Male,7608952537,United Kingdom,1974-10-11
640,Karthik,Joshi,karthik.joshi640@outlook.com,Female,6120165641,Australia,1978-11-07
641,Sai,Mehta,sai.mehta641@gmail.com,Female,6104650188,United Kingdom,1972-05-30
642,Maya,Menon,maya.menon642@yahoo.com,Male,8411061903,UAE,1982-09-04
643,Reyansh,Kashyap,reyansh.kashyap643@example.com,Male,7241727082,Canada,2002-09-01
644,Ananya,Kapoor,ananya.kapoor644@yahoo.com,Female,8368226795,Australia,1990-11-10
645,Maya,Ghosh,maya.ghosh645@outlook.com,Male,7629326274,Brazil,1997-06-19
646,Vihaan,Prasad,vihaan.prasad646@mail.com,Male,6921255249,UAE,1975-06-03
647,Karthik,Sharma,karthik.sharma647@mail.com,Female,9527797622,United Kingdom,1994-03-10
648,Pooja,Mehta,pooja.mehta648@mail.com,Female,6182426673,Brazil,1976-05-22
649,Diya,Yadav,diya.yadav649@example.com,Male,7882241795,Australia,1999-11-21
650,Pooja,Trivedi,pooja.trivedi650@outlook.com,Female,6196550352,United Kingdom,1975-02-08
651,Arjun,Kapoor,arjun.kapoor651@gmail.com,Male,7322960102,Brazil,1982-07-08
652,Priya,Kashyap,priya.kashyap652@example.com,Female,8343711030,Canada,1981-02-02
653,Ritu,Agarwal,ritu.agarwal653@mail.com,Female,6003776419,Germany,1969-01-05
654,Sahil,Pillai,sahil.pillai654@yahoo.com,Male,7765856905,Brazil,1996-07-14
655,Sai,Malhotra,sai.malhotra655@yahoo.com,Male,6972112940,India,1994-02-09
656,Aanya,Trivedi,aanya.trivedi656@outlook.com,Male,9264856505,India,2005-07-11
657,Sunita,Sharma,sunita.sharma657@yahoo.com,Male,8085586610,Brazil,1990-06-09
658,Ritu,Bose,ritu.bose658@mail.com,Female,8156298141,India,1969-12-29
659,Aarav,Verma,aarav.verma659@outlook.com,Female,6791770458,India,1975-12-12
660,Vivaan,Agarwal,vivaan.agarwal660@gmail.com,Female,9690999563,UAE,1982-04-20
661,Isha,Nair,isha.nair661@yahoo.com,Female,6657459603,United Kingdom,2001-03-06
662,Sahil,Singh,sahil.singh662@gmail.com,Female,7930780123,United States,2006-10-26
663,Ritu,Kashyap,ritu.kashyap663@yahoo.com,Female,6808272219,Germany,1987-09-29
664,Ritu,Joshi,ritu.joshi664@gmail.com,Male,8271678721,Brazil,1971-02-09
665,Ananya,Kapoor,ananya.kapoor665@example.com,Female,9942407669,Germany,1991-01-18
666,Aanya,Menon,aanya.menon666@example.com,Male,9688054222,South Africa,1994-04-11
667,Sahil,Sharma,sahil.sharma667@outlook.com,Female,9694274198,United Kingdom,1983-01-24
668,Sara,Khan,sara.khan668@example.com,Female,8105388786,India,1967-09-30
669,Isha,Kashyap,isha.kashyap669@mail.com,Female,9368765008,India,1987-03-28
670,Krishna,Trivedi,krishna.trivedi670@yahoo.com,Male,8559044347,South Africa,1967-05-30
671,Arjun,Menon,arjun.menon671@mail.com,Female,8586990656,Canada,1993-02-09
672,Aditya,Das,aditya.das672@gmail.com,Female,9037384432,India,1989-08-11
673,Sahil,Gupta,sahil.gupta673@mail.com,Female,9379626811,United Kingdom,1980-01-14
674,Riya,Prasad,riya.prasad674@outlook.com,Male,9505053241,Germany,1989-02-08
675,Sunita,Chauhan,sunita.chauhan675@gmail.com,Male,7677457714,India,1983-08-10
676,Riya,Bhatt,riya.bhatt676@example.com,Female,7486798921,Germany,1968-03-19
677,Tarun,Bhatt,tarun.bhatt677@outlook.com,Female,6362563373,United Kingdom,1980-06-21
678,Arjun,Chauhan,arjun.chauhan678@mail.com,Male,7935922524,Canada,1978-12-05
679,Sneha,Bhatt,sneha.bhatt679@yahoo.com,Male,6772672558,Australia,1966-11-16
680,Ananya,Roy,ananya.roy680@outlook.com,Male,8090762206,India,1989-01-14
681,Mohit,Trivedi,mohit.trivedi681@mail.com,Female,9201338732,Canada,1998-05-07
682,Mohit,Singh,mohit.singh682@example.com,Female,8166956481,United Kingdom,1980-03-20
683,Aditya,Singh,aditya.singh683@gmail.com,Male,6381645041,Brazil,1984-06-25
684,Mohit,Malhotra,mohit.malhotra684@yahoo.com,Male,6555842667,United Kingdom,2006-01-18
685,Aarav,Bose,aarav.bose685@yahoo.com,Female,7464563014,United Kingdom,1980-10-14
686,Nisha,Singh,nisha.singh686@gmail.com,Female,7534619902,Canada,1989-06-21
687,Isha,Iyer,isha.iyer687@example.com,Male,9633098713,United Kingdom,1979-05-25
688,Maya,Yadav,maya.yadav688@yahoo.com,Female,8006946363,South Africa,1995-09-29
689,Diya,Roy,diya.roy689@example.com,Female,9455236087,Australia,1966-05-13
690,Sahil,Bhatia,sahil.bhatia690@mail.com,Male,6815305880,France,1997-05-26
691,Reyansh,Verma,reyansh.verma691@gmail.com,Male,9814699539,United Kingdom,1969-09-14
692,Ananya,Prasad,ananya.prasad692@mail.com,Female,7960300280,Germany,2004-12-19
693,Mohit,Bhatt,mohit.bhatt693@outlook.com,Female,8726707132,United States,1969-11-15
694,Nisha,Bhatt,nisha.bhatt694@mail.com,Female,6611700640,Australia,1973-04-11
695,Ritu,Joshi,ritu.joshi695@example.com,Female,8337066447,United States,1976-11-01
696,Karthik,Bhatia,karthik.bhatia696@mail.com,Female,7629662830,Germany,1996-09-22
697,Sara,Khan,sara.khan697@gmail.com,Female,6993431878,Australia,2000-09-13
698,Tarun,Malhotra,tarun.malhotra698@example.com,Female,6665566612,Brazil,1973-01-27
699,Kavya,Gupta,kavya.gupta699@mail.com,Male,6070847757,India,1968-08-19
700,Aarav,Trivedi,aarav.trivedi700@example.com,Female,7967429486,South Africa,1990-05-14
701,Maya,Bhatia,maya.bhatia701@gmail.com,Female,8671837167,Australia,2002-06-23
702,Sahil,Malhotra,sahil.malhotra702@example.com,Male,9795326767,Canada,1976-01-17
703,Ananya,Joshi,ananya.joshi703@outlook.com,Female,6191247655,France,1994-11-17
704,Ananya,Patel,ananya.patel704@yahoo.com,Female,9960258106,Brazil,1966-04-23
705,Priya,Naidu,priya.naidu705@outlook.com,Female,6034499651,South Africa,1991-02-06
706,Diya,Prasad,diya.prasad706@mail.com,Female,6333074613,UAE,2001-04-15
707,Nisha,Naidu,nisha.naidu707@yahoo.com,Female,7227004384,France,2000-10-04
708,Riya,Das,riya.das708@yahoo.com,Female,8833176731,Canada,1969-09-09
709,Karthik,Roy,karthik.roy709@gmail.com,Female,7195436375,Germany,2005-03-02
710,Rohan,Nair,rohan.nair710@gmail.com,Male,8075870048,Germany,1983-04-28
711,Anil,Kumar,anil.kumar711@example.com,Female,7673073661,Brazil,1977-09-14
712,Tarun,Kumar,tarun.kumar712@example.com,Male,6862074975,Brazil,1993-07-12
713,Vivaan,Kapoor,vivaan.kapoor713@gmail.com,Female,8329396750,India,1997-12-21
714,Sunita,Bose,sunita.bose714@outlook.com,Male,9990385739,France,1997-01-28
715,Sahil,Sharma,sahil.sharma715@outlook.com,Male,7367516666,UAE,1970-12-27
716,Ananya,Nair,ananya.nair716@mail.com,Male,6744397736,India,1966-07-20
717,Myra,Mehta,myra.mehta717@example.com,Female,8887928573,Germany,1987-12-19
718,Ananya,Ghosh,ananya.ghosh718@example.com,Male,7014215572,United Kingdom,1978-02-11
719,Kiran,Iyer,kiran.iyer719@yahoo.com,Female,7006340195,Australia,2007-06-28
720,Anil,Iyer,anil.iyer720@gmail.com,Female,7442760177,France,1984-05-05
721,Diya,Menon,diya.menon721@yahoo.com,Female,9992616865,France,1966-05-25
722,Reyansh,Roy,reyansh.roy722@example.com,Female,9701260212,South Africa,1993-10-14
723,Rohan,Gupta,rohan.gupta723@outlook.com,Male,6291480401,South Africa,1970-01-29
724,Sai,Trivedi,sai.trivedi724@yahoo.com,Male,9171304951,France,2001-05-31
725,Aanya,Malhotra,aanya.malhotra725@gmail.com,Female,7407026793,Canada,1966-11-27
726,Kavya,Yadav,kavya.yadav726@yahoo.com,Female,9832178628,South Africa,1985-04-27
727,Pooja,Joshi,pooja.joshi727@example.com,Male,6845647915,Canada,1985-07-10
728,Rohan,Patel,rohan.patel728@example.com,Female,8117216450,United Kingdom,1973-04-22
729,Vivaan,Singh,vivaan.singh729@yahoo.com,Female,9842211682,UAE,1994-05-13
730,Anil,Kapoor,anil.kapoor730@example.com,Male,6660762712,France,1997-01-12
731,Aditya,Patel,aditya.patel731@mail.com,Female,6524970576,Australia,1975-08-23
732,Reyansh,Chauhan,reyansh.chauhan732@gmail.com,Male,6768180214,France,1977-08-05
733,Aditya,Das,aditya.das733@mail.com,Male,8517165251,Brazil,1978-06-06
734,Sneha,Shah,sneha.shah734@outlook.com,Male,6288717681,United Kingdom,1999-06-05
735,Ritu,Bose,ritu.bose735@gmail.com,Male,7147644369,Australia,1987-01-07
736,Priya,Joshi,priya.joshi736@outlook.com,Male,8968665779,India,1966-04-22
737,Priya,Naidu,priya.naidu737@gmail.com,Female,8993079381,India,1992-08-21
738,Reyansh,Chauhan,reyansh.chauhan738@yahoo.com,Male,8732035369,France,1976-03-20
739,Arjun,Prasad,arjun.prasad739@example.com,Male,9690110504,United States,2003-05-20
740,Vivaan,Reddy,vivaan.reddy740@gmail.com,Male,7146980548,Canada,1980-03-12
741,Aanya,Prasad,aanya.prasad741@example.com,Male,7727961958,Brazil,1990-03-26
742,Anil,Patel,anil.patel742@gmail.com,Female,7759876884,UAE,1972-12-01
743,Vivaan,Bose,vivaan.bose743@gmail.com,Male,6097337215,United Kingdom,1982-08-22
744,Pooja,Kapoor,pooja.kapoor744@mail.com,Female,6453414792,Brazil,1984-08-12
745,Isha,Reddy,isha.reddy745@yahoo.com,Male,9094907100,United Kingdom,1987-04-06
746,Aditya,Trivedi,aditya.trivedi746@mail.com,Female,6285416658,United States,1984-07-20
747,Sunita,Prasad,sunita.prasad747@gmail.com,Female,6605160696,France,1998-07-25
748,Sai,Bose,sai.bose748@example.com,Female,6803334134,South Africa,1973-05-05
749,Ritu,Kashyap,ritu.kashyap749@example.com,Female,6914772113,Australia,1969-06-27
750,Tarun,Mehta,tarun.mehta750@mail.com,Female,9732861909,UAE,2005-09-12
751,Vivaan,Chauhan,vivaan.chauhan751@outlook.com,Male,7235196239,United States,1993-04-26
752,Aditya,Bhatia,aditya.bhatia752@yahoo.com,Male,6031859629,Germany,2000-02-24
753,Reyansh,Trivedi,reyansh.trivedi753@gmail.com,Female,9003546239,France,1999-02-02
754,Mohit,Iyer,mohit.iyer754@mail.com,Female,9990305186,Australia,1966-11-01
755,Tarun,Verma,tarun.verma755@mail.com,Male,7417332005,United Kingdom,1982-05-17
756,Kavya,Bhatt,kavya.bhatt756@example.com,Male,6842475757,United States,2007-07-04
757,Ananya,Joshi,ananya.joshi757@outlook.com,Male,8051511000,India,2004-06-17
758,Isha,Ghosh,isha.ghosh758@yahoo.com,Female,7433578273,India,1996-08-11
759,Sunita,Roy,sunita.roy759@yahoo.com,Female,7969515077,United States,1966-07-13
760,Vihaan,Mehta,vihaan.mehta760@mail.com,Male,8389640012,Australia,1997-06-27
761,Myra,Patel,myra.patel761@example.com,Female,6035360676,Brazil,1967-09-14
762,Aditya,Ghosh,aditya.ghosh762@yahoo.com,Female,8439715550,South Africa,1987-06-23
763,Diya,Ghosh,diya.ghosh763@yahoo.com,Female,6367739161,Brazil,2006-12-31
764,Arjun,Malhotra,arjun.malhotra764@outlook.com,Female,8154521926,Germany,1989-05-13
765,Priya,Pillai,priya.pillai765@yahoo.com,Male,8415914935,Canada,1979-07-18
766,Kavya,Shah,kavya.shah766@mail.com,Male,9512593027,United States,1984-09-26
767,Myra,Chauhan,myra.chauhan767@example.com,Male,9763662497,India,1999-11-23
768,Ritu,Kashyap,ritu.kashyap768@example.com,Male,9667890704,UAE,1977-10-18
769,Aditya,Kashyap,aditya.kashyap769@example.com,Female,6696409823,UAE,1983-11-21
770,Arjun,Shah,arjun.shah770@example.com,Male,6236948965,United Kingdom,1965-12-14
771,Tarun,Ghosh,tarun.ghosh771@example.com,Female,8767569692,Canada,2001-10-09
772,Mohit,Bhatt,mohit.bhatt772@mail.com,Male,8530258909,United Kingdom,1985-12-04
773,Vivaan,Khan,vivaan.khan773@gmail.com,Male,9730220420,Germany,1978-11-28
774,Sahil,Agarwal,sahil.agarwal774@yahoo.com,Male,7730984712,Germany,1992-12-21
775,Kiran,Bhatt,kiran.bhatt775@gmail.com,Female,6588399346,United Kingdom,1968-12-30
776,Isha,Das,isha.das776@outlook.com,Female,8084492282,Australia,1985-07-24
777,Sahil,Verma,sahil.verma777@mail.com,Female,7768590727,France,1990-03-12
778,Isha,Yadav,isha.yadav778@gmail.com,Male,6610955070,United Kingdom,1977-12-23
779,Nisha,Verma,nisha.verma779@outlook.com,Female,8187437660,UAE,1979-08-16
780,Sara,Menon,sara.menon780@example.com,Male,6310657373,United States,2006-04-17
781,Sai,Iyer,sai.iyer781@mail.com,Female,8907832711,India,2006-06-06
782,Isha,Kashyap,isha.kashyap782@yahoo.com,Male,8974178452,UAE,1969-01-21
783,Vivaan,Menon,vivaan.menon783@mail.com,Male,8943097680,UAE,1972-05-10
784,Sara,Kumar,sara.kumar784@outlook.com,Male,6213233459,Brazil,1982-05-27
785,Sunita,Chauhan,sunita.chauhan785@outlook.com,Female,9074548893,France,1966-11-03
786,Mohit,Patel,mohit.patel786@outlook.com,Female,8683674563,South Africa,1981-10-22
787,Vivaan,Agarwal,vivaan.agarwal787@outlook.com,Male,9681233828,United Kingdom,1997-07-03
788,Vihaan,Roy,vihaan.roy788@yahoo.com,Female,7527501375,Germany,1983-09-09
789,Krishna,Patel,krishna.patel789@gmail.com,Male,8431669799,Brazil,2003-06-27
790,Sai,Bose,sai.bose790@gmail.com,Male,6992440214,United States,1968-11-21
791,Kavya,Reddy,kavya.reddy791@outlook.com,Male,6866257495,UAE,1994-09-27
792,Reyansh,Khan,reyansh.khan792@outlook.com,Female,7744078157,Germany,1990-08-12
793,Sai,Iyer,sai.iyer793@mail.com,Female,7255368409,Canada,1998-12-13
794,Nisha,Kashyap,nisha.kashyap794@mail.com,Female,7233782214,United Kingdom,1992-07-27
795,Priya,Khan,priya.khan795@gmail.com,Female,7398146807,United States,2000-12-16
796,Kavya,Das,kavya.das796@mail.com,Male,9360971842,United Kingdom,1997-12-01
797,Pooja,Patel,pooja.patel797@gmail.com,Male,7889663864,Germany,1970-01-20
798,Vihaan,Naidu,vihaan.naidu798@outlook.com,Female,7509684800,Canada,1966-06-28
799,Sunita,Patel,sunita.patel799@gmail.com,Female,7020619363,United States,1986-02-08
800,Anil,Khan,anil.khan800@gmail.com,Female,7914879393,Germany,1997-09-30
801,Sai,Joshi,sai.joshi801@example.com,Male,6133766511,UAE,1998-06-02
802,Myra,Chauhan,myra.chauhan802@gmail.com,Male,8759955437,Germany,1995-10-22
803,Riya,Naidu,riya.naidu803@example.com,Female,7004636261,UAE,1993-02-21
804,Reyansh,Naidu,reyansh.naidu804@mail.com,Female,8137202665,South Africa,1972-07-03
805,Karthik,Reddy,karthik.reddy805@yahoo.com,Female,7089304352,UAE,2000-09-04
806,Diya,Prasad,diya.prasad806@example.com,Female,6160818286,Brazil,1997-01-10
807,Vihaan,Yadav,vihaan.yadav807@yahoo.com,Male,9589134113,Germany,1978-07-16
808,Sunita,Iyer,sunita.iyer808@outlook.com,Male,7969527398,Brazil,1976-05-30
809,Ritu,Pillai,ritu.pillai809@gmail.com,Female,6159458139,United States,1970-05-18
810,Ritu,Iyer,ritu.iyer810@example.com,Male,8910534546,United Kingdom,1999-04-03
811,Ritu,Kapoor,ritu.kapoor811@mail.com,Female,7734612165,Canada,1972-09-25
812,Tarun,Verma,tarun.verma812@mail.com,Male,8434579743,United States,2003-01-21
813,Sneha,Kapoor,sneha.kapoor813@yahoo.com,Male,8378189373,India,1994-10-22
814,Tarun,Kashyap,tarun.kashyap814@gmail.com,Female,9086546298,United States,1978-10-08
815,Mohit,Bose,mohit.bose815@gmail.com,Female,8564239444,India,1983-09-18
816,Sunita,Menon,sunita.menon816@yahoo.com,Female,8104273825,India,1981-07-06
817,Reyansh,Pillai,reyansh.pillai817@example.com,Male,6764746722,France,1993-07-30
818,Nisha,Pillai,nisha.pillai818@gmail.com,Female,8748368278,Brazil,1977-09-25
819,Arjun,Trivedi,arjun.trivedi819@yahoo.com,Male,9203423624,Canada,1998-05-30
820,Karthik,Verma,karthik.verma820@mail.com,Male,9390274159,United Kingdom,1967-01-16
821,Ritu,Iyer,ritu.iyer821@mail.com,Female,8922530540,Germany,2002-10-04
822,Pooja,Kapoor,pooja.kapoor822@mail.com,Female,7722439087,Germany,1970-10-11
823,Ritu,Yadav,ritu.yadav823@example.com,Male,6539491076,United Kingdom,2002-12-27
824,Nisha,Joshi,nisha.joshi824@yahoo.com,Female,8575518530,South Africa,1995-02-21
825,Sunita,Yadav,sunita.yadav825@gmail.com,Male,6141797881,South Africa,2000-12-25
826,Anil,Sharma,anil.sharma826@mail.com,Male,9507658805,United States,2001-12-12
827,Aarav,Agarwal,aarav.agarwal827@outlook.com,Female,6222183460,Germany,1981-10-15
828,Rohan,Pillai,rohan.pillai828@mail.com,Female,7081146762,Australia,2004-03-04
829,Sara,Iyer,sara.iyer829@mail.com,Male,8532349887,South Africa,1996-02-11
830,Maya,Naidu,maya.naidu830@mail.com,Female,7615876183,Australia,2003-11-08
831,Sunita,Nair,sunita.nair831@mail.com,Male,9430750132,United Kingdom,1983-02-02
832,Ritu,Agarwal,ritu.agarwal832@yahoo.com,Female,7759088884,Canada,1989-08-13
833,Krishna,Kumar,krishna.kumar833@gmail.com,Male,8936984694,UAE,1991-05-29
834,Sara,Roy,sara.roy834@outlook.com,Female,8281579713,South Africa,1988-05-13
835,Myra,Prasad,myra.prasad835@yahoo.com,Female,8144328446,UAE,1987-12-07
836,Mohit,Reddy,mohit.reddy836@outlook.com,Male,8356711747,France,1976-07-11
837,Kiran,Mehta,kiran.mehta837@outlook.com,Female,6123638261,Canada,1993-11-27
838,Sahil,Malhotra,sahil.malhotra838@yahoo.com,Male,9671488158,Germany,1974-06-06
839,Vihaan,Malhotra,vihaan.malhotra839@mail.com,Male,6961279640,Canada,1972-09-28
840,Reyansh,Chauhan,reyansh.chauhan840@outlook.com,Male,7075224143,Canada,1988-08-10
841,Sara,Trivedi,sara.trivedi841@outlook.com,Male,8576807326,Australia,2003-02-06
842,Sai,Patel,sai.patel842@mail.com,Female,9796084122,United States,1987-02-07
843,Arjun,Iyer,arjun.iyer843@example.com,Male,6216951941,Germany,1986-07-19
844,Sneha,Malhotra,sneha.malhotra844@outlook.com,Female,6217104693,United Kingdom,2000-12-04
845,Sahil,Mehta,sahil.mehta845@yahoo.com,Female,6246992239,Brazil,1985-01-17
846,Aarav,Patel,aarav.patel846@mail.com,Male,7466810634,United Kingdom,2004-11-13
847,Aarav,Chauhan,aarav.chauhan847@yahoo.com,Female,7326913996,Germany,1980-09-19
848,Reyansh,Naidu,reyansh.naidu848@yahoo.com,Female,8054147811,France,1981-09-04
849,Krishna,Menon,krishna.menon849@yahoo.com,Male,9967726702,Germany,1991-03-13
850,Reyansh,Naidu,reyansh.naidu850@gmail.com,Male,6040160638,France,2006-03-17
851,Kiran,Iyer,kiran.iyer851@yahoo.com,Male,6382346456,United Kingdom,1976-02-05
852,Rohan,Iyer,rohan.iyer852@outlook.com,Female,8705670926,Germany,1996-10-03
853,Isha,Naidu,isha.naidu853@mail.com,Male,7082438846,UAE,1988-04-18
854,Kavya,Kumar,kavya.kumar854@yahoo.com,Female,8954848267,Australia,1971-03-16
855,Vivaan,Kashyap,vivaan.kashyap855@mail.com,Male,8490569918,Brazil,1996-06-20
856,Kavya,Shah,kavya.shah856@gmail.com,Male,6357137359,Germany,1987-04-10
857,Krishna,Malhotra,krishna.malhotra857@outlook.com,Male,9892657570,Germany,1984-11-09
858,Pooja,Sharma,pooja.sharma858@example.com,Male,7709931100,Brazil,1984-01-14
859,Pooja,Roy,pooja.roy859@mail.com,Female,7940507791,Brazil,1971-06-16
860,Sara,Bhatia,sara.bhatia860@mail.com,Male,6071008950,Canada,1982-10-21
861,Sai,Nair,sai.nair861@example.com,Female,9913109870,United Kingdom,1978-03-30
862,Tarun,Pillai,tarun.pillai862@yahoo.com,Male,6746373087,France,1996-04-14
863,Nisha,Bhatt,nisha.bhatt863@example.com,Female,8699499026,South Africa,1995-10-20
864,Myra,Shah,myra.shah864@outlook.com,Female,8822029109,Canada,2001-03-12
865,Tarun,Kapoor,tarun.kapoor865@outlook.com,Female,8434247970,United States,1989-09-15
866,Kiran,Bhatia,kiran.bhatia866@example.com,Male,6958082624,United States,1968-07-12
867,Priya,Prasad,priya.prasad867@gmail.com,Female,8164350352,Brazil,1992-11-21
868,Diya,Chauhan,diya.chauhan868@gmail.com,Male,9221059923,Canada,1983-09-29
869,Rohan,Nair,rohan.nair869@example.com,Male,8281656713,South Africa,1977-01-01
870,Priya,Kapoor,priya.kapoor870@mail.com,Female,9736331600,France,2001-10-05
871,Sai,Khan,sai.khan871@example.com,Female,8323000676,Brazil,1984-06-10
872,Maya,Malhotra,maya.malhotra872@example.com,Female,7725022436,Brazil,1971-02-22
873,Aanya,Bose,aanya.bose873@gmail.com,Male,8437721944,Australia,1997-05-29
874,Isha,Yadav,isha.yadav874@mail.com,Male,7752646128,UAE,1971-03-30
875,Vihaan,Kashyap,vihaan.kashyap875@mail.com,Female,9836392481,Germany,2006-06-02
876,Diya,Trivedi,diya.trivedi876@outlook.com,Female,8722258086,India,1978-09-28
877,Mohit,Das,mohit.das877@mail.com,Male,9655367521,Germany,2004-03-19
878,Sunita,Kumar,sunita.kumar878@yahoo.com,Male,9821127220,Canada,1984-04-27
879,Arjun,Mehta,arjun.mehta879@yahoo.com,Male,7294324231,Brazil,1993-04-13
880,Tarun,Bhatia,tarun.bhatia880@mail.com,Female,8408124251,India,1980-05-29
881,Vivaan,Naidu,vivaan.naidu881@example.com,Male,7052751119,United Kingdom,1996-08-03
882,Sara,Mehta,sara.mehta882@example.com,Male,6653497308,India,1981-05-18
883,Vihaan,Yadav,vihaan.yadav883@gmail.com,Female,6646906376,India,1986-05-08
884,Myra,Singh,myra.singh884@mail.com,Male,6448000213,Australia,1979-10-16
885,Anil,Joshi,anil.joshi885@mail.com,Male,9918598154,United States,1998-02-12
886,Anil,Ghosh,anil.ghosh886@gmail.com,Male,7649744390,United States,1990-11-04
887,Sai,Singh,sai.singh887@example.com,Male,9089103999,India,1978-06-21
888,Rohan,Agarwal,rohan.agarwal888@example.com,Female,6242968498,South Africa,2003-04-28
889,Diya,Patel,diya.patel889@mail.com,Female,9263815500,UAE,1980-12-11
890,Isha,Das,isha.das890@example.com,Female,6187078603,United Kingdom,1996-01-30
891,Ritu,Singh,ritu.singh891@yahoo.com,Female,9605394021,France,1977-09-18
892,Sai,Gupta,sai.gupta892@yahoo.com,Female,9302980355,Australia,1981-07-10
893,Kiran,Naidu,kiran.naidu893@example.com,Male,7981888535,Germany,1981-10-25
894,Diya,Menon,diya.menon894@example.com,Female,6423675836,United States,1971-04-02
895,Kavya,Menon,kavya.menon895@mail.com,Male,6873256476,United States,1996-06-20
896,Isha,Malhotra,isha.malhotra896@outlook.com,Male,9081574524,Germany,1967-05-16
897,Anil,Agarwal,anil.agarwal897@mail.com,Male,6935318296,Brazil,1985-07-22
898,Sunita,Roy,sunita.roy898@example.com,Female,7004320474,South Africa,1983-11-16
899,Ritu,Agarwal,ritu.agarwal899@yahoo.com,Male,7404543043,Canada,1979-10-13
900,Rohan,Das,rohan.das900@yahoo.com,Male,9562419254,Brazil,1976-11-01
901,Kiran,Agarwal,kiran.agarwal901@outlook.com,Male,9788605404,India,1996-01-21
902,Priya,Kashyap,priya.kashyap902@gmail.com,Female,8372881825,Australia,1988-07-07
903,Reyansh,Bose,reyansh.bose903@yahoo.com,Male,9915455152,United Kingdom,1977-11-11
904,Karthik,Naidu,karthik.naidu904@mail.com,Male,9421689351,United States,1988-04-25
905,Pooja,Kapoor,pooja.kapoor905@gmail.com,Female,6373546653,United States,1976-03-11
906,Maya,Patel,maya.patel906@gmail.com,Female,8920417239,Germany,1975-12-31
907,Sneha,Roy,sneha.roy907@gmail.com,Male,8945195042,United Kingdom,1998-11-09
908,Nisha,Bhatia,nisha.bhatia908@example.com,Female,9822830750,Brazil,1969-03-18
909,Myra,Naidu,myra.naidu909@gmail.com,Male,9325639068,UAE,1970-04-21
910,Mohit,Bhatia,mohit.bhatia910@mail.com,Female,9071255583,Canada,1989-04-25
911,Aditya,Naidu,aditya.naidu911@outlook.com,Female,8961376474,Germany,1983-02-01
912,Reyansh,Patel,reyansh.patel912@yahoo.com,Male,8778513039,South Africa,1970-06-15
913,Aanya,Ghosh,aanya.ghosh913@outlook.com,Female,7573439634,Brazil,1985-03-25
914,Sneha,Iyer,sneha.iyer914@gmail.com,Male,9194103695,United Kingdom,1996-02-19
915,Priya,Pillai,priya.pillai915@outlook.com,Male,7323197747,South Africa,1982-05-26
916,Sahil,Reddy,sahil.reddy916@example.com,Female,8564092320,Australia,1991-06-04
917,Maya,Singh,maya.singh917@mail.com,Male,8643018521,South Africa,1991-01-06
918,Arjun,Bhatt,arjun.bhatt918@gmail.com,Female,8659674467,France,1980-11-26
919,Sunita,Mehta,sunita.mehta919@example.com,Female,8989990808,India,2002-09-17
920,Ritu,Verma,ritu.verma920@yahoo.com,Female,8867973766,United Kingdom,1994-11-22
921,Sara,Bhatia,sara.bhatia921@outlook.com,Male,6026610829,India,2003-08-29
922,Arjun,Shah,arjun.shah922@yahoo.com,Female,8800921872,South Africa,1987-11-14
923,Pooja,Shah,pooja.shah923@mail.com,Female,8503187477,Brazil,1997-10-27
924,Anil,Mehta,anil.mehta924@yahoo.com,Female,8350515846,UAE,1995-02-10
925,Arjun,Sharma,arjun.sharma925@example.com,Male,6890671429,Canada,2001-08-29
926,Anil,Kumar,anil.kumar926@outlook.com,Female,6897042633,France,1979-04-16
927,Sahil,Kumar,sahil.kumar927@outlook.com,Female,7978149677,Australia,1967-12-30
928,Ritu,Reddy,ritu.reddy928@outlook.com,Female,8895583575,India,1976-12-12
929,Ritu,Agarwal,ritu.agarwal929@yahoo.com,Male,9327058754,United Kingdom,1989-02-11
930,Reyansh,Khan,reyansh.khan930@example.com,Female,7695167832,UAE,1995-07-24
931,Diya,Verma,diya.verma931@gmail.com,Male,9372995431,UAE,2003-12-19
932,Nisha,Kapoor,nisha.kapoor932@mail.com,Male,8118768408,Germany,2004-01-27
933,Isha,Prasad,isha.prasad933@mail.com,Female,7900625649,Canada,1990-11-19
934,Mohit,Iyer,mohit.iyer934@example.com,Female,8229276587,Germany,1971-09-20
935,Sara,Naidu,sara.naidu935@example.com,Female,6802554639,Germany,1974-02-01
936,Nisha,Yadav,nisha.yadav936@mail.com,Female,6342956850,Brazil,1996-03-09
937,Kiran,Mehta,kiran.mehta937@yahoo.com,Male,6663617150,France,1988-01-21
938,Sahil,Kumar,sahil.kumar938@mail.com,Female,9592821652,UAE,1970-12-22
939,Priya,Agarwal,priya.agarwal939@mail.com,Male,9869788093,UAE,2004-05-01
940,Myra,Menon,myra.menon940@gmail.com,Male,8204767289,France,1994-10-18
941,Riya,Pillai,riya.pillai941@yahoo.com,Female,6210687546,Canada,1996-06-18
942,Aanya,Verma,aanya.verma942@example.com,Female,9151701698,Germany,2001-12-18
943,Karthik,Khan,karthik.khan943@outlook.com,Female,6856880735,Australia,1972-01-31
944,Aditya,Ghosh,aditya.ghosh944@yahoo.com,Female,7556323590,France,1969-09-29
945,Sunita,Nair,sunita.nair945@example.com,Male,7575369951,India,1994-12-09
946,Sunita,Yadav,sunita.yadav946@yahoo.com,Female,8636626017,United States,1980-10-25
947,Kiran,Singh,kiran.singh947@gmail.com,Male,7836939036,South Africa,1970-10-25
948,Vivaan,Chauhan,vivaan.chauhan948@mail.com,Female,6365996505,Brazil,1972-01-01
949,Sunita,Kapoor,sunita.kapoor949@example.com,Male,7811890900,Germany,1990-04-25
950,Aanya,Prasad,aanya.prasad950@gmail.com,Male,8708702229,United Kingdom,1994-02-08
951,Nisha,Reddy,nisha.reddy951@gmail.com,Male,7525357722,Canada,1973-10-29
952,Myra,Roy,myra.roy952@mail.com,Female,7748731433,France,1989-05-10
953,Pooja,Iyer,pooja.iyer953@example.com,Male,8025303845,Canada,2004-08-14
954,Isha,Joshi,isha.joshi954@example.com,Male,9896299713,South Africa,1994-10-19
955,Vihaan,Gupta,vihaan.gupta955@mail.com,Male,8833344128,India,2006-05-31
956,Rohan,Kashyap,rohan.kashyap956@gmail.com,Male,8443943714,UAE,2007-06-10
957,Aditya,Yadav,aditya.yadav957@mail.com,Male,6888406347,United Kingdom,2000-12-28
958,Vivaan,Patel,vivaan.patel958@example.com,Female,9125601165,South Africa,1975-07-07
959,Ritu,Bhatia,ritu.bhatia959@mail.com,Male,7493629244,Brazil,1984-08-25
960,Aanya,Roy,aanya.roy960@gmail.com,Female,6351625884,South Africa,1984-09-22
961,Vivaan,Gupta,vivaan.gupta961@gmail.com,Male,7167758168,India,1969-07-01
962,Maya,Chauhan,maya.chauhan962@yahoo.com,Female,7999623217,UAE,1993-07-14
963,Kiran,Roy,kiran.roy963@outlook.com,Female,9423320914,UAE,1976-05-20
964,Isha,Gupta,isha.gupta964@outlook.com,Male,8572663685,Canada,2001-07-08
965,Tarun,Gupta,tarun.gupta965@mail.com,Male,8248153250,Canada,1983-10-17
966,Sai,Malhotra,sai.malhotra966@mail.com,Male,8702258473,South Africa,1999-11-04
967,Myra,Das,myra.das967@example.com,Male,9068501360,India,1996-10-14
968,Myra,Chauhan,myra.chauhan968@yahoo.com,Male,7035776792,Australia,1966-06-22
969,Ananya,Kapoor,ananya.kapoor969@outlook.com,Male,8256986762,Canada,1995-03-22
970,Rohan,Kapoor,rohan.kapoor970@outlook.com,Female,8961830894,United Kingdom,1977-08-08
971,Myra,Singh,myra.singh971@yahoo.com,Male,6681047504,South Africa,1970-08-13
972,Reyansh,Joshi,reyansh.joshi972@mail.com,Female,8157458831,UAE,1987-09-15
973,Kiran,Kapoor,kiran.kapoor973@example.com,Male,8990580904,Australia,2001-03-31
974,Riya,Trivedi,riya.trivedi974@mail.com,Female,7794206217,France,2004-01-01
975,Maya,Sharma,maya.sharma975@mail.com,Male,9568496163,Germany,1971-07-16
976,Mohit,Kapoor,mohit.kapoor976@mail.com,Female,8511003279,Australia,1974-11-14
977,Myra,Singh,myra.singh977@outlook.com,Male,7436459132,India,1993-07-06
978,Sneha,Kapoor,sneha.kapoor978@example.com,Male,9616067234,UAE,2007-06-05
979,Sneha,Ghosh,sneha.ghosh979@example.com,Male,8116097201,Brazil,1986-08-16
980,Sahil,Agarwal,sahil.agarwal980@example.com,Male,8838674538,United Kingdom,2006-09-05
981,Arjun,Khan,arjun.khan981@mail.com,Male,8687054475,France,1978-07-25
982,Sneha,Iyer,sneha.iyer982@yahoo.com,Female,8927810611,Brazil,2000-12-23
983,Ritu,Agarwal,ritu.agarwal983@outlook.com,Female,8036014980,Australia,1989-12-21
984,Aarav,Malhotra,aarav.malhotra984@mail.com,Female,8175137211,Canada,1970-10-28
985,Riya,Kapoor,riya.kapoor985@yahoo.com,Male,6899122453,Germany,1989-12-18
986,Riya,Menon,riya.menon986@example.com,Female,9702385514,Brazil,1971-09-01
987,Aanya,Kumar,aanya.kumar987@mail.com,Female,9000390758,UAE,1980-11-30
988,Sara,Das,sara.das988@outlook.com,Female,6566620133,India,1989-11-12
989,Kiran,Singh,kiran.singh989@yahoo.com,Male,8724658758,Canada,1970-06-12
990,Aarav,Sharma,aarav.sharma990@outlook.com,Female,6168377832,Brazil,2001-05-31
991,Kavya,Patel,kavya.patel991@yahoo.com,Male,9371613226,South Africa,1987-07-18
992,Sneha,Kumar,sneha.kumar992@mail.com,Female,9445716363,Brazil,1975-05-02
993,Tarun,Verma,tarun.verma993@example.com,Male,6191211005,Australia,1998-04-24
994,Anil,Bose,anil.bose994@example.com,Female,7984505171,Australia,2001-05-23
995,Isha,Iyer,isha.iyer995@outlook.com,Female,6871248146,United States,1992-06-27
996,Isha,Iyer,isha.iyer996@yahoo.com,Male,8099528372,France,1973-10-03
997,Sahil,Naidu,sahil.naidu997@outlook.com,Male,6045484803,Canada,1966-07-01
998,Maya,Sharma,maya.sharma998@yahoo.com,Female,6371031342,United Kingdom,1977-12-31
999,Krishna,Chauhan,krishna.chauhan999@outlook.com,Male,8906712540,United Kingdom,1993-07-08
1000,Karthik,Nair,karthik.nair1000@outlook.com,Male,7442722733,UAE,1989-06-03
1001,Ananya,Bhatt,ananya.bhatt1001@mail.com,Male,6928317208,Germany,2001-11-20
1002,Anil,Joshi,anil.joshi1002@mail.com,Female,8653310929,Canada,1984-07-21
1003,Sara,Shah,sara.shah1003@example.com,Male,8132626402,United Kingdom,1991-12-18
1004,Ritu,Ghosh,ritu.ghosh1004@gmail.com,Male,9215097267,South Africa,1983-10-22
1005,Arjun,Trivedi,arjun.trivedi1005@gmail.com,Female,8015348739,South Africa,1974-05-04
1006,Reyansh,Verma,reyansh.verma1006@yahoo.com,Male,8049064683,United Kingdom,1999-08-26
1007,Nisha,Patel,nisha.patel1007@outlook.com,Male,9850231391,South Africa,1996-10-31
1008,Sahil,Singh,sahil.singh1008@gmail.com,Male,6578386810,Brazil,2001-03-28
1009,Sara,Menon,sara.menon1009@example.com,Male,9707534995,Canada,1988-01-23
1010,Aanya,Chauhan,aanya.chauhan1010@gmail.com,Male,8176104931,United Kingdom,2004-02-21
1011,Sai,Bhatt,sai.bhatt1011@example.com,Female,8676640069,France,1983-03-14
1012,Sneha,Das,sneha.das1012@mail.com,Male,8633341191,United Kingdom,1999-04-20
1013,Krishna,Kapoor,krishna.kapoor1013@outlook.com,Male,6323139277,United Kingdom,1977-08-26
1014,Priya,Menon,priya.menon1014@outlook.com,Female,8090107101,United Kingdom,1988-04-02
1015,Diya,Khan,diya.khan1015@mail.com,Male,6882863154,India,1967-02-21
1016,Riya,Menon,riya.menon1016@yahoo.com,Female,7944613658,India,1982-04-12
1017,Sara,Agarwal,sara.agarwal1017@outlook.com,Male,7348121689,Australia,1997-08-27
1018,Reyansh,Kapoor,reyansh.kapoor1018@example.com,Male,7954667759,India,1995-12-10
1019,Krishna,Verma,krishna.verma1019@yahoo.com,Female,7155256047,France,1996-02-06
1020,Rohan,Pillai,rohan.pillai1020@mail.com,Female,8555024921,Canada,1966-10-08
1021,Tarun,Patel,tarun.patel1021@yahoo.com,Female,6352548092,UAE,2007-10-14
1022,Priya,Naidu,priya.naidu1022@gmail.com,Male,8214058007,Canada,2000-03-20
1023,Ritu,Bose,ritu.bose1023@example.com,Female,7319696912,UAE,2006-02-28
1024,Aarav,Patel,aarav.patel1024@outlook.com,Female,8513039087,France,1995-04-14
1025,Karthik,Verma,karthik.verma1025@outlook.com,Male,8934893612,United Kingdom,1966-11-15
1026,Vivaan,Das,vivaan.das1026@yahoo.com,Female,6966982484,Germany,1984-02-06
1027,Kiran,Patel,kiran.patel1027@outlook.com,Male,9616778111,France,1972-06-21
1028,Sahil,Kapoor,sahil.kapoor1028@yahoo.com,Female,8175119888,UAE,1987-04-20
1029,Isha,Gupta,isha.gupta1029@yahoo.com,Male,8837945607,France,1981-05-09
1030,Mohit,Prasad,mohit.prasad1030@mail.com,Male,9138646063,Canada,1980-01-15
1031,Nisha,Yadav,nisha.yadav1031@gmail.com,Male,9930851868,United States,1980-02-26
1032,Rohan,Gupta,rohan.gupta1032@yahoo.com,Female,9766914676,South Africa,1974-01-08
1033,Vivaan,Roy,vivaan.roy1033@yahoo.com,Female,7667617253,Germany,2003-02-15
1034,Isha,Prasad,isha.prasad1034@yahoo.com,Female,6791573146,Canada,2000-07-30
1035,Reyansh,Prasad,reyansh.prasad1035@yahoo.com,Female,7282847230,Canada,2007-02-06
1036,Myra,Gupta,myra.gupta1036@outlook.com,Male,9129168596,Canada,1990-05-24
1037,Sara,Khan,sara.khan1037@yahoo.com,Female,7791362888,India,1987-01-23
1038,Reyansh,Bhatt,reyansh.bhatt1038@yahoo.com,Male,8343003330,Canada,1985-08-03
1039,Sahil,Singh,sahil.singh1039@yahoo.com,Female,8201145813,Australia,1977-05-03
1040,Vivaan,Prasad,vivaan.prasad1040@yahoo.com,Male,6461663364,France,1979-01-12
1041,Nisha,Kashyap,nisha.kashyap1041@outlook.com,Male,9986599071,Australia,1994-07-30
1042,Ritu,Pillai,ritu.pillai1042@example.com,Female,7262768207,India,2007-05-23
1043,Diya,Roy,diya.roy1043@example.com,Female,8694873275,UAE,1977-04-16
1044,Aarav,Chauhan,aarav.chauhan1044@gmail.com,Male,9741719145,Germany,1979-11-03
1045,Sunita,Kashyap,sunita.kashyap1045@mail.com,Male,6624414647,United Kingdom,1993-01-17
1046,Kavya,Iyer,kavya.iyer1046@outlook.com,Male,7267872782,Germany,1995-05-22
1047,Karthik,Joshi,karthik.joshi1047@gmail.com,Female,7933113637,Australia,1985-03-25
1048,Riya,Roy,riya.roy1048@gmail.com,Male,8141271537,India,2005-04-11
1049,Aanya,Bhatt,aanya.bhatt1049@example.com,Female,9233507558,United Kingdom,1982-03-05
1050,Karthik,Das,karthik.das1050@example.com,Male,9561316572,France,2002-09-21
1051,Isha,Reddy,isha.reddy1051@mail.com,Male,7644915214,South Africa,1980-06-01
1052,Anil,Iyer,anil.iyer1052@mail.com,Male,8801899123,South Africa,2005-04-03
1053,Reyansh,Sharma,reyansh.sharma1053@gmail.com,Male,9263303271,Canada,1972-10-05
1054,Mohit,Kumar,mohit.kumar1054@outlook.com,Female,7913397159,Brazil,1971-02-13
1055,Sneha,Malhotra,sneha.malhotra1055@outlook.com,Female,9048843607,India,1999-10-05
1056,Vivaan,Roy,vivaan.roy1056@mail.com,Male,9381061998,United States,1998-10-27
1057,Anil,Bose,anil.bose1057@example.com,Male,8340568419,UAE,1967-08-07
1058,Aditya,Patel,aditya.patel1058@gmail.com,Male,6442341031,Brazil,1984-03-15
1059,Diya,Das,diya.das1059@mail.com,Female,6801805584,United Kingdom,1972-04-30
1060,Vihaan,Menon,vihaan.menon1060@gmail.com,Female,7046633063,Australia,1995-03-08
1061,Tarun,Joshi,tarun.joshi1061@mail.com,Female,6179703054,UAE,1969-10-08
1062,Kavya,Naidu,kavya.naidu1062@yahoo.com,Female,6090703393,South Africa,1986-05-25
1063,Vihaan,Kapoor,vihaan.kapoor1063@example.com,Female,9127141135,Brazil,2006-12-02
1064,Aanya,Agarwal,aanya.agarwal1064@yahoo.com,Female,9897756713,United Kingdom,2002-06-11
1065,Arjun,Reddy,arjun.reddy1065@example.com,Female,7769909523,Brazil,1991-05-08
1066,Vihaan,Kashyap,vihaan.kashyap1066@yahoo.com,Female,8236426660,United Kingdom,1977-02-09
1067,Tarun,Verma,tarun.verma1067@mail.com,Female,7691441068,Germany,2005-10-12
1068,Riya,Mehta,riya.mehta1068@outlook.com,Male,8604885285,United Kingdom,1975-07-01
1069,Aarav,Naidu,aarav.naidu1069@mail.com,Female,9525386882,Australia,2004-05-22
1070,Rohan,Chauhan,rohan.chauhan1070@mail.com,Female,7437003404,United Kingdom,1988-07-01
1071,Anil,Sharma,anil.sharma1071@mail.com,Male,7606637077,United States,1966-03-03
1072,Mohit,Gupta,mohit.gupta1072@outlook.com,Female,9613812040,UAE,1996-05-20
1073,Arjun,Khan,arjun.khan1073@yahoo.com,Male,6091833116,Canada,1992-07-12
1074,Mohit,Malhotra,mohit.malhotra1074@outlook.com,Male,8866324342,India,1971-07-24
1075,Ananya,Sharma,ananya.sharma1075@mail.com,Female,8073838165,France,1981-11-04
1076,Vihaan,Naidu,vihaan.naidu1076@yahoo.com,Male,6532439275,Australia,1979-12-04
1077,Mohit,Prasad,mohit.prasad1077@gmail.com,Male,7993402952,Brazil,1970-12-21
1078,Rohan,Khan,rohan.khan1078@yahoo.com,Female,6109042259,Australia,2006-05-01
1079,Aditya,Yadav,aditya.yadav1079@mail.com,Male,6890116448,United Kingdom,1995-04-24
1080,Myra,Sharma,myra.sharma1080@gmail.com,Male,9821540727,United Kingdom,1981-07-08
1081,Arjun,Sharma,arjun.sharma1081@example.com,Female,9285479181,India,2001-06-20
1082,Riya,Bhatt,riya.bhatt1082@mail.com,Male,8744787177,Australia,1995-11-06
1083,Rohan,Kumar,rohan.kumar1083@gmail.com,Female,9981932903,UAE,1993-07-10
1084,Reyansh,Trivedi,reyansh.trivedi1084@gmail.com,Male,9584560129,United Kingdom,1982-08-16
1085,Sara,Nair,sara.nair1085@mail.com,Male,6637800448,United Kingdom,1994-07-23
1086,Krishna,Pillai,krishna.pillai1086@yahoo.com,Male,9268755424,UAE,1973-01-05
1087,Ritu,Roy,ritu.roy1087@mail.com,Female,6224868161,France,1990-02-19
1088,Diya,Ghosh,diya.ghosh1088@outlook.com,Female,9068286864,UAE,2001-03-31
1089,Ananya,Singh,ananya.singh1089@yahoo.com,Female,9554002169,South Africa,1981-11-04
1090,Riya,Reddy,riya.reddy1090@outlook.com,Female,7919909271,France,1990-08-28
1091,Vihaan,Chauhan,vihaan.chauhan1091@mail.com,Male,6860387572,United Kingdom,1983-11-10
1092,Aditya,Patel,aditya.patel1092@gmail.com,Male,9557885044,UAE,1974-04-23
1093,Isha,Agarwal,isha.agarwal1093@gmail.com,Female,7849960975,South Africa,1999-01-30
1094,Anil,Trivedi,anil.trivedi1094@outlook.com,Male,6935914991,United Kingdom,2002-10-06
1095,Myra,Sharma,myra.sharma1095@outlook.com,Female,9528575739,France,1998-08-18
1096,Aditya,Nair,aditya.nair1096@mail.com,Male,8658822996,France,1991-05-28
1097,Kavya,Kapoor,kavya.kapoor1097@gmail.com,Female,7100375237,Australia,1994-06-19
1098,Pooja,Singh,pooja.singh1098@yahoo.com,Male,6370443082,Canada,1986-10-15
1099,Isha,Nair,isha.nair1099@gmail.com,Male,7298377395,Australia,1994-09-04
1100,Aditya,Roy,aditya.roy1100@mail.com,Female,9264629857,South Africa,1975-05-07
1101,Vihaan,Prasad,vihaan.prasad1101@outlook.com,Male,8015376248,Canada,1983-12-25
1102,Mohit,Khan,mohit.khan1102@gmail.com,Male,9606205885,India,1996-12-08
1103,Riya,Roy,riya.roy1103@gmail.com,Female,8894283353,India,1986-11-09
1104,Nisha,Bose,nisha.bose1104@yahoo.com,Male,6024985982,Brazil,1995-03-14
1105,Aanya,Agarwal,aanya.agarwal1105@yahoo.com,Male,8154430718,South Africa,1979-10-11
1106,Sahil,Bhatia,sahil.bhatia1106@outlook.com,Male,9755162978,UAE,1987-05-05
1107,Kiran,Reddy,kiran.reddy1107@outlook.com,Female,7306624306,India,1973-06-04
1108,Sunita,Bhatt,sunita.bhatt1108@outlook.com,Female,9352787943,South Africa,1982-06-05
1109,Sahil,Pillai,sahil.pillai1109@mail.com,Male,6090715626,Australia,1988-01-31
1110,Sara,Pillai,sara.pillai1110@mail.com,Male,8339189116,Canada,1967-09-25
1111,Karthik,Pillai,karthik.pillai1111@outlook.com,Female,9935111550,UAE,1989-01-17
1112,Myra,Agarwal,myra.agarwal1112@gmail.com,Female,6047433643,South Africa,1969-04-18
1113,Myra,Roy,myra.roy1113@mail.com,Female,9107369655,India,2001-09-02
1114,Kiran,Khan,kiran.khan1114@mail.com,Female,7950131268,France,2003-12-07
1115,Kavya,Ghosh,kavya.ghosh1115@yahoo.com,Female,7852615786,Canada,1996-02-05
1116,Pooja,Joshi,pooja.joshi1116@example.com,Male,9262818118,South Africa,1980-10-07
1117,Mohit,Das,mohit.das1117@gmail.com,Female,8921593904,France,1971-12-23
1118,Priya,Malhotra,priya.malhotra1118@gmail.com,Female,9559295686,United States,1972-08-16
1119,Aditya,Menon,aditya.menon1119@mail.com,Male,7370489207,France,1997-08-16
1120,Sneha,Bhatt,sneha.bhatt1120@outlook.com,Female,6564772477,UAE,1990-02-13
1121,Aarav,Mehta,aarav.mehta1121@gmail.com,Male,8391358917,France,2000-09-07
1122,Ananya,Reddy,ananya.reddy1122@outlook.com,Male,7996916229,Canada,1993-02-04
1123,Karthik,Das,karthik.das1123@example.com,Male,7091541781,Australia,1967-12-06
1124,Kavya,Das,kavya.das1124@mail.com,Female,9953373706,United Kingdom,2001-09-22
1125,Sunita,Das,sunita.das1125@outlook.com,Female,9425965096,France,1978-10-20
1126,Sneha,Naidu,sneha.naidu1126@gmail.com,Male,6128425969,United States,1974-12-29
1127,Aarav,Malhotra,aarav.malhotra1127@example.com,Male,9902072088,Brazil,1999-09-29
1128,Aditya,Ghosh,aditya.ghosh1128@yahoo.com,Male,8666251072,Germany,1986-12-27
1129,Mohit,Gupta,mohit.gupta1129@outlook.com,Male,7695422507,United Kingdom,1993-07-23
1130,Arjun,Kumar,arjun.kumar1130@outlook.com,Male,8598100366,UAE,1994-01-30
1131,Tarun,Bhatia,tarun.bhatia1131@outlook.com,Male,6073977398,India,1997-02-07
1132,Kavya,Bhatia,kavya.bhatia1132@outlook.com,Male,8914498752,Brazil,1999-09-24
1133,Mohit,Pillai,mohit.pillai1133@gmail.com,Male,8919892790,United States,2002-03-02
1134,Sunita,Bhatt,sunita.bhatt1134@yahoo.com,Male,8251068433,France,1971-10-28
1135,Aanya,Mehta,aanya.mehta1135@outlook.com,Male,7963106117,South Africa,1971-07-28
1136,Aditya,Singh,aditya.singh1136@outlook.com,Female,8920120081,South Africa,2007-10-16
1137,Sara,Bhatt,sara.bhatt1137@gmail.com,Male,9220810375,France,1968-11-01
1138,Sahil,Trivedi,sahil.trivedi1138@example.com,Male,6713907451,UAE,1998-01-15
1139,Vihaan,Khan,vihaan.khan1139@yahoo.com,Female,9681147569,United States,1995-01-03
1140,Aditya,Mehta,aditya.mehta1140@mail.com,Female,6184679157,Canada,1984-06-01
1141,Mohit,Kumar,mohit.kumar1141@mail.com,Female,8117000204,Germany,1981-03-04
1142,Mohit,Malhotra,mohit.malhotra1142@yahoo.com,Female,8505659997,UAE,2002-04-10
1143,Aanya,Shah,aanya.shah1143@yahoo.com,Male,7153434525,France,1996-12-29
1144,Sahil,Kumar,sahil.kumar1144@gmail.com,Female,7849469302,Canada,1988-01-18
1145,Myra,Trivedi,myra.trivedi1145@yahoo.com,Female,7843545470,United States,2004-05-19
1146,Reyansh,Chauhan,reyansh.chauhan1146@outlook.com,Female,7318879648,Australia,1993-09-21
1147,Sunita,Joshi,sunita.joshi1147@mail.com,Male,7744539303,Brazil,1967-05-05
1148,Nisha,Bhatia,nisha.bhatia1148@yahoo.com,Female,8190692893,France,1973-04-19
1149,Pooja,Kapoor,pooja.kapoor1149@outlook.com,Male,6534183288,Brazil,1972-03-05
1150,Kavya,Mehta,kavya.mehta1150@gmail.com,Male,6954390136,Canada,1984-06-30
1151,Kavya,Iyer,kavya.iyer1151@gmail.com,Male,8099220840,Australia,2006-04-02
1152,Reyansh,Chauhan,reyansh.chauhan1152@mail.com,Male,9207466708,Australia,2004-12-18
1153,Pooja,Bhatia,pooja.bhatia1153@gmail.com,Female,7755885266,United Kingdom,2003-06-28
1154,Vivaan,Kashyap,vivaan.kashyap1154@outlook.com,Male,7832003042,France,1985-11-06
1155,Pooja,Singh,pooja.singh1155@example.com,Male,9644298500,South Africa,1970-09-08
1156,Sahil,Iyer,sahil.iyer1156@yahoo.com,Male,9430262852,UAE,1981-02-01
1157,Sunita,Gupta,sunita.gupta1157@example.com,Male,6895852068,Germany,1982-03-29
1158,Aanya,Verma,aanya.verma1158@gmail.com,Female,9889637601,India,1992-12-12
1159,Nisha,Patel,nisha.patel1159@example.com,Male,7685189093,United Kingdom,1973-06-25
1160,Aarav,Iyer,aarav.iyer1160@mail.com,Female,8717872894,South Africa,2000-04-28
1161,Karthik,Joshi,karthik.joshi1161@mail.com,Male,8449946684,France,1998-09-01
1162,Krishna,Iyer,krishna.iyer1162@yahoo.com,Male,6312857849,South Africa,1993-01-07
1163,Aarav,Roy,aarav.roy1163@yahoo.com,Male,7957264302,Australia,1971-10-21
1164,Anil,Prasad,anil.prasad1164@outlook.com,Female,8975238169,Australia,2004-11-15
1165,Pooja,Patel,pooja.patel1165@gmail.com,Male,6226476684,Germany,1983-12-09
1166,Kavya,Joshi,kavya.joshi1166@mail.com,Male,9113554255,Brazil,1967-02-11
1167,Riya,Nair,riya.nair1167@example.com,Female,6975552613,Brazil,1978-10-19
1168,Ritu,Prasad,ritu.prasad1168@example.com,Male,8688743951,France,1997-10-05
1169,Tarun,Menon,tarun.menon1169@mail.com,Female,6958813903,Canada,1994-02-21
1170,Sunita,Singh,sunita.singh1170@example.com,Male,9949108802,Brazil,1986-01-23
1171,Ananya,Malhotra,ananya.malhotra1171@yahoo.com,Female,9685113631,India,1988-07-07
1172,Vivaan,Sharma,vivaan.sharma1172@outlook.com,Female,8159376118,South Africa,1999-08-12
1173,Kiran,Patel,kiran.patel1173@gmail.com,Male,8592180962,Germany,1970-10-30
1174,Vivaan,Trivedi,vivaan.trivedi1174@gmail.com,Male,8906924313,Australia,1971-07-20
1175,Kavya,Menon,kavya.menon1175@mail.com,Female,7727635673,Australia,1983-07-14
1176,Pooja,Mehta,pooja.mehta1176@mail.com,Male,7307395961,Brazil,1992-12-24
1177,Aanya,Mehta,aanya.mehta1177@yahoo.com,Male,8702906251,France,1973-06-09
1178,Sahil,Mehta,sahil.mehta1178@gmail.com,Male,8822543467,Australia,1993-06-27
1179,Riya,Iyer,riya.iyer1179@example.com,Male,7536032221,Brazil,1987-05-24
1180,Krishna,Singh,krishna.singh1180@yahoo.com,Male,7447132025,Canada,1970-09-20
1181,Aarav,Gupta,aarav.gupta1181@example.com,Female,9593442041,United States,1970-06-30
1182,Sara,Pillai,sara.pillai1182@gmail.com,Male,9666084514,UAE,1975-01-03
1183,Kavya,Yadav,kavya.yadav1183@yahoo.com,Male,9827525942,Canada,1995-07-01
1184,Reyansh,Naidu,reyansh.naidu1184@mail.com,Female,8639137453,France,1988-12-21
1185,Tarun,Bhatia,tarun.bhatia1185@mail.com,Female,9408516098,United Kingdom,1990-06-24
1186,Ritu,Joshi,ritu.joshi1186@outlook.com,Female,6692674016,South Africa,2006-08-04
1187,Tarun,Iyer,tarun.iyer1187@outlook.com,Male,8071018785,UAE,2007-03-24
1188,Riya,Agarwal,riya.agarwal1188@outlook.com,Male,9891149104,United Kingdom,2005-07-29
1189,Vihaan,Agarwal,vihaan.agarwal1189@example.com,Female,7896860982,Canada,2000-09-07
1190,Riya,Yadav,riya.yadav1190@mail.com,Male,7769989662,India,1981-03-15
1191,Karthik,Chauhan,karthik.chauhan1191@mail.com,Female,8657505545,Germany,1999-08-27
1192,Anil,Shah,anil.shah1192@outlook.com,Female,8838069484,India,2003-11-16
1193,Aarav,Roy,aarav.roy1193@outlook.com,Female,8771001649,Canada,1989-01-26
1194,Ananya,Gupta,ananya.gupta1194@outlook.com,Female,7876281976,Australia,1989-05-09
1195,Tarun,Pillai,tarun.pillai1195@example.com,Female,7218393193,United States,1980-07-28
1196,Vihaan,Yadav,vihaan.yadav1196@example.com,Male,8569160990,South Africa,1995-03-28
1197,Vivaan,Prasad,vivaan.prasad1197@mail.com,Female,9646345922,France,1991-12-23
1198,Priya,Prasad,priya.prasad1198@example.com,Female,9405914267,India,1984-04-25
1199,Ritu,Mehta,ritu.mehta1199@outlook.com,Female,8776413646,United States,1984-01-13
1200,Myra,Naidu,myra.naidu1200@outlook.com,Male,8035725687,France,1989-08-16
1201,Mohit,Roy,mohit.roy1201@gmail.com,Female,9317657350,India,2004-01-24
1202,Sunita,Iyer,sunita.iyer1202@example.com,Male,8963727865,France,1972-03-06
1203,Arjun,Joshi,arjun.joshi1203@mail.com,Female,7088847232,Brazil,1984-11-24
1204,Vihaan,Kapoor,vihaan.kapoor1204@outlook.com,Female,7571140195,Australia,1997-06-09
1205,Ananya,Yadav,ananya.yadav1205@gmail.com,Male,6754955368,Brazil,1993-10-04
1206,Vihaan,Shah,vihaan.shah1206@yahoo.com,Female,8249003022,United Kingdom,1978-01-13
1207,Sunita,Khan,sunita.khan1207@example.com,Female,7371524653,United States,1975-12-17
1208,Maya,Kashyap,maya.kashyap1208@yahoo.com,Female,9041281819,Australia,1971-11-08
1209,Sahil,Yadav,sahil.yadav1209@gmail.com,Female,8166334397,Brazil,1985-08-24
1210,Krishna,Trivedi,krishna.trivedi1210@example.com,Female,6556527381,United States,1993-03-03
1211,Ananya,Naidu,ananya.naidu1211@yahoo.com,Female,7784467746,UAE,1976-08-11
1212,Priya,Sharma,priya.sharma1212@gmail.com,Female,9586800206,Germany,2007-10-04
1213,Aditya,Agarwal,aditya.agarwal1213@mail.com,Female,6324855155,Germany,1990-05-18
1214,Priya,Patel,priya.patel1214@yahoo.com,Male,9526216350,Germany,1969-10-27
1215,Aarav,Bose,aarav.bose1215@example.com,Male,8574487237,Brazil,1973-06-09
1216,Arjun,Trivedi,arjun.trivedi1216@gmail.com,Female,8369583277,Australia,1985-11-30
1217,Priya,Iyer,priya.iyer1217@outlook.com,Female,8656776079,United Kingdom,1979-09-09
1218,Vihaan,Trivedi,vihaan.trivedi1218@gmail.com,Male,9024772544,United States,1994-07-21
1219,Sahil,Malhotra,sahil.malhotra1219@example.com,Male,9578811807,UAE,1970-09-26
1220,Diya,Chauhan,diya.chauhan1220@gmail.com,Female,6681359831,UAE,1986-10-17
1221,Kavya,Shah,kavya.shah1221@outlook.com,Female,8582068909,UAE,1981-09-25
1222,Priya,Kashyap,priya.kashyap1222@yahoo.com,Male,9649417779,Canada,2006-05-18
1223,Maya,Yadav,maya.yadav1223@yahoo.com,Female,6931447441,India,1992-01-21
1224,Tarun,Sharma,tarun.sharma1224@mail.com,Female,7489061351,Canada,1980-05-31
1225,Kavya,Shah,kavya.shah1225@yahoo.com,Female,9484479929,United Kingdom,1966-12-26
1226,Kiran,Nair,kiran.nair1226@example.com,Female,9555259061,United States,1973-01-27
1227,Maya,Yadav,maya.yadav1227@gmail.com,Female,8583637619,Canada,1991-02-08
1228,Rohan,Trivedi,rohan.trivedi1228@gmail.com,Male,7760735883,France,1976-03-26
1229,Vivaan,Reddy,vivaan.reddy1229@yahoo.com,Female,8213862330,India,1972-10-25
1230,Aanya,Shah,aanya.shah1230@outlook.com,Male,7961267398,South Africa,1974-02-17
1231,Myra,Naidu,myra.naidu1231@gmail.com,Male,7300009469,France,1981-06-09
1232,Arjun,Trivedi,arjun.trivedi1232@gmail.com,Female,8353197597,United Kingdom,1966-03-07
1233,Mohit,Ghosh,mohit.ghosh1233@mail.com,Female,9599945678,Australia,1982-06-01
1234,Mohit,Kumar,mohit.kumar1234@example.com,Female,6301024653,South Africa,1970-10-21
1235,Aditya,Das,aditya.das1235@example.com,Female,8664814434,United States,2001-11-11
1236,Kiran,Agarwal,kiran.agarwal1236@example.com,Male,8931094992,United States,2006-06-18
1237,Vihaan,Menon,vihaan.menon1237@mail.com,Male,9759172928,Germany,2006-05-26
1238,Vihaan,Chauhan,vihaan.chauhan1238@yahoo.com,Male,6356075258,South Africa,1985-06-16
1239,Sai,Shah,sai.shah1239@gmail.com,Male,7940235495,France,1967-08-09
1240,Sunita,Verma,sunita.verma1240@outlook.com,Female,6572290621,United Kingdom,2003-03-08
1241,Aanya,Patel,aanya.patel1241@mail.com,Female,6928027612,UAE,1975-08-23
1242,Ritu,Bose,ritu.bose1242@example.com,Male,7717597274,Australia,1999-12-22
1243,Sahil,Menon,sahil.menon1243@example.com,Female,9000555349,UAE,1977-01-23
1244,Krishna,Reddy,krishna.reddy1244@yahoo.com,Male,8132535802,UAE,1986-06-17
1245,Riya,Kumar,riya.kumar1245@example.com,Male,6920667888,Germany,1968-09-29
1246,Myra,Nair,myra.nair1246@mail.com,Female,6551862482,Germany,1991-07-29
1247,Ananya,Joshi,ananya.joshi1247@example.com,Male,6087919587,United States,1973-02-16
1248,Nisha,Yadav,nisha.yadav1248@mail.com,Female,9938820639,South Africa,2002-02-26
1249,Rohan,Ghosh,rohan.ghosh1249@gmail.com,Female,8259537955,France,1999-04-05
1250,Aarav,Verma,aarav.verma1250@outlook.com,Male,6632121455,France,1967-03-27
1251,Ritu,Patel,ritu.patel1251@yahoo.com,Male,9027716181,France,2006-06-16
1252,Karthik,Pillai,karthik.pillai1252@example.com,Female,7341891983,India,1987-02-04
1253,Ritu,Bhatt,ritu.bhatt1253@example.com,Male,7279969485,UAE,1973-10-11
1254,Aanya,Pillai,aanya.pillai1254@mail.com,Male,8993398368,Germany,1999-04-18
1255,Aanya,Iyer,aanya.iyer1255@gmail.com,Female,8240361597,UAE,1999-11-17
1256,Sunita,Naidu,sunita.naidu1256@mail.com,Female,6995499069,India,1983-03-16
1257,Sahil,Menon,sahil.menon1257@mail.com,Female,7757845088,United Kingdom,1982-08-29
1258,Myra,Chauhan,myra.chauhan1258@gmail.com,Female,9095362719,Brazil,1999-04-01
1259,Sara,Das,sara.das1259@mail.com,Male,6620140900,UAE,2003-06-12
1260,Maya,Gupta,maya.gupta1260@mail.com,Female,9322934453,UAE,2002-01-15
1261,Vivaan,Iyer,vivaan.iyer1261@mail.com,Female,6092306748,South Africa,2005-01-15
1262,Karthik,Yadav,karthik.yadav1262@example.com,Female,8965959533,United States,1972-04-19
1263,Diya,Kumar,diya.kumar1263@outlook.com,Female,9661852565,United States,1974-03-24
1264,Anil,Shah,anil.shah1264@example.com,Male,9462994210,Germany,1992-06-22
1265,Sara,Khan,sara.khan1265@example.com,Male,7975786361,France,1977-05-06
1266,Nisha,Iyer,nisha.iyer1266@example.com,Male,7775796880,France,1976-03-19
1267,Ritu,Iyer,ritu.iyer1267@mail.com,Male,8255646099,India,1988-09-20
1268,Arjun,Malhotra,arjun.malhotra1268@outlook.com,Male,9448295839,Germany,1984-08-31
1269,Ritu,Bhatt,ritu.bhatt1269@example.com,Female,9711476316,Australia,1999-12-19
1270,Rohan,Kumar,rohan.kumar1270@outlook.com,Male,6637709635,UAE,1990-08-31
1271,Vihaan,Das,vihaan.das1271@example.com,Male,6289492695,UAE,1981-04-13
1272,Sara,Khan,sara.khan1272@mail.com,Female,8171583746,India,1998-07-01
1273,Tarun,Menon,tarun.menon1273@yahoo.com,Male,9431140972,South Africa,1998-08-04
1274,Aanya,Sharma,aanya.sharma1274@gmail.com,Male,6971727000,United States,1976-03-23
1275,Sneha,Reddy,sneha.reddy1275@outlook.com,Male,6509013548,Brazil,1969-06-06
1276,Tarun,Reddy,tarun.reddy1276@yahoo.com,Female,6767327470,South Africa,1988-11-20
1277,Isha,Bose,isha.bose1277@yahoo.com,Male,9242132571,Germany,1969-05-20
1278,Krishna,Ghosh,krishna.ghosh1278@yahoo.com,Female,7369026229,UAE,1981-02-09
1279,Myra,Roy,myra.roy1279@yahoo.com,Male,8541852524,India,1974-09-02
1280,Rohan,Khan,rohan.khan1280@mail.com,Male,8715377398,Germany,1982-11-25
1281,Sneha,Das,sneha.das1281@gmail.com,Female,7382217191,United Kingdom,1997-06-12
1282,Ananya,Yadav,ananya.yadav1282@gmail.com,Female,9061838302,India,2001-01-03
1283,Karthik,Singh,karthik.singh1283@gmail.com,Female,9588842763,Brazil,1996-11-23
1284,Diya,Nair,diya.nair1284@example.com,Male,8130468920,United States,1975-12-26
1285,Vivaan,Yadav,vivaan.yadav1285@outlook.com,Male,9783248873,Australia,1967-12-03
1286,Reyansh,Yadav,reyansh.yadav1286@mail.com,Female,6911080404,United Kingdom,2005-07-16
1287,Kiran,Kumar,kiran.kumar1287@gmail.com,Female,7050828876,India,1980-01-07
1288,Priya,Verma,priya.verma1288@yahoo.com,Female,9399539903,Canada,1986-07-25
1289,Anil,Menon,anil.menon1289@yahoo.com,Female,9996002782,Australia,1978-06-10
1290,Rohan,Bhatia,rohan.bhatia1290@yahoo.com,Male,6199584826,UAE,1989-12-08
1291,Sai,Shah,sai.shah1291@yahoo.com,Female,9912385039,United States,1990-09-02
1292,Vivaan,Naidu,vivaan.naidu1292@yahoo.com,Female,6113783789,United Kingdom,2000-01-05
1293,Sai,Roy,sai.roy1293@example.com,Male,9407762014,Australia,1981-01-22
1294,Riya,Yadav,riya.yadav1294@yahoo.com,Male,8206284138,France,2002-10-28
1295,Myra,Gupta,myra.gupta1295@example.com,Female,8872847337,France,2005-10-28
1296,Sai,Chauhan,sai.chauhan1296@mail.com,Male,6262294902,South Africa,1981-09-26
1297,Mohit,Kashyap,mohit.kashyap1297@outlook.com,Male,9959478939,Canada,1969-08-24
1298,Mohit,Bhatia,mohit.bhatia1298@yahoo.com,Female,9069249368,Germany,1979-06-22
1299,Sneha,Yadav,sneha.yadav1299@yahoo.com,Female,7616333546,United Kingdom,2005-10-04
1300,Sahil,Iyer,sahil.iyer1300@example.com,Male,8009335885,India,1984-03-24
1301,Vivaan,Kumar,vivaan.kumar1301@outlook.com,Female,9762442628,United States,1995-06-18
1302,Diya,Menon,diya.menon1302@yahoo.com,Male,7176626036,Brazil,1989-10-30
1303,Nisha,Mehta,nisha.mehta1303@yahoo.com,Female,8791439962,United Kingdom,1998-05-06
1304,Kiran,Verma,kiran.verma1304@yahoo.com,Female,6687022915,France,1990-05-21
1305,Maya,Naidu,maya.naidu1305@gmail.com,Female,9020496169,France,1966-07-19
1306,Rohan,Iyer,rohan.iyer1306@yahoo.com,Male,7844547000,Australia,1986-05-07
1307,Krishna,Ghosh,krishna.ghosh1307@outlook.com,Female,6036896560,Australia,1992-11-01
1308,Maya,Roy,maya.roy1308@mail.com,Female,9769195914,United Kingdom,1975-05-16
1309,Aditya,Nair,aditya.nair1309@gmail.com,Male,6154019457,Germany,1978-12-13
1310,Vivaan,Shah,vivaan.shah1310@yahoo.com,Male,8592071585,South Africa,1977-02-26
1311,Vihaan,Bose,vihaan.bose1311@gmail.com,Female,6676167580,India,1982-10-30
1312,Kavya,Agarwal,kavya.agarwal1312@yahoo.com,Male,8839778736,France,1987-03-08
1313,Anil,Nair,anil.nair1313@mail.com,Female,9859479394,Canada,1981-03-30
1314,Priya,Naidu,priya.naidu1314@outlook.com,Female,7271157982,UAE,1970-09-29
1315,Krishna,Prasad,krishna.prasad1315@example.com,Male,6297723972,South Africa,1974-04-12
1316,Maya,Bose,maya.bose1316@example.com,Female,9222200877,UAE,1982-08-17
1317,Reyansh,Kapoor,reyansh.kapoor1317@example.com,Female,8563492509,United Kingdom,1993-03-14
1318,Tarun,Bhatia,tarun.bhatia1318@mail.com,Male,8196916253,France,1992-03-29
1319,Riya,Iyer,riya.iyer1319@gmail.com,Male,9846805649,India,1986-12-03
1320,Anil,Patel,anil.patel1320@yahoo.com,Female,6942050444,Canada,1991-05-15
1321,Priya,Naidu,priya.naidu1321@yahoo.com,Male,6763843106,Germany,1987-02-23
1322,Arjun,Sharma,arjun.sharma1322@gmail.com,Male,6324395335,Germany,1981-05-25
1323,Diya,Roy,diya.roy1323@mail.com,Male,8915627213,Brazil,2005-12-19
1324,Aanya,Yadav,aanya.yadav1324@outlook.com,Male,9171632786,UAE,2001-11-22
1325,Isha,Joshi,isha.joshi1325@yahoo.com,Male,8154819884,France,1979-01-26
1326,Sai,Malhotra,sai.malhotra1326@example.com,Male,8000058549,Australia,1999-09-21
1327,Maya,Bhatia,maya.bhatia1327@example.com,Male,9294022725,United States,2004-06-10
1328,Sahil,Yadav,sahil.yadav1328@mail.com,Male,7825775494,United Kingdom,1968-12-21
1329,Diya,Kashyap,diya.kashyap1329@example.com,Male,7303613070,France,2000-10-11
1330,Maya,Sharma,maya.sharma1330@mail.com,Female,9563439528,United States,1972-06-22
1331,Aanya,Roy,aanya.roy1331@mail.com,Male,9204320838,United Kingdom,1987-10-13
1332,Pooja,Roy,pooja.roy1332@mail.com,Female,9391458360,United Kingdom,1994-09-07
1333,Arjun,Gupta,arjun.gupta1333@outlook.com,Female,8321102549,UAE,1975-09-02
1334,Aditya,Khan,aditya.khan1334@gmail.com,Male,7028040284,France,1995-09-30
1335,Vivaan,Reddy,vivaan.reddy1335@mail.com,Female,7656788078,Brazil,2007-09-28
1336,Sneha,Bhatia,sneha.bhatia1336@yahoo.com,Female,8129120087,Canada,1976-05-26
1337,Arjun,Yadav,arjun.yadav1337@example.com,Female,8066916732,Canada,1997-09-23
1338,Priya,Pillai,priya.pillai1338@outlook.com,Female,9865763561,India,1983-10-27
1339,Aarav,Kapoor,aarav.kapoor1339@mail.com,Female,9422167399,France,1995-09-11
1340,Ananya,Bhatia,ananya.bhatia1340@mail.com,Female,6913437074,United Kingdom,1978-01-27
1341,Riya,Kumar,riya.kumar1341@mail.com,Male,7158797765,United States,1994-05-24
1342,Myra,Yadav,myra.yadav1342@mail.com,Male,8058224173,United States,1993-02-12
1343,Pooja,Joshi,pooja.joshi1343@gmail.com,Male,9381836018,France,1999-11-20
1344,Vivaan,Menon,vivaan.menon1344@gmail.com,Male,6473973065,UAE,1970-07-11
1345,Myra,Prasad,myra.prasad1345@yahoo.com,Male,6488391401,Germany,2006-05-27
1346,Sara,Khan,sara.khan1346@outlook.com,Female,7817188180,United States,2006-12-01
1347,Kiran,Iyer,kiran.iyer1347@mail.com,Female,8227892644,Canada,2006-07-28
1348,Karthik,Bhatt,karthik.bhatt1348@outlook.com,Female,9861016974,India,2004-10-26
1349,Vihaan,Pillai,vihaan.pillai1349@mail.com,Male,8407304150,South Africa,1969-04-06
1350,Riya,Gupta,riya.gupta1350@outlook.com,Female,7638055072,South Africa,1978-04-23
1351,Aanya,Malhotra,aanya.malhotra1351@mail.com,Male,9196203350,Germany,1982-06-24
1352,Rohan,Bhatt,rohan.bhatt1352@example.com,Female,6105192695,Canada,1983-02-22
1353,Aditya,Naidu,aditya.naidu1353@mail.com,Male,7426802972,Germany,1999-09-12
1354,Isha,Shah,isha.shah1354@yahoo.com,Female,9284254860,Canada,1970-12-25
1355,Krishna,Shah,krishna.shah1355@gmail.com,Male,9508997236,Australia,1967-03-15
1356,Pooja,Yadav,pooja.yadav1356@gmail.com,Male,7569483930,Germany,2003-11-19
1357,Aanya,Reddy,aanya.reddy1357@example.com,Female,7678364437,Australia,1995-06-28
1358,Arjun,Kapoor,arjun.kapoor1358@mail.com,Male,8508577097,India,1985-02-15
1359,Tarun,Verma,tarun.verma1359@gmail.com,Female,8445032893,Germany,1987-01-21
1360,Riya,Nair,riya.nair1360@gmail.com,Female,9192121350,United States,2001-07-06
1361,Rohan,Prasad,rohan.prasad1361@gmail.com,Male,8330408472,Brazil,1966-02-21
1362,Pooja,Reddy,pooja.reddy1362@yahoo.com,Male,9541589348,Germany,1995-04-09
1363,Sahil,Iyer,sahil.iyer1363@example.com,Female,6282913283,France,1973-11-12
1364,Vivaan,Kapoor,vivaan.kapoor1364@yahoo.com,Female,9345250948,United Kingdom,1976-04-21
1365,Nisha,Reddy,nisha.reddy1365@yahoo.com,Female,7025350278,Canada,1976-09-07
1366,Kiran,Yadav,kiran.yadav1366@mail.com,Female,7378523341,UAE,2005-07-15
1367,Kavya,Prasad,kavya.prasad1367@outlook.com,Female,8719278294,Canada,2004-01-29
1368,Myra,Singh,myra.singh1368@mail.com,Male,9043156036,UAE,1975-01-02
1369,Ritu,Yadav,ritu.yadav1369@example.com,Female,9649394384,United States,1997-02-07
1370,Krishna,Joshi,krishna.joshi1370@example.com,Male,6647800286,India,1969-10-07
1371,Reyansh,Menon,reyansh.menon1371@example.com,Female,6985393940,United Kingdom,1967-12-12
1372,Kavya,Kumar,kavya.kumar1372@mail.com,Female,9850253897,Brazil,1971-02-08
1373,Pooja,Shah,pooja.shah1373@example.com,Male,9738634827,Brazil,2001-11-25
1374,Kiran,Sharma,kiran.sharma1374@example.com,Female,9464903151,UAE,1972-02-27
1375,Pooja,Kumar,pooja.kumar1375@mail.com,Male,6430076975,UAE,1978-01-10
1376,Tarun,Chauhan,tarun.chauhan1376@gmail.com,Female,8484153050,Canada,1968-01-18
1377,Maya,Bhatia,maya.bhatia1377@mail.com,Male,6326243275,Australia,1996-01-28
1378,Aditya,Bhatt,aditya.bhatt1378@gmail.com,Female,6208503262,France,1965-12-24
1379,Pooja,Bhatia,pooja.bhatia1379@mail.com,Female,7969313080,Canada,1971-10-03
1380,Tarun,Patel,tarun.patel1380@mail.com,Male,8658294102,India,1968-10-06
1381,Maya,Prasad,maya.prasad1381@mail.com,Male,9079592551,United States,1993-07-09
1382,Maya,Gupta,maya.gupta1382@example.com,Female,6018331141,United Kingdom,1987-01-13
1383,Karthik,Trivedi,karthik.trivedi1383@example.com,Male,6796664212,United States,1975-07-21
1384,Diya,Yadav,diya.yadav1384@mail.com,Female,7797718454,Canada,1967-08-31
1385,Pooja,Chauhan,pooja.chauhan1385@yahoo.com,Male,7545027289,United Kingdom,1971-09-04
1386,Myra,Khan,myra.khan1386@yahoo.com,Female,9480087855,India,2005-04-26
1387,Sneha,Khan,sneha.khan1387@yahoo.com,Male,7310262279,United Kingdom,1971-01-13
1388,Priya,Khan,priya.khan1388@gmail.com,Male,7642350969,France,1967-03-17
1389,Myra,Pillai,myra.pillai1389@outlook.com,Male,8604263422,Australia,1976-05-15
1390,Sneha,Nair,sneha.nair1390@mail.com,Male,8803936108,Canada,1968-11-07
1391,Arjun,Iyer,arjun.iyer1391@outlook.com,Female,9546249756,Canada,1989-12-01
1392,Diya,Mehta,diya.mehta1392@gmail.com,Female,9649675513,South Africa,2007-07-22
1393,Pooja,Kumar,pooja.kumar1393@example.com,Male,8383930708,United Kingdom,2005-02-27
1394,Ritu,Reddy,ritu.reddy1394@yahoo.com,Female,6062015545,Germany,1978-09-02
1395,Maya,Kapoor,maya.kapoor1395@outlook.com,Female,8483194847,South Africa,2004-05-10
1396,Diya,Bhatia,diya.bhatia1396@mail.com,Male,6216483792,Canada,1979-01-10
1397,Isha,Kashyap,isha.kashyap1397@gmail.com,Male,6813300302,Australia,1992-02-11
1398,Krishna,Chauhan,krishna.chauhan1398@gmail.com,Female,7409293961,UAE,1983-02-15
1399,Sai,Verma,sai.verma1399@yahoo.com,Female,6320356474,Germany,1994-08-05
1400,Pooja,Bhatt,pooja.bhatt1400@example.com,Female,9830657027,France,1989-02-04
1401,Maya,Menon,maya.menon1401@mail.com,Male,6167728974,Australia,2002-05-11
1402,Anil,Iyer,anil.iyer1402@gmail.com,Male,6828735309,United Kingdom,1990-12-08
1403,Pooja,Verma,pooja.verma1403@mail.com,Female,6710139556,UAE,1968-12-07
1404,Anil,Prasad,anil.prasad1404@outlook.com,Male,6116670127,Canada,1976-01-02
1405,Mohit,Patel,mohit.patel1405@outlook.com,Male,8037645481,UAE,1980-07-31
1406,Riya,Yadav,riya.yadav1406@outlook.com,Female,6508725476,Australia,1975-02-16
1407,Arjun,Yadav,arjun.yadav1407@outlook.com,Female,7884732704,France,1973-10-15
1408,Myra,Singh,myra.singh1408@outlook.com,Female,7371979828,Germany,1983-03-11
1409,Ritu,Bose,ritu.bose1409@outlook.com,Male,7151865815,United Kingdom,2007-08-26
1410,Rohan,Mehta,rohan.mehta1410@example.com,Female,7791454773,France,1988-01-16
1411,Pooja,Naidu,pooja.naidu1411@example.com,Female,6292325433,UAE,1971-10-20
1412,Sahil,Kapoor,sahil.kapoor1412@mail.com,Female,6865936792,Australia,1991-02-27
1413,Maya,Ghosh,maya.ghosh1413@example.com,Female,8365573781,United Kingdom,1975-03-09
1414,Reyansh,Das,reyansh.das1414@yahoo.com,Female,9531447845,UAE,2004-06-30
1415,Vihaan,Verma,vihaan.verma1415@mail.com,Female,8678678827,France,1978-03-02
1416,Mohit,Bhatt,mohit.bhatt1416@outlook.com,Male,6950037684,Australia,1977-08-11
1417,Vivaan,Singh,vivaan.singh1417@gmail.com,Male,7211392844,Canada,1966-11-25
1418,Sneha,Prasad,sneha.prasad1418@outlook.com,Male,9101405648,France,1976-07-18
1419,Tarun,Gupta,tarun.gupta1419@mail.com,Male,9492819067,United Kingdom,1998-02-17
1420,Sneha,Kashyap,sneha.kashyap1420@mail.com,Male,6677853518,Canada,1989-10-21
1421,Aditya,Naidu,aditya.naidu1421@example.com,Female,7482688246,Brazil,1966-05-24
1422,Sara,Bhatt,sara.bhatt1422@outlook.com,Male,9634681129,France,2004-06-21
1423,Kiran,Shah,kiran.shah1423@mail.com,Female,6765149747,South Africa,1981-06-12
1424,Aanya,Khan,aanya.khan1424@gmail.com,Male,7884656661,UAE,1996-07-01
1425,Sara,Reddy,sara.reddy1425@gmail.com,Female,8967030730,India,2002-03-16
1426,Arjun,Ghosh,arjun.ghosh1426@mail.com,Male,8052416545,France,1994-05-02
1427,Priya,Singh,priya.singh1427@mail.com,Female,7955744057,Canada,1975-01-26
1428,Aditya,Singh,aditya.singh1428@yahoo.com,Male,8107455613,India,1968-12-01
1429,Karthik,Joshi,karthik.joshi1429@mail.com,Female,9261093136,United States,1988-06-24
1430,Maya,Patel,maya.patel1430@mail.com,Male,8510835811,Germany,1992-09-11
1431,Vivaan,Nair,vivaan.nair1431@example.com,Male,8308124791,South Africa,1970-01-03
1432,Myra,Verma,myra.verma1432@yahoo.com,Female,6929287499,France,1998-06-07
1433,Rohan,Pillai,rohan.pillai1433@example.com,Male,8812910154,France,1991-06-25
1434,Kavya,Mehta,kavya.mehta1434@gmail.com,Male,7152703753,South Africa,1992-07-11
1435,Vivaan,Menon,vivaan.menon1435@example.com,Male,6343225634,Brazil,1993-10-05
1436,Anil,Kapoor,anil.kapoor1436@gmail.com,Female,9749793312,UAE,1975-07-23
1437,Diya,Bhatt,diya.bhatt1437@outlook.com,Female,8936116496,South Africa,2006-07-08
1438,Rohan,Pillai,rohan.pillai1438@yahoo.com,Female,7590274975,Germany,1998-09-15
1439,Nisha,Ghosh,nisha.ghosh1439@gmail.com,Male,6455438462,United States,1989-01-18
1440,Kiran,Iyer,kiran.iyer1440@example.com,Male,8110503594,Brazil,1993-09-22
1441,Kavya,Menon,kavya.menon1441@gmail.com,Male,9061585827,Germany,1967-05-30
1442,Kavya,Pillai,kavya.pillai1442@example.com,Male,7549843110,Germany,1995-01-08
1443,Mohit,Reddy,mohit.reddy1443@yahoo.com,Male,9868149422,Australia,1972-07-19
1444,Sunita,Verma,sunita.verma1444@yahoo.com,Female,9220400781,South Africa,1970-08-06
1445,Aditya,Bhatia,aditya.bhatia1445@example.com,Male,7629879964,Brazil,2007-08-09
1446,Ritu,Kashyap,ritu.kashyap1446@outlook.com,Female,8456797489,UAE,2004-01-14
1447,Riya,Nair,riya.nair1447@outlook.com,Male,6688742085,United States,2006-04-03
1448,Myra,Gupta,myra.gupta1448@yahoo.com,Female,7330408811,United Kingdom,2002-10-03
1449,Nisha,Iyer,nisha.iyer1449@gmail.com,Male,8509263214,Australia,2003-03-19
1450,Diya,Iyer,diya.iyer1450@outlook.com,Female,6156913538,Brazil,1980-11-15
1451,Diya,Shah,diya.shah1451@yahoo.com,Female,6025480123,France,1969-11-08
1452,Arjun,Mehta,arjun.mehta1452@outlook.com,Female,9682822828,Australia,1996-06-21
1453,Arjun,Yadav,arjun.yadav1453@outlook.com,Male,8814128442,United Kingdom,1982-08-19
1454,Pooja,Ghosh,pooja.ghosh1454@yahoo.com,Male,8032943421,United Kingdom,1977-06-07
1455,Rohan,Nair,rohan.nair1455@example.com,Male,7738377679,Germany,1976-08-25
1456,Krishna,Sharma,krishna.sharma1456@yahoo.com,Female,6177723338,South Africa,1976-06-09
1457,Sahil,Kapoor,sahil.kapoor1457@yahoo.com,Female,8384499617,France,1974-10-11
1458,Priya,Mehta,priya.mehta1458@mail.com,Male,8150209737,South Africa,1990-08-27
1459,Priya,Singh,priya.singh1459@outlook.com,Male,9462043775,Germany,1971-12-05
1460,Sunita,Nair,sunita.nair1460@outlook.com,Male,6641528678,France,1986-08-18
1461,Sunita,Prasad,sunita.prasad1461@mail.com,Female,9275119495,Brazil,2004-05-27
1462,Myra,Bhatia,myra.bhatia1462@outlook.com,Female,6308686766,United States,1982-07-03
1463,Kiran,Chauhan,kiran.chauhan1463@mail.com,Male,9120627500,Germany,1973-12-25
1464,Mohit,Bhatia,mohit.bhatia1464@example.com,Female,6081012342,Australia,1971-12-26
1465,Myra,Joshi,myra.joshi1465@gmail.com,Female,6740053037,United Kingdom,1971-01-12
1466,Reyansh,Iyer,reyansh.iyer1466@gmail.com,Female,6299071261,France,1983-04-21
1467,Anil,Chauhan,anil.chauhan1467@outlook.com,Female,9904445246,India,1999-02-28
1468,Mohit,Prasad,mohit.prasad1468@yahoo.com,Female,9670056769,United Kingdom,1979-11-26
1469,Kiran,Verma,kiran.verma1469@outlook.com,Male,7513190409,United Kingdom,1996-08-07
1470,Ritu,Verma,ritu.verma1470@outlook.com,Female,9787559343,South Africa,1989-07-15
1471,Myra,Chauhan,myra.chauhan1471@gmail.com,Male,9135887852,Germany,1990-03-12
1472,Karthik,Ghosh,karthik.ghosh1472@outlook.com,Female,7030602362,France,1984-08-23
1473,Riya,Nair,riya.nair1473@mail.com,Female,9909714835,South Africa,1982-01-16
1474,Sunita,Roy,sunita.roy1474@gmail.com,Male,9235367854,India,1979-03-16
1475,Pooja,Khan,pooja.khan1475@outlook.com,Male,8564126744,South Africa,1996-05-15
1476,Aarav,Agarwal,aarav.agarwal1476@example.com,Female,8295053288,India,1968-07-18
1477,Nisha,Menon,nisha.menon1477@yahoo.com,Female,8723794187,Germany,1971-08-19
1478,Vivaan,Agarwal,vivaan.agarwal1478@yahoo.com,Female,7504982652,South Africa,2005-05-04
1479,Rohan,Roy,rohan.roy1479@yahoo.com,Male,6739699678,UAE,1986-03-02
1480,Myra,Das,myra.das1480@yahoo.com,Female,9002890703,France,1967-03-08
1481,Vivaan,Patel,vivaan.patel1481@example.com,Female,6149079168,UAE,2002-01-18
1482,Aditya,Sharma,aditya.sharma1482@mail.com,Male,9195848417,United Kingdom,2002-09-12
1483,Kavya,Joshi,kavya.joshi1483@example.com,Female,6089170564,Germany,2003-02-13
1484,Karthik,Kapoor,karthik.kapoor1484@mail.com,Female,6189405245,United Kingdom,1975-05-22
1485,Riya,Naidu,riya.naidu1485@example.com,Male,8434129874,UAE,1974-11-04
1486,Arjun,Prasad,arjun.prasad1486@example.com,Female,9822113280,UAE,2001-05-29
1487,Maya,Chauhan,maya.chauhan1487@example.com,Female,7242817302,France,2006-05-20
1488,Rohan,Joshi,rohan.joshi1488@yahoo.com,Male,9568849676,India,1975-07-10
1489,Vivaan,Bose,vivaan.bose1489@outlook.com,Female,8694092101,Canada,1974-10-09
1490,Sahil,Shah,sahil.shah1490@example.com,Female,6928525451,Germany,1989-08-23
1491,Aanya,Reddy,aanya.reddy1491@outlook.com,Male,9115239266,United States,2000-08-07
1492,Sunita,Bhatia,sunita.bhatia1492@example.com,Female,8970743741,France,1981-07-14
1493,Reyansh,Reddy,reyansh.reddy1493@yahoo.com,Female,6002851474,India,1966-06-13
1494,Sunita,Ghosh,sunita.ghosh1494@example.com,Male,9586269022,India,1991-10-26
1495,Tarun,Nair,tarun.nair1495@outlook.com,Male,8760270533,India,1988-09-20
1496,Myra,Trivedi,myra.trivedi1496@example.com,Female,8877707921,United States,1973-08-29
1497,Aanya,Khan,aanya.khan1497@outlook.com,Male,7741751555,Australia,1993-04-04
1498,Sneha,Mehta,sneha.mehta1498@gmail.com,Male,9964461597,Australia,1997-08-18
1499,Maya,Naidu,maya.naidu1499@yahoo.com,Male,7913109717,Canada,1990-08-01
1500,Aarav,Khan,aarav.khan1500@example.com,Male,9567377184,Canada,1968-06-03
1501,Aarav,Iyer,aarav.iyer1501@gmail.com,Female,8359332705,United Kingdom,2003-07-02
1502,Priya,Reddy,priya.reddy1502@yahoo.com,Male,9595101877,United States,1978-04-03
1503,Ritu,Iyer,ritu.iyer1503@mail.com,Male,9632786215,Australia,1977-01-04
1504,Sara,Naidu,sara.naidu1504@example.com,Female,8729697458,Canada,1999-05-22
1505,Riya,Bhatt,riya.bhatt1505@gmail.com,Female,6684691895,Canada,1993-03-10
1506,Tarun,Pillai,tarun.pillai1506@outlook.com,Male,7949565087,India,1983-09-10
1507,Anil,Kashyap,anil.kashyap1507@yahoo.com,Male,7210879578,France,1991-06-05
1508,Pooja,Patel,pooja.patel1508@mail.com,Male,8264877642,UAE,1976-06-09
1509,Sunita,Kapoor,sunita.kapoor1509@yahoo.com,Male,9507845796,UAE,1986-07-22
1510,Sara,Reddy,sara.reddy1510@gmail.com,Male,9108057963,UAE,1990-01-21
1511,Reyansh,Malhotra,reyansh.malhotra1511@gmail.com,Female,8112408400,South Africa,1983-12-21
1512,Arjun,Mehta,arjun.mehta1512@yahoo.com,Male,9630969153,Australia,1977-09-08
1513,Vivaan,Kashyap,vivaan.kashyap1513@example.com,Male,9482989722,United Kingdom,1992-04-24
1514,Rohan,Roy,rohan.roy1514@mail.com,Female,6920981270,UAE,1971-08-12
1515,Sneha,Patel,sneha.patel1515@gmail.com,Female,9211768050,UAE,1971-08-05
1516,Nisha,Nair,nisha.nair1516@mail.com,Male,9969407806,Germany,1977-04-18
1517,Kiran,Roy,kiran.roy1517@example.com,Male,6419030873,Canada,2007-05-08
1518,Sneha,Shah,sneha.shah1518@mail.com,Male,7586188662,Australia,1972-02-04
1519,Karthik,Shah,karthik.shah1519@outlook.com,Male,9995372653,France,1984-09-12
1520,Sai,Verma,sai.verma1520@yahoo.com,Female,9045025899,Australia,1978-04-06
1521,Aanya,Kapoor,aanya.kapoor1521@mail.com,Male,6525282398,South Africa,2004-02-11
1522,Krishna,Ghosh,krishna.ghosh1522@outlook.com,Female,6125100234,France,1988-08-14
1523,Priya,Trivedi,priya.trivedi1523@outlook.com,Male,7514548434,UAE,2001-04-05
1524,Mohit,Bhatia,mohit.bhatia1524@outlook.com,Male,6503848374,Brazil,1968-09-18
1525,Kavya,Roy,kavya.roy1525@example.com,Male,9333979122,Canada,1976-05-20
1526,Anil,Pillai,anil.pillai1526@yahoo.com,Female,6765215218,UAE,1971-05-10
1527,Kiran,Das,kiran.das1527@gmail.com,Male,6852120812,India,1998-02-02
1528,Maya,Yadav,maya.yadav1528@example.com,Male,9646868468,India,1995-08-30
1529,Pooja,Roy,pooja.roy1529@example.com,Female,7949637795,India,1967-07-16
1530,Sahil,Singh,sahil.singh1530@gmail.com,Female,6486733189,United Kingdom,1996-04-08
1531,Diya,Khan,diya.khan1531@mail.com,Male,6125505702,France,2007-04-05
1532,Rohan,Agarwal,rohan.agarwal1532@yahoo.com,Female,6738385309,United Kingdom,1980-12-13
1533,Maya,Chauhan,maya.chauhan1533@mail.com,Female,7657758159,India,1968-12-26
1534,Ritu,Bose,ritu.bose1534@mail.com,Male,9444521952,India,1997-12-28
1535,Kiran,Patel,kiran.patel1535@outlook.com,Male,6580356632,Germany,1993-01-27
1536,Sai,Prasad,sai.prasad1536@yahoo.com,Female,7045863329,United Kingdom,1988-04-21
1537,Maya,Trivedi,maya.trivedi1537@gmail.com,Female,7935637153,Canada,1979-01-16
1538,Rohan,Joshi,rohan.joshi1538@outlook.com,Female,6647218329,United States,2003-11-08
1539,Vivaan,Gupta,vivaan.gupta1539@outlook.com,Male,6963656432,UAE,1985-03-02
1540,Ritu,Gupta,ritu.gupta1540@example.com,Male,9605524811,Canada,1993-03-13
1541,Karthik,Chauhan,karthik.chauhan1541@gmail.com,Male,7170716401,India,1971-11-05
1542,Aditya,Roy,aditya.roy1542@gmail.com,Male,8422011292,France,1966-05-21
1543,Kiran,Chauhan,kiran.chauhan1543@mail.com,Female,8074797715,India,1981-11-30
1544,Aditya,Joshi,aditya.joshi1544@gmail.com,Male,7446453339,France,1978-10-04
1545,Diya,Bhatt,diya.bhatt1545@gmail.com,Female,9187858443,India,1996-07-04
1546,Myra,Verma,myra.verma1546@mail.com,Female,7488118654,United States,1987-12-15
1547,Kavya,Chauhan,kavya.chauhan1547@example.com,Male,7215943762,Brazil,1980-09-11
1548,Arjun,Gupta,arjun.gupta1548@yahoo.com,Male,8344216370,UAE,1999-01-30
1549,Mohit,Patel,mohit.patel1549@example.com,Male,7989689167,South Africa,1975-02-22
1550,Vihaan,Bhatia,vihaan.bhatia1550@example.com,Female,7013276434,South Africa,1988-01-19
1551,Aanya,Kapoor,aanya.kapoor1551@gmail.com,Female,6502933214,France,1985-08-31
1552,Kiran,Iyer,kiran.iyer1552@example.com,Female,7420929435,UAE,1992-12-26
1553,Diya,Kapoor,diya.kapoor1553@example.com,Female,7987323853,Germany,1993-03-06
1554,Kavya,Joshi,kavya.joshi1554@mail.com,Female,8339952698,Australia,2000-03-30
1555,Sai,Patel,sai.patel1555@outlook.com,Female,6928341434,South Africa,1982-06-27
1556,Karthik,Chauhan,karthik.chauhan1556@yahoo.com,Male,7883875186,Australia,1988-04-29
1557,Sai,Reddy,sai.reddy1557@yahoo.com,Female,8675069388,United States,1992-04-13
1558,Sneha,Reddy,sneha.reddy1558@example.com,Male,8278448623,France,1978-05-08
1559,Kiran,Agarwal,kiran.agarwal1559@example.com,Female,7018378918,Brazil,1992-10-31
1560,Diya,Menon,diya.menon1560@gmail.com,Female,9644831839,United Kingdom,1993-08-22
1561,Karthik,Patel,karthik.patel1561@mail.com,Male,7366886158,United States,1988-07-06
1562,Myra,Khan,myra.khan1562@yahoo.com,Male,9500919364,France,1968-12-25
1563,Aanya,Khan,aanya.khan1563@example.com,Female,9667262946,Canada,1972-08-19
1564,Sai,Joshi,sai.joshi1564@gmail.com,Female,7485690584,United States,1984-07-07
1565,Tarun,Prasad,tarun.prasad1565@gmail.com,Female,6050499289,Canada,1971-09-07
1566,Aditya,Das,aditya.das1566@mail.com,Female,6101279908,Brazil,1997-12-03
1567,Tarun,Naidu,tarun.naidu1567@gmail.com,Male,6197726654,Germany,2006-10-22
1568,Diya,Nair,diya.nair1568@gmail.com,Female,9130914443,Brazil,1994-04-10
1569,Sara,Das,sara.das1569@example.com,Male,9062435625,Australia,1973-12-23
1570,Sara,Iyer,sara.iyer1570@mail.com,Male,9707698801,France,2004-12-15
1571,Sahil,Gupta,sahil.gupta1571@outlook.com,Male,6796912110,France,1989-03-20
1572,Rohan,Singh,rohan.singh1572@example.com,Male,9021411099,India,1988-01-24
1573,Karthik,Shah,karthik.shah1573@gmail.com,Female,7438289609,UAE,1979-04-18
1574,Isha,Kashyap,isha.kashyap1574@outlook.com,Female,7974532399,United States,1989-02-17
1575,Aditya,Kashyap,aditya.kashyap1575@yahoo.com,Male,6813648829,United Kingdom,1970-08-12
1576,Arjun,Agarwal,arjun.agarwal1576@example.com,Male,9282539674,Brazil,2003-12-12
1577,Aarav,Bose,aarav.bose1577@gmail.com,Male,6968671609,Canada,2007-04-10
1578,Priya,Chauhan,priya.chauhan1578@mail.com,Male,6208888739,UAE,1974-01-29
1579,Kiran,Kashyap,kiran.kashyap1579@example.com,Male,8526837514,South Africa,1983-09-21
1580,Sneha,Kapoor,sneha.kapoor1580@yahoo.com,Male,9400395159,France,1968-11-09
1581,Mohit,Sharma,mohit.sharma1581@yahoo.com,Female,9167349226,United Kingdom,1979-07-04
1582,Rohan,Mehta,rohan.mehta1582@outlook.com,Male,6082118756,Canada,1991-04-15
1583,Aarav,Yadav,aarav.yadav1583@outlook.com,Female,9552662599,France,1988-12-20
1584,Aarav,Agarwal,aarav.agarwal1584@mail.com,Male,8846924985,Germany,2005-06-13
1585,Reyansh,Chauhan,reyansh.chauhan1585@outlook.com,Female,7611389163,France,1999-10-05
1586,Vihaan,Nair,vihaan.nair1586@gmail.com,Female,9641545190,Australia,1981-10-09
1587,Pooja,Nair,pooja.nair1587@gmail.com,Female,6860243983,Germany,2000-08-31
1588,Reyansh,Iyer,reyansh.iyer1588@mail.com,Female,6847691353,UAE,1968-04-24
1589,Rohan,Agarwal,rohan.agarwal1589@yahoo.com,Male,9905825107,United States,1975-12-02
1590,Anil,Bhatt,anil.bhatt1590@yahoo.com,Female,7584922314,Germany,1986-11-16
1591,Kavya,Patel,kavya.patel1591@mail.com,Male,8443251244,France,1981-07-09
1592,Arjun,Kapoor,arjun.kapoor1592@yahoo.com,Male,6224559477,UAE,1978-03-05
1593,Aanya,Kumar,aanya.kumar1593@gmail.com,Male,7754166124,Australia,1989-07-31
1594,Karthik,Reddy,karthik.reddy1594@gmail.com,Male,8433429985,Brazil,1973-08-09
1595,Ritu,Singh,ritu.singh1595@yahoo.com,Male,8390943992,Canada,1995-12-08
1596,Kavya,Iyer,kavya.iyer1596@yahoo.com,Female,7881645783,South Africa,1983-01-30
1597,Aanya,Agarwal,aanya.agarwal1597@gmail.com,Male,6916836182,Australia,1990-01-31
1598,Vivaan,Menon,vivaan.menon1598@outlook.com,Female,8488506876,India,1966-09-16
1599,Krishna,Prasad,krishna.prasad1599@example.com,Female,7304447421,France,1971-08-01
1600,Aarav,Bose,aarav.bose1600@gmail.com,Female,6654396341,Germany,2001-10-23
1601,Reyansh,Bose,reyansh.bose1601@example.com,Male,6797816104,Brazil,1984-10-02
1602,Pooja,Prasad,pooja.prasad1602@yahoo.com,Male,9954605255,France,1984-12-27
1603,Tarun,Sharma,tarun.sharma1603@example.com,Male,6316280993,South Africa,1997-01-29
1604,Krishna,Bhatia,krishna.bhatia1604@example.com,Male,7797226720,UAE,1969-08-17
1605,Riya,Joshi,riya.joshi1605@yahoo.com,Female,6201561395,UAE,2006-12-15
1606,Vivaan,Bose,vivaan.bose1606@example.com,Male,8477169736,Australia,1993-05-28
1607,Arjun,Menon,arjun.menon1607@example.com,Male,9679895193,Germany,1971-12-24
1608,Arjun,Pillai,arjun.pillai1608@outlook.com,Female,9693472559,France,1988-01-21
1609,Karthik,Bhatia,karthik.bhatia1609@yahoo.com,Female,9212175468,Germany,1998-01-01
1610,Sahil,Roy,sahil.roy1610@gmail.com,Male,6569212029,Germany,1986-01-21
1611,Krishna,Chauhan,krishna.chauhan1611@gmail.com,Female,9269143125,Brazil,1999-10-06
1612,Myra,Gupta,myra.gupta1612@yahoo.com,Male,8180312672,Brazil,1986-11-15
1613,Priya,Menon,priya.menon1613@mail.com,Male,6002369759,Canada,1998-01-29
1614,Sneha,Ghosh,sneha.ghosh1614@yahoo.com,Male,9524587628,United States,2005-07-19
1615,Aarav,Patel,aarav.patel1615@yahoo.com,Male,8577609532,India,2002-04-22
1616,Maya,Bhatt,maya.bhatt1616@gmail.com,Female,8200449950,United Kingdom,2006-01-18
1617,Kiran,Trivedi,kiran.trivedi1617@mail.com,Male,7757772524,Germany,1981-10-16
1618,Reyansh,Kashyap,reyansh.kashyap1618@gmail.com,Male,6054051984,India,1967-08-30
1619,Krishna,Yadav,krishna.yadav1619@gmail.com,Female,6082818912,Australia,1990-12-18
1620,Sneha,Kumar,sneha.kumar1620@mail.com,Male,7559714579,Brazil,1981-05-04
1621,Kavya,Bhatt,kavya.bhatt1621@outlook.com,Male,8989935577,South Africa,1969-11-16
1622,Isha,Menon,isha.menon1622@example.com,Female,7840998680,UAE,1975-01-20
1623,Krishna,Kashyap,krishna.kashyap1623@gmail.com,Male,9354748181,Germany,1988-07-03
1624,Sara,Bose,sara.bose1624@mail.com,Male,7986095603,South Africa,1975-10-01
1625,Krishna,Kapoor,krishna.kapoor1625@example.com,Female,6059827456,Australia,1973-02-05
1626,Aanya,Kashyap,aanya.kashyap1626@example.com,Female,7401503010,United States,1983-12-23
1627,Aarav,Bhatt,aarav.bhatt1627@mail.com,Male,6025785366,Australia,1998-01-22
1628,Sara,Bhatt,sara.bhatt1628@mail.com,Male,6385453476,Canada,1977-02-02
1629,Nisha,Trivedi,nisha.trivedi1629@example.com,Female,7948944102,India,2000-08-09
1630,Ritu,Reddy,ritu.reddy1630@example.com,Female,9575638868,Brazil,2007-06-03
1631,Sneha,Naidu,sneha.naidu1631@mail.com,Male,8315713508,Australia,2007-09-20
1632,Diya,Verma,diya.verma1632@outlook.com,Male,7024357358,Germany,1995-08-25
1633,Rohan,Malhotra,rohan.malhotra1633@example.com,Male,6787149591,Brazil,2001-01-17
1634,Isha,Ghosh,isha.ghosh1634@outlook.com,Female,8964170147,Canada,1985-12-22
1635,Isha,Bhatt,isha.bhatt1635@example.com,Male,6767410687,United Kingdom,1979-11-07
1636,Diya,Nair,diya.nair1636@mail.com,Male,7123523547,United Kingdom,2003-04-10
1637,Isha,Nair,isha.nair1637@outlook.com,Male,7877505833,Canada,2005-06-19
1638,Ritu,Singh,ritu.singh1638@outlook.com,Female,9105953419,India,1998-09-03
1639,Ananya,Naidu,ananya.naidu1639@gmail.com,Male,9155212526,Canada,1973-12-29
1640,Mohit,Bhatt,mohit.bhatt1640@mail.com,Male,7228702948,Australia,2007-03-19
1641,Diya,Kapoor,diya.kapoor1641@mail.com,Female,9488819793,Brazil,1992-01-05
1642,Reyansh,Gupta,reyansh.gupta1642@outlook.com,Female,7449604942,South Africa,2000-12-19
1643,Vihaan,Chauhan,vihaan.chauhan1643@outlook.com,Male,6084040075,France,1982-10-10
1644,Anil,Iyer,anil.iyer1644@gmail.com,Female,8847652253,Brazil,1995-03-30
1645,Anil,Kapoor,anil.kapoor1645@yahoo.com,Female,9535844036,United States,1984-08-22
1646,Rohan,Shah,rohan.shah1646@yahoo.com,Male,7487622080,Germany,1996-12-13
1647,Rohan,Kapoor,rohan.kapoor1647@yahoo.com,Male,8956537865,UAE,1983-03-07
1648,Krishna,Kashyap,krishna.kashyap1648@gmail.com,Male,6326611404,United States,1979-04-26
1649,Ananya,Yadav,ananya.yadav1649@outlook.com,Male,9510037682,United States,1976-06-04
1650,Reyansh,Pillai,reyansh.pillai1650@example.com,Female,9829567840,India,1998-04-19
1651,Maya,Nair,maya.nair1651@example.com,Female,7365430176,UAE,1970-11-21
1652,Ananya,Roy,ananya.roy1652@gmail.com,Male,6250351598,United Kingdom,1968-09-03
1653,Riya,Bhatia,riya.bhatia1653@outlook.com,Female,7104212779,UAE,1982-09-19
1654,Vihaan,Bhatia,vihaan.bhatia1654@outlook.com,Female,9243255409,Brazil,1987-03-15
1655,Kiran,Kashyap,kiran.kashyap1655@gmail.com,Female,7143354793,France,1995-03-16
1656,Aarav,Iyer,aarav.iyer1656@mail.com,Female,9329466827,India,1980-12-08
1657,Pooja,Nair,pooja.nair1657@yahoo.com,Male,8371838062,UAE,1986-06-19
1658,Sai,Ghosh,sai.ghosh1658@yahoo.com,Male,7091686372,Brazil,2004-06-03
1659,Priya,Bhatt,priya.bhatt1659@example.com,Male,6515770859,Brazil,1975-05-17
1660,Aarav,Yadav,aarav.yadav1660@yahoo.com,Female,8836848146,Brazil,1998-09-19
1661,Kiran,Khan,kiran.khan1661@yahoo.com,Male,6977824824,United Kingdom,1997-11-28
1662,Vihaan,Prasad,vihaan.prasad1662@example.com,Male,9079850526,France,2002-03-30
1663,Nisha,Reddy,nisha.reddy1663@example.com,Male,8288560821,South Africa,1967-06-14
1664,Aarav,Yadav,aarav.yadav1664@gmail.com,Female,7873142226,India,1987-10-09
1665,Sara,Mehta,sara.mehta1665@mail.com,Male,6652578686,France,1968-04-28
1666,Sneha,Sharma,sneha.sharma1666@gmail.com,Male,7863066912,Australia,1968-06-30
1667,Rohan,Singh,rohan.singh1667@mail.com,Male,8853196919,Australia,1967-04-30
1668,Reyansh,Das,reyansh.das1668@example.com,Female,8887456197,United States,1979-12-02
1669,Aditya,Singh,aditya.singh1669@mail.com,Male,6399803859,Australia,2002-01-28
1670,Kiran,Pillai,kiran.pillai1670@example.com,Male,9874527257,UAE,1983-11-28
1671,Ritu,Shah,ritu.shah1671@outlook.com,Male,8500819721,France,1989-01-11
1672,Rohan,Kashyap,rohan.kashyap1672@example.com,Male,6609391578,United States,1994-09-26
1673,Aarav,Verma,aarav.verma1673@yahoo.com,Female,6375251827,South Africa,1992-04-01
1674,Vihaan,Iyer,vihaan.iyer1674@gmail.com,Female,7308277618,India,1968-07-05
1675,Isha,Bhatt,isha.bhatt1675@outlook.com,Female,6145599243,Canada,1995-10-05
1676,Maya,Roy,maya.roy1676@gmail.com,Female,9364543850,India,1996-02-21
1677,Aarav,Mehta,aarav.mehta1677@mail.com,Female,7389972093,South Africa,1994-07-23
1678,Isha,Reddy,isha.reddy1678@yahoo.com,Female,7779328108,Canada,1992-02-09
1679,Sunita,Prasad,sunita.prasad1679@example.com,Female,6578546476,South Africa,1986-11-09
1680,Riya,Agarwal,riya.agarwal1680@mail.com,Male,8466023302,Germany,1984-05-03
1681,Diya,Pillai,diya.pillai1681@gmail.com,Male,7180742690,Germany,2005-04-18
1682,Kiran,Prasad,kiran.prasad1682@mail.com,Male,7998064145,Brazil,1997-09-10
1683,Reyansh,Patel,reyansh.patel1683@gmail.com,Male,9602950065,South Africa,1968-11-14
1684,Aanya,Shah,aanya.shah1684@gmail.com,Male,7343335160,South Africa,1987-12-25
1685,Diya,Reddy,diya.reddy1685@gmail.com,Male,9016239869,United Kingdom,1979-11-11
1686,Priya,Kashyap,priya.kashyap1686@gmail.com,Female,7858836213,India,1979-03-07
1687,Sunita,Khan,sunita.khan1687@outlook.com,Female,6507138019,Brazil,1988-04-05
1688,Vivaan,Agarwal,vivaan.agarwal1688@mail.com,Male,8585125036,India,1983-11-07
1689,Vihaan,Naidu,vihaan.naidu1689@gmail.com,Male,9476651923,India,2006-11-05
1690,Priya,Gupta,priya.gupta1690@outlook.com,Female,8374079592,India,1970-12-17
1691,Myra,Nair,myra.nair1691@yahoo.com,Female,8577833411,South Africa,2000-01-14
1692,Ananya,Pillai,ananya.pillai1692@outlook.com,Female,6279619017,UAE,2000-07-21
1693,Sara,Gupta,sara.gupta1693@example.com,Female,6953085773,Canada,1999-02-15
1694,Aditya,Trivedi,aditya.trivedi1694@gmail.com,Male,6099379198,UAE,2004-05-05
1695,Karthik,Prasad,karthik.prasad1695@outlook.com,Female,8768327883,Brazil,1993-05-25
1696,Vihaan,Sharma,vihaan.sharma1696@gmail.com,Female,6109234732,South Africa,1972-01-29
1697,Ananya,Bhatt,ananya.bhatt1697@example.com,Female,9056214697,Germany,1973-06-09
1698,Vivaan,Bhatt,vivaan.bhatt1698@mail.com,Female,7103386164,UAE,1990-03-01
1699,Myra,Verma,myra.verma1699@gmail.com,Female,6294142472,United Kingdom,1988-01-18
1700,Maya,Nair,maya.nair1700@outlook.com,Male,9518865051,Germany,1999-01-10
1701,Pooja,Agarwal,pooja.agarwal1701@mail.com,Male,9986380359,United States,2005-06-14
1702,Pooja,Roy,pooja.roy1702@outlook.com,Male,6319574597,UAE,1981-03-04
1703,Krishna,Roy,krishna.roy1703@yahoo.com,Male,7699252336,Germany,1978-03-23
1704,Mohit,Khan,mohit.khan1704@outlook.com,Female,6505198268,India,1996-12-25
1705,Priya,Ghosh,priya.ghosh1705@outlook.com,Male,8029999003,Australia,1992-08-08
1706,Diya,Verma,diya.verma1706@mail.com,Male,8524942923,Australia,1997-08-15
1707,Aditya,Agarwal,aditya.agarwal1707@yahoo.com,Male,6643911521,Brazil,1996-07-11
1708,Nisha,Agarwal,nisha.agarwal1708@yahoo.com,Male,9077286009,UAE,1989-09-29
1709,Sai,Sharma,sai.sharma1709@mail.com,Female,7684914348,France,1994-07-23
1710,Sara,Singh,sara.singh1710@yahoo.com,Male,6806488736,United Kingdom,1999-02-22
1711,Priya,Nair,priya.nair1711@yahoo.com,Male,7789758409,Canada,1977-04-01
1712,Nisha,Bhatt,nisha.bhatt1712@example.com,Male,9006624734,South Africa,1983-01-13
1713,Nisha,Gupta,nisha.gupta1713@yahoo.com,Female,6448979692,Canada,1980-08-21
1714,Isha,Trivedi,isha.trivedi1714@mail.com,Female,9048765205,France,1993-02-10
1715,Riya,Prasad,riya.prasad1715@yahoo.com,Male,8696967537,France,1977-11-16
1716,Diya,Khan,diya.khan1716@yahoo.com,Female,9075644906,Brazil,1988-09-25
1717,Ritu,Agarwal,ritu.agarwal1717@mail.com,Female,9472515532,South Africa,1983-03-30
1718,Nisha,Kashyap,nisha.kashyap1718@gmail.com,Male,6321006195,United Kingdom,1981-04-23
1719,Maya,Bhatt,maya.bhatt1719@mail.com,Female,7728417752,South Africa,1995-05-27
1720,Aanya,Agarwal,aanya.agarwal1720@mail.com,Female,6517859994,United Kingdom,1994-10-03
1721,Myra,Bhatia,myra.bhatia1721@mail.com,Female,7770547258,France,1990-11-22
1722,Diya,Bhatt,diya.bhatt1722@gmail.com,Female,9393942485,Australia,1994-09-13
1723,Isha,Prasad,isha.prasad1723@mail.com,Male,9681414484,India,1968-08-23
1724,Riya,Kapoor,riya.kapoor1724@mail.com,Male,6963864654,Brazil,2001-03-16
1725,Tarun,Bose,tarun.bose1725@yahoo.com,Female,9724764617,United Kingdom,2005-11-29
1726,Ritu,Patel,ritu.patel1726@example.com,Female,7239757311,Germany,1999-08-12
1727,Aanya,Kapoor,aanya.kapoor1727@example.com,Female,8235685640,Germany,2006-04-21
1728,Arjun,Nair,arjun.nair1728@example.com,Male,7642058284,India,1992-09-05
1729,Sara,Nair,sara.nair1729@mail.com,Female,8242599503,South Africa,1980-03-05
1730,Priya,Sharma,priya.sharma1730@outlook.com,Female,8820213738,India,1996-10-25
1731,Ananya,Iyer,ananya.iyer1731@gmail.com,Male,6756583072,United States,2004-08-11
1732,Nisha,Iyer,nisha.iyer1732@yahoo.com,Female,8751586144,United States,1988-08-19
1733,Sahil,Patel,sahil.patel1733@gmail.com,Male,8858538724,Australia,1980-05-11
1734,Pooja,Gupta,pooja.gupta1734@mail.com,Female,8923218244,Australia,1986-07-20
1735,Kavya,Patel,kavya.patel1735@mail.com,Female,8071218406,France,1987-01-11
1736,Vihaan,Naidu,vihaan.naidu1736@mail.com,Male,8122595276,France,1985-07-12
1737,Sunita,Gupta,sunita.gupta1737@yahoo.com,Female,7209003587,Australia,1991-08-31
1738,Kavya,Reddy,kavya.reddy1738@outlook.com,Male,9150385654,United States,1986-06-07
1739,Ananya,Patel,ananya.patel1739@outlook.com,Male,9468520961,Australia,1968-07-03
1740,Sai,Prasad,sai.prasad1740@yahoo.com,Female,9170768362,South Africa,1981-02-03
1741,Aanya,Yadav,aanya.yadav1741@yahoo.com,Female,9704952107,South Africa,1988-10-17
1742,Sahil,Mehta,sahil.mehta1742@outlook.com,Male,7822769047,South Africa,1978-07-01
1743,Aarav,Kashyap,aarav.kashyap1743@example.com,Male,6930722932,Canada,1978-03-08
1744,Isha,Roy,isha.roy1744@gmail.com,Male,8558488875,France,1983-07-10
1745,Arjun,Sharma,arjun.sharma1745@outlook.com,Female,6280780257,Australia,1985-12-12
1746,Priya,Bose,priya.bose1746@example.com,Male,7478321529,Australia,1993-10-18
1747,Vivaan,Pillai,vivaan.pillai1747@outlook.com,Female,6011448088,United Kingdom,1981-10-07
1748,Tarun,Iyer,tarun.iyer1748@gmail.com,Male,8280318283,UAE,1979-01-28
1749,Ritu,Joshi,ritu.joshi1749@outlook.com,Male,7654197901,UAE,1971-06-06
1750,Sai,Shah,sai.shah1750@outlook.com,Male,8000717218,South Africa,2007-07-07
1751,Ritu,Yadav,ritu.yadav1751@outlook.com,Female,9716735139,United Kingdom,1993-10-06
1752,Sahil,Khan,sahil.khan1752@yahoo.com,Male,8021345084,Australia,1990-02-15
1753,Vivaan,Kashyap,vivaan.kashyap1753@yahoo.com,Female,9009203859,Canada,1968-09-17
1754,Krishna,Roy,krishna.roy1754@example.com,Male,9857651240,UAE,2003-09-23
1755,Rohan,Verma,rohan.verma1755@gmail.com,Female,8129834182,Australia,1968-04-07
1756,Sunita,Patel,sunita.patel1756@gmail.com,Female,9552470177,Germany,1978-08-31
1757,Aarav,Kapoor,aarav.kapoor1757@outlook.com,Male,6168715354,United Kingdom,1989-10-21
1758,Diya,Bose,diya.bose1758@example.com,Female,7469043546,United States,1995-11-25
1759,Vihaan,Agarwal,vihaan.agarwal1759@yahoo.com,Female,6818487579,Germany,1967-01-20
1760,Rohan,Bhatt,rohan.bhatt1760@example.com,Male,8897272905,India,1979-01-30
1761,Sunita,Chauhan,sunita.chauhan1761@gmail.com,Male,9214116526,United Kingdom,2001-11-26
1762,Sara,Menon,sara.menon1762@example.com,Male,8394652343,Germany,1982-12-18
1763,Aditya,Kapoor,aditya.kapoor1763@outlook.com,Male,8607455804,United Kingdom,1986-02-13
1764,Karthik,Chauhan,karthik.chauhan1764@outlook.com,Female,9110547537,India,1972-06-02
1765,Mohit,Naidu,mohit.naidu1765@gmail.com,Male,9840042026,Australia,1967-07-16
1766,Priya,Bhatt,priya.bhatt1766@example.com,Male,6286170227,France,1984-12-15
1767,Maya,Mehta,maya.mehta1767@outlook.com,Male,9270920849,Canada,1982-08-25
1768,Priya,Naidu,priya.naidu1768@mail.com,Female,6104335347,France,1973-07-24
1769,Pooja,Reddy,pooja.reddy1769@example.com,Female,6128083000,South Africa,1975-10-10
1770,Reyansh,Chauhan,reyansh.chauhan1770@mail.com,Male,7243769754,United States,2006-01-19
1771,Pooja,Khan,pooja.khan1771@yahoo.com,Male,8038244485,UAE,1973-02-28
1772,Isha,Trivedi,isha.trivedi1772@outlook.com,Female,7140403493,United States,1980-10-01
1773,Sunita,Bhatia,sunita.bhatia1773@example.com,Male,7579243267,United Kingdom,1993-04-29
1774,Kavya,Roy,kavya.roy1774@yahoo.com,Female,9218122707,UAE,2000-04-28
1775,Riya,Kumar,riya.kumar1775@gmail.com,Male,6063354827,South Africa,1979-01-14
1776,Nisha,Gupta,nisha.gupta1776@mail.com,Male,8122307009,Canada,1983-10-23
1777,Aditya,Naidu,aditya.naidu1777@yahoo.com,Male,7225199762,United Kingdom,1977-10-27
1778,Anil,Roy,anil.roy1778@mail.com,Male,9045047577,Australia,1973-06-27
1779,Riya,Chauhan,riya.chauhan1779@mail.com,Male,9904305548,France,1999-02-14
1780,Aarav,Sharma,aarav.sharma1780@gmail.com,Male,7297159488,UAE,1985-05-11
1781,Aditya,Pillai,aditya.pillai1781@gmail.com,Male,9916339355,South Africa,1967-04-21
1782,Vihaan,Bose,vihaan.bose1782@yahoo.com,Female,6484677309,United States,1987-04-04
1783,Rohan,Joshi,rohan.joshi1783@example.com,Male,8895804930,UAE,2007-05-19
1784,Karthik,Gupta,karthik.gupta1784@gmail.com,Female,7568952070,Canada,1970-07-28
1785,Kiran,Bhatt,kiran.bhatt1785@yahoo.com,Male,7518872975,South Africa,1977-08-28
1786,Sai,Mehta,sai.mehta1786@yahoo.com,Male,6833088876,UAE,1984-10-23
1787,Kiran,Kumar,kiran.kumar1787@gmail.com,Female,8508589504,United States,1998-07-22
1788,Pooja,Kapoor,pooja.kapoor1788@outlook.com,Male,9636714317,UAE,2001-09-15
1789,Karthik,Khan,karthik.khan1789@gmail.com,Male,8181676578,South Africa,2002-09-19
1790,Isha,Prasad,isha.prasad1790@yahoo.com,Male,6350012062,Canada,1988-03-06
1791,Karthik,Prasad,karthik.prasad1791@example.com,Female,6837104348,India,1992-03-18
1792,Tarun,Nair,tarun.nair1792@outlook.com,Female,9181618048,South Africa,1991-08-11
1793,Reyansh,Sharma,reyansh.sharma1793@mail.com,Female,7844435205,Canada,1979-01-26
1794,Krishna,Patel,krishna.patel1794@yahoo.com,Female,7885973691,Canada,1976-02-21
1795,Kiran,Kumar,kiran.kumar1795@outlook.com,Male,6062064178,South Africa,1997-05-25
1796,Ananya,Mehta,ananya.mehta1796@example.com,Female,8586149383,Brazil,1978-09-24
1797,Vivaan,Kumar,vivaan.kumar1797@mail.com,Female,7982387670,Australia,1979-06-28
1798,Kiran,Gupta,kiran.gupta1798@yahoo.com,Male,8068028260,South Africa,1994-05-01
1799,Ananya,Malhotra,ananya.malhotra1799@example.com,Female,9084235784,Brazil,1981-08-19
1800,Karthik,Yadav,karthik.yadav1800@outlook.com,Male,6126424606,Australia,2002-08-15
1801,Sunita,Yadav,sunita.yadav1801@mail.com,Female,6651083883,Canada,1968-12-29
1802,Rohan,Verma,rohan.verma1802@yahoo.com,Male,9616606331,Brazil,1969-03-01
1803,Myra,Kapoor,myra.kapoor1803@gmail.com,Male,9968578801,Germany,1996-06-26
1804,Aanya,Chauhan,aanya.chauhan1804@gmail.com,Female,9735135902,South Africa,1978-06-26
1805,Maya,Bhatia,maya.bhatia1805@outlook.com,Male,9657438159,United States,1972-08-11
1806,Kavya,Kumar,kavya.kumar1806@gmail.com,Female,6039578994,UAE,1973-01-09
1807,Nisha,Khan,nisha.khan1807@yahoo.com,Male,9094096666,India,2006-01-09
1808,Pooja,Reddy,pooja.reddy1808@example.com,Female,9513164170,United Kingdom,1986-07-27
1809,Riya,Chauhan,riya.chauhan1809@gmail.com,Female,8526858348,India,1987-06-29
1810,Arjun,Menon,arjun.menon1810@yahoo.com,Male,6403458547,Australia,1989-09-11
1811,Rohan,Mehta,rohan.mehta1811@yahoo.com,Female,9853171864,United Kingdom,2003-12-07
1812,Ritu,Reddy,ritu.reddy1812@yahoo.com,Female,7438027778,Germany,2003-08-09
1813,Sneha,Bose,sneha.bose1813@yahoo.com,Female,9364152058,Australia,1968-04-08
1814,Karthik,Pillai,karthik.pillai1814@yahoo.com,Female,8978530056,United Kingdom,1980-10-27
1815,Mohit,Ghosh,mohit.ghosh1815@mail.com,Female,8813798876,France,1973-11-18
1816,Kiran,Nair,kiran.nair1816@example.com,Male,8958066691,UAE,1996-01-28
1817,Ritu,Iyer,ritu.iyer1817@outlook.com,Female,9865739197,South Africa,1971-08-24
1818,Aanya,Joshi,aanya.joshi1818@gmail.com,Male,6941309542,United States,1998-02-28
1819,Sunita,Nair,sunita.nair1819@yahoo.com,Female,9491111027,India,1997-10-17
1820,Rohan,Bhatia,rohan.bhatia1820@outlook.com,Male,9280150215,Australia,1976-03-02
1821,Myra,Roy,myra.roy1821@yahoo.com,Male,9873113402,United States,1979-03-19
1822,Reyansh,Gupta,reyansh.gupta1822@yahoo.com,Male,9810781885,Germany,1996-06-02
1823,Myra,Bhatia,myra.bhatia1823@yahoo.com,Female,8002654578,Germany,1967-07-30
1824,Kavya,Bose,kavya.bose1824@gmail.com,Male,6403492040,Australia,1978-10-16
1825,Tarun,Yadav,tarun.yadav1825@example.com,Female,7576741769,Canada,1992-12-02
1826,Ananya,Trivedi,ananya.trivedi1826@gmail.com,Male,7679909908,Brazil,1987-02-02
1827,Maya,Bhatia,maya.bhatia1827@example.com,Male,6587630037,India,2001-03-26
1828,Aditya,Kapoor,aditya.kapoor1828@yahoo.com,Male,6918860592,India,1970-01-21
1829,Tarun,Pillai,tarun.pillai1829@yahoo.com,Female,8623175234,Brazil,1984-12-22
1830,Aarav,Sharma,aarav.sharma1830@example.com,Male,9816999118,United States,1993-11-02
1831,Kavya,Agarwal,kavya.agarwal1831@outlook.com,Male,9694734805,United Kingdom,2003-04-26
1832,Mohit,Bhatt,mohit.bhatt1832@example.com,Female,6566735806,United Kingdom,1976-03-05
1833,Nisha,Kapoor,nisha.kapoor1833@gmail.com,Female,9968240368,Australia,1984-10-13
1834,Aarav,Chauhan,aarav.chauhan1834@mail.com,Male,7801488945,Canada,1972-07-20
1835,Sunita,Trivedi,sunita.trivedi1835@example.com,Female,6631534469,Canada,1985-12-16
1836,Sara,Sharma,sara.sharma1836@gmail.com,Female,6285719447,Australia,1999-01-04
1837,Ritu,Sharma,ritu.sharma1837@outlook.com,Female,8117995590,South Africa,1986-02-22
1838,Pooja,Pillai,pooja.pillai1838@yahoo.com,Male,9084286691,Germany,1969-09-24
1839,Ananya,Trivedi,ananya.trivedi1839@gmail.com,Female,8478305898,South Africa,1997-05-20
1840,Ritu,Mehta,ritu.mehta1840@yahoo.com,Male,9803909193,Germany,1983-09-21
1841,Sunita,Das,sunita.das1841@outlook.com,Male,8456641247,France,1985-04-09
1842,Aditya,Gupta,aditya.gupta1842@outlook.com,Female,6408464372,United States,1998-12-16
1843,Pooja,Khan,pooja.khan1843@mail.com,Female,7226380230,Australia,1973-01-22
1844,Tarun,Das,tarun.das1844@gmail.com,Male,7887033261,South Africa,1993-02-28
1845,Anil,Joshi,anil.joshi1845@yahoo.com,Female,6756414440,South Africa,1987-05-19
1846,Pooja,Mehta,pooja.mehta1846@example.com,Female,9859331315,Australia,1998-04-29
1847,Priya,Roy,priya.roy1847@gmail.com,Male,9581398658,South Africa,1966-03-29
1848,Vivaan,Khan,vivaan.khan1848@yahoo.com,Male,6710919725,South Africa,1992-08-15
1849,Diya,Nair,diya.nair1849@yahoo.com,Female,8582849165,India,1998-07-03
1850,Aditya,Kashyap,aditya.kashyap1850@example.com,Male,8017148925,South Africa,1989-07-26
1851,Maya,Singh,maya.singh1851@gmail.com,Female,8280734552,Brazil,1981-08-20
1852,Tarun,Roy,tarun.roy1852@mail.com,Male,6572493451,South Africa,1976-11-08
1853,Sara,Prasad,sara.prasad1853@example.com,Female,7013814188,Germany,1971-11-19
1854,Sahil,Yadav,sahil.yadav1854@outlook.com,Male,7839386257,United States,1999-03-08
1855,Vivaan,Mehta,vivaan.mehta1855@outlook.com,Female,9199177320,Brazil,1986-04-26
1856,Ananya,Bhatia,ananya.bhatia1856@gmail.com,Male,7738507656,South Africa,1998-12-09
1857,Isha,Joshi,isha.joshi1857@example.com,Female,9868570532,UAE,1990-03-20
1858,Sai,Agarwal,sai.agarwal1858@outlook.com,Female,9401878712,South Africa,2001-08-22
1859,Ritu,Gupta,ritu.gupta1859@mail.com,Male,9325015122,UAE,1969-09-23
1860,Nisha,Nair,nisha.nair1860@yahoo.com,Male,7232918387,UAE,2001-04-26
1861,Ritu,Nair,ritu.nair1861@mail.com,Male,6635450439,Australia,1984-06-18
1862,Tarun,Kumar,tarun.kumar1862@gmail.com,Male,6338275840,United Kingdom,2001-08-18
1863,Kavya,Shah,kavya.shah1863@example.com,Male,6219550448,Australia,2000-06-12
1864,Maya,Chauhan,maya.chauhan1864@mail.com,Female,9099422113,United States,1998-11-10
1865,Vivaan,Kapoor,vivaan.kapoor1865@yahoo.com,Male,9421037080,Canada,1975-10-07
1866,Karthik,Naidu,karthik.naidu1866@yahoo.com,Female,9185578951,India,1981-07-16
1867,Ritu,Chauhan,ritu.chauhan1867@outlook.com,Male,8197766333,South Africa,1989-03-06
1868,Kiran,Patel,kiran.patel1868@gmail.com,Male,8992913641,South Africa,1979-01-18
1869,Tarun,Bhatt,tarun.bhatt1869@mail.com,Male,6347736777,Canada,1981-10-29
1870,Anil,Roy,anil.roy1870@outlook.com,Female,7520547737,UAE,1976-05-17
1871,Sneha,Khan,sneha.khan1871@yahoo.com,Male,7062222779,France,1981-01-21
1872,Sunita,Kumar,sunita.kumar1872@yahoo.com,Male,6312242712,United States,1976-10-08
1873,Reyansh,Nair,reyansh.nair1873@mail.com,Female,9912523591,France,1988-05-04
1874,Ananya,Sharma,ananya.sharma1874@gmail.com,Male,8796823171,Australia,1966-09-27
1875,Kavya,Mehta,kavya.mehta1875@mail.com,Male,9358024759,United Kingdom,1977-06-12
1876,Aditya,Patel,aditya.patel1876@yahoo.com,Female,8780493129,Australia,1977-11-15
1877,Myra,Bhatia,myra.bhatia1877@mail.com,Female,7197013031,Brazil,1984-02-23
1878,Sara,Malhotra,sara.malhotra1878@example.com,Female,8011855815,United States,2001-12-16
1879,Nisha,Trivedi,nisha.trivedi1879@example.com,Male,8959196929,Australia,2005-10-05
1880,Aanya,Pillai,aanya.pillai1880@mail.com,Male,8794279857,United Kingdom,1981-07-15
1881,Isha,Nair,isha.nair1881@mail.com,Male,6166655551,India,1986-02-15
1882,Vihaan,Joshi,vihaan.joshi1882@gmail.com,Male,8152987497,Germany,1977-05-11
1883,Aditya,Iyer,aditya.iyer1883@example.com,Male,9030048529,Australia,1983-11-28
1884,Sneha,Iyer,sneha.iyer1884@gmail.com,Female,7704948432,Germany,1970-06-09
1885,Myra,Patel,myra.patel1885@example.com,Female,8151660229,Canada,1982-06-17
1886,Sara,Bhatia,sara.bhatia1886@outlook.com,Female,7166007155,France,1973-03-07
1887,Rohan,Nair,rohan.nair1887@example.com,Male,7733007099,United States,1990-02-06
1888,Ananya,Bhatia,ananya.bhatia1888@gmail.com,Male,8846157635,United States,2002-06-15
1889,Rohan,Khan,rohan.khan1889@gmail.com,Female,8894418610,United States,1981-02-22
1890,Myra,Kashyap,myra.kashyap1890@example.com,Male,8273396650,UAE,2006-03-09
1891,Tarun,Mehta,tarun.mehta1891@gmail.com,Male,6852443493,Australia,1985-05-14
1892,Kiran,Trivedi,kiran.trivedi1892@outlook.com,Male,9787124754,United Kingdom,1974-10-20
1893,Pooja,Kumar,pooja.kumar1893@outlook.com,Male,9361742533,Germany,2007-01-01
1894,Kavya,Bose,kavya.bose1894@gmail.com,Male,7298120553,Australia,1966-03-22
1895,Aarav,Kapoor,aarav.kapoor1895@yahoo.com,Female,7449653757,Canada,1990-12-15
1896,Anil,Kapoor,anil.kapoor1896@mail.com,Male,7107411185,Australia,1978-01-10
1897,Karthik,Malhotra,karthik.malhotra1897@gmail.com,Male,9940463492,India,1991-08-04
1898,Rohan,Kashyap,rohan.kashyap1898@mail.com,Female,9235858629,France,1991-02-06
1899,Diya,Bose,diya.bose1899@example.com,Female,9492420550,Brazil,2005-07-01
1900,Nisha,Gupta,nisha.gupta1900@outlook.com,Male,6495525695,United Kingdom,2007-03-21
1901,Pooja,Patel,pooja.patel1901@gmail.com,Male,9329978992,South Africa,2007-10-18
1902,Myra,Trivedi,myra.trivedi1902@example.com,Male,9791520994,Brazil,2005-03-22
1903,Aarav,Verma,aarav.verma1903@outlook.com,Female,9696895168,France,1987-02-21
1904,Aanya,Verma,aanya.verma1904@outlook.com,Female,7684147876,Australia,1973-11-07
1905,Maya,Bhatt,maya.bhatt1905@yahoo.com,Female,7052962548,Canada,1998-04-24
1906,Aarav,Joshi,aarav.joshi1906@yahoo.com,Female,7935007493,India,1976-02-28
1907,Kavya,Chauhan,kavya.chauhan1907@outlook.com,Female,8927366604,Brazil,1983-11-07
1908,Aarav,Gupta,aarav.gupta1908@mail.com,Male,6547471147,United States,1978-12-02
1909,Vivaan,Singh,vivaan.singh1909@outlook.com,Female,9586146082,United Kingdom,2003-08-23
1910,Riya,Gupta,riya.gupta1910@mail.com,Male,9454548510,France,1968-10-10
1911,Priya,Bose,priya.bose1911@outlook.com,Male,7881642305,United Kingdom,1994-03-23
1912,Priya,Verma,priya.verma1912@example.com,Male,7380349014,Germany,1966-05-09
1913,Reyansh,Gupta,reyansh.gupta1913@example.com,Male,6275049243,France,1998-08-13
1914,Mohit,Verma,mohit.verma1914@mail.com,Male,9741422251,South Africa,2003-12-03
1915,Tarun,Patel,tarun.patel1915@example.com,Male,8411770145,India,1972-11-24
1916,Priya,Kumar,priya.kumar1916@example.com,Male,7979646639,UAE,1995-12-11
1917,Krishna,Chauhan,krishna.chauhan1917@gmail.com,Male,7405819601,France,1970-08-02
1918,Vihaan,Bhatt,vihaan.bhatt1918@mail.com,Female,9961422504,United Kingdom,1997-04-19
1919,Kiran,Prasad,kiran.prasad1919@gmail.com,Male,7820785959,Germany,1966-10-31
1920,Reyansh,Gupta,reyansh.gupta1920@mail.com,Female,6949893275,India,1974-07-11
1921,Sunita,Singh,sunita.singh1921@outlook.com,Male,6440818642,France,1968-08-08
1922,Mohit,Menon,mohit.menon1922@example.com,Male,9061931925,Canada,1980-01-04
1923,Arjun,Prasad,arjun.prasad1923@outlook.com,Male,9863805499,Australia,2004-03-06
1924,Anil,Roy,anil.roy1924@example.com,Male,6171496550,Canada,1982-12-31
1925,Ananya,Nair,ananya.nair1925@mail.com,Male,6834774185,UAE,1993-12-27
1926,Priya,Reddy,priya.reddy1926@gmail.com,Male,7064913409,Germany,1967-03-07
1927,Maya,Roy,maya.roy1927@yahoo.com,Male,6347577192,Australia,1982-10-12
1928,Kavya,Malhotra,kavya.malhotra1928@example.com,Male,8392719406,Australia,1988-05-22
1929,Aarav,Bhatt,aarav.bhatt1929@mail.com,Female,6609144541,United States,1978-02-28
1930,Sunita,Khan,sunita.khan1930@mail.com,Female,7220354979,Germany,1993-09-11
1931,Sneha,Iyer,sneha.iyer1931@example.com,Male,8491693565,Australia,1985-08-08
1932,Reyansh,Khan,reyansh.khan1932@outlook.com,Female,9277623137,Brazil,1975-09-07
1933,Karthik,Bhatia,karthik.bhatia1933@example.com,Male,9875192155,United States,1988-12-30
1934,Vihaan,Bose,vihaan.bose1934@example.com,Female,9513954203,South Africa,1975-09-03
1935,Karthik,Pillai,karthik.pillai1935@outlook.com,Male,8334883092,South Africa,2000-06-23
1936,Nisha,Verma,nisha.verma1936@outlook.com,Male,9442255673,United States,1966-06-08
1937,Tarun,Bose,tarun.bose1937@yahoo.com,Male,8138690723,Germany,1995-11-22
1938,Maya,Roy,maya.roy1938@example.com,Female,9928278565,UAE,2002-12-18
1939,Mohit,Trivedi,mohit.trivedi1939@outlook.com,Male,6688848334,United States,2002-11-30
1940,Sai,Chauhan,sai.chauhan1940@gmail.com,Female,6234159319,South Africa,1999-02-18
1941,Reyansh,Prasad,reyansh.prasad1941@example.com,Male,9272352567,Canada,1972-09-14
1942,Priya,Joshi,priya.joshi1942@outlook.com,Male,9027199792,United Kingdom,1966-08-22
1943,Vivaan,Malhotra,vivaan.malhotra1943@gmail.com,Male,8640388940,United States,1993-09-26
1944,Arjun,Bhatt,arjun.bhatt1944@mail.com,Male,7476015923,India,1989-05-23
1945,Krishna,Prasad,krishna.prasad1945@gmail.com,Female,7668946498,India,1989-09-06
1946,Pooja,Chauhan,pooja.chauhan1946@gmail.com,Male,9778462155,India,1975-05-24
1947,Vihaan,Menon,vihaan.menon1947@outlook.com,Female,9755138547,Australia,1987-11-12
1948,Priya,Menon,priya.menon1948@yahoo.com,Male,8098168968,Germany,2004-07-17
1949,Sara,Trivedi,sara.trivedi1949@mail.com,Female,8716524724,Germany,1978-08-12
1950,Maya,Bhatt,maya.bhatt1950@outlook.com,Female,7085334258,Australia,1968-01-13
1951,Ananya,Trivedi,ananya.trivedi1951@mail.com,Female,7197971860,Brazil,2003-06-05
1952,Pooja,Menon,pooja.menon1952@mail.com,Female,7802161853,South Africa,1969-05-10
1953,Kiran,Nair,kiran.nair1953@gmail.com,Male,8865113839,United States,1967-01-12
1954,Isha,Joshi,isha.joshi1954@yahoo.com,Male,6064589452,India,1973-06-28
1955,Diya,Chauhan,diya.chauhan1955@yahoo.com,Male,6214617437,Germany,2002-07-11
1956,Sneha,Bose,sneha.bose1956@mail.com,Female,9919336258,India,1995-09-22
1957,Tarun,Patel,tarun.patel1957@example.com,Female,9000560783,South Africa,1989-06-20
1958,Pooja,Bhatt,pooja.bhatt1958@yahoo.com,Female,9186272388,United States,1986-05-19
1959,Aarav,Trivedi,aarav.trivedi1959@example.com,Female,7199060363,Germany,1967-11-06
1960,Sahil,Kapoor,sahil.kapoor1960@outlook.com,Female,7351659647,United Kingdom,1970-02-08
1961,Aarav,Bose,aarav.bose1961@mail.com,Male,6887998818,UAE,1978-02-18
1962,Isha,Gupta,isha.gupta1962@mail.com,Male,9687271349,United Kingdom,1982-01-26
1963,Aditya,Shah,aditya.shah1963@example.com,Female,6076555003,India,1985-01-03
1964,Aarav,Ghosh,aarav.ghosh1964@outlook.com,Female,7828061061,France,1980-05-13
1965,Sai,Bhatia,sai.bhatia1965@yahoo.com,Male,8845569085,United States,1984-11-05
1966,Aarav,Malhotra,aarav.malhotra1966@outlook.com,Female,9949485784,India,1974-02-15
1967,Anil,Roy,anil.roy1967@example.com,Female,9219362126,United Kingdom,1967-11-10
1968,Sneha,Kumar,sneha.kumar1968@yahoo.com,Female,8609724354,Germany,1974-02-13
1969,Maya,Shah,maya.shah1969@yahoo.com,Female,6816379971,Germany,1995-06-10
1970,Karthik,Agarwal,karthik.agarwal1970@example.com,Male,9607756449,United States,1997-07-02
1971,Tarun,Singh,tarun.singh1971@outlook.com,Male,9063028978,Brazil,1976-02-14
1972,Karthik,Reddy,karthik.reddy1972@gmail.com,Male,8050963527,France,1988-04-10
1973,Aditya,Gupta,aditya.gupta1973@gmail.com,Female,6257589484,South Africa,1985-01-14
1974,Karthik,Shah,karthik.shah1974@gmail.com,Female,6407150933,United States,1972-11-14
1975,Kiran,Sharma,kiran.sharma1975@mail.com,Male,7647043793,Australia,1992-11-05
1976,Priya,Sharma,priya.sharma1976@gmail.com,Male,9628429028,UAE,1987-05-19
1977,Aanya,Ghosh,aanya.ghosh1977@example.com,Female,7852093194,United States,1976-10-09
1978,Priya,Khan,priya.khan1978@mail.com,Male,7805457656,South Africa,1969-09-16
1979,Aditya,Malhotra,aditya.malhotra1979@example.com,Male,9697753137,South Africa,2003-06-12
1980,Anil,Das,anil.das1980@gmail.com,Female,8300524743,Brazil,2007-03-17
1981,Diya,Das,diya.das1981@mail.com,Male,6057281769,UAE,2005-04-03
1982,Karthik,Nair,karthik.nair1982@yahoo.com,Female,9109376139,Australia,1970-10-21
1983,Aanya,Menon,aanya.menon1983@outlook.com,Male,7650617998,India,1969-08-29
1984,Sunita,Kashyap,sunita.kashyap1984@gmail.com,Female,6945623223,Germany,2006-10-31
1985,Anil,Kapoor,anil.kapoor1985@example.com,Female,8159885179,South Africa,1986-02-08
1986,Reyansh,Reddy,reyansh.reddy1986@mail.com,Male,9993695313,United States,1984-02-12
1987,Sneha,Ghosh,sneha.ghosh1987@gmail.com,Male,9970901234,Canada,1991-03-31
1988,Myra,Reddy,myra.reddy1988@example.com,Female,6046331156,France,1997-09-16
1989,Aarav,Nair,aarav.nair1989@yahoo.com,Male,8323253653,South Africa,1997-12-30
1990,Vihaan,Prasad,vihaan.prasad1990@gmail.com,Female,8672745606,Canada,1984-05-12
1991,Sneha,Sharma,sneha.sharma1991@outlook.com,Female,9031582959,Canada,2003-09-23
1992,Krishna,Kumar,krishna.kumar1992@outlook.com,Female,6736034204,India,1982-12-06
1993,Kavya,Kapoor,kavya.kapoor1993@example.com,Female,8019270267,Germany,1978-09-07
1994,Sara,Yadav,sara.yadav1994@gmail.com,Female,9442601003,South Africa,1979-03-11
1995,Sai,Kumar,sai.kumar1995@yahoo.com,Male,8730400768,United States,1980-12-05
1996,Diya,Khan,diya.khan1996@example.com,Female,6321066508,Brazil,2000-10-13
1997,Vihaan,Khan,vihaan.khan1997@mail.com,Male,9927161840,France,1966-01-01
1998,Rohan,Das,rohan.das1998@mail.com,Male,9414396227,UAE,1971-04-23
1999,Vivaan,Reddy,vivaan.reddy1999@outlook.com,Female,6674531397,South Africa,1982-12-19
2000,Aanya,Trivedi,aanya.trivedi2000@yahoo.com,Female,6929008604,Brazil,1976-09-27
2001,Sai,Reddy,sai.reddy2001@yahoo.com,Male,6702323786,Germany,1967-02-02
2002,Priya,Kumar,priya.kumar2002@outlook.com,Female,6082041923,Brazil,1967-02-18
2003,Sai,Naidu,sai.naidu2003@mail.com,Female,6902890896,Canada,1977-02-17
2004,Nisha,Prasad,nisha.prasad2004@example.com,Female,6520324441,Germany,2002-09-20
2005,Vivaan,Sharma,vivaan.sharma2005@mail.com,Male,8911022303,India,1990-12-08
2006,Mohit,Roy,mohit.roy2006@yahoo.com,Female,7291472506,India,1994-07-08
2007,Sneha,Kashyap,sneha.kashyap2007@gmail.com,Female,9456825471,UAE,1974-09-13
2008,Reyansh,Malhotra,reyansh.malhotra2008@example.com,Female,7334732235,Germany,2007-07-22
2009,Tarun,Roy,tarun.roy2009@example.com,Male,8747869856,UAE,1971-10-03
2010,Sneha,Joshi,sneha.joshi2010@example.com,Male,9822211393,Brazil,2005-10-30
2011,Maya,Yadav,maya.yadav2011@outlook.com,Female,6384364711,Germany,1989-04-10
2012,Kavya,Patel,kavya.patel2012@mail.com,Male,6918170647,United States,1994-04-18
2013,Sai,Yadav,sai.yadav2013@mail.com,Female,8490549145,France,1998-09-07
2014,Karthik,Ghosh,karthik.ghosh2014@outlook.com,Male,7952216026,Brazil,1982-08-22
2015,Krishna,Chauhan,krishna.chauhan2015@outlook.com,Male,9138770364,Brazil,1987-04-04
2016,Sara,Prasad,sara.prasad2016@mail.com,Male,9308961903,Germany,1970-05-18
2017,Maya,Kumar,maya.kumar2017@yahoo.com,Female,9956084282,UAE,1992-03-25
2018,Vihaan,Malhotra,vihaan.malhotra2018@mail.com,Male,7061651913,United States,1982-06-02
2019,Sara,Bhatia,sara.bhatia2019@gmail.com,Male,9084643465,Germany,1975-05-05
2020,Sneha,Chauhan,sneha.chauhan2020@gmail.com,Male,7648809314,Germany,1985-09-18
2021,Aditya,Kumar,aditya.kumar2021@gmail.com,Female,7559705300,Canada,1994-07-09
2022,Vihaan,Chauhan,vihaan.chauhan2022@yahoo.com,Male,6995336621,United Kingdom,1996-12-23
2023,Sara,Yadav,sara.yadav2023@mail.com,Female,7923832019,United Kingdom,1971-02-22
2024,Sunita,Khan,sunita.khan2024@outlook.com,Male,7796049416,UAE,1999-08-18
2025,Karthik,Mehta,karthik.mehta2025@example.com,Female,9153415458,United Kingdom,1990-01-03
2026,Mohit,Yadav,mohit.yadav2026@outlook.com,Male,6476556157,Australia,1983-11-13
2027,Ananya,Kashyap,ananya.kashyap2027@outlook.com,Male,6065685685,United States,2001-10-03
2028,Aditya,Malhotra,aditya.malhotra2028@gmail.com,Female,9417165900,South Africa,1967-12-29
2029,Maya,Bhatia,maya.bhatia2029@gmail.com,Female,8634615125,Canada,2002-08-08
2030,Vivaan,Sharma,vivaan.sharma2030@yahoo.com,Male,9213026370,United States,1994-01-27
2031,Reyansh,Chauhan,reyansh.chauhan2031@mail.com,Male,8885126490,United Kingdom,1999-07-13
2032,Sunita,Yadav,sunita.yadav2032@gmail.com,Male,9152689218,Canada,1972-04-25
2033,Sara,Verma,sara.verma2033@yahoo.com,Female,7156778273,Brazil,1986-04-23
2034,Aarav,Bhatia,aarav.bhatia2034@mail.com,Male,8592451629,South Africa,1996-07-31
2035,Riya,Reddy,riya.reddy2035@mail.com,Female,7363696155,UAE,1987-03-09
2036,Myra,Joshi,myra.joshi2036@mail.com,Male,7736056399,India,1993-02-14
2037,Sai,Verma,sai.verma2037@outlook.com,Female,7820943407,United States,1996-12-25
2038,Rohan,Iyer,rohan.iyer2038@yahoo.com,Female,6863178233,Germany,1972-06-06
2039,Pooja,Yadav,pooja.yadav2039@outlook.com,Male,7939062680,UAE,1968-12-29
2040,Aanya,Kapoor,aanya.kapoor2040@outlook.com,Male,6525882134,Brazil,1974-11-25
2041,Sneha,Iyer,sneha.iyer2041@outlook.com,Male,6336437187,United States,1990-09-09
2042,Krishna,Mehta,krishna.mehta2042@example.com,Male,6484134054,Australia,1985-05-03
2043,Vivaan,Sharma,vivaan.sharma2043@yahoo.com,Female,7448241190,Germany,1987-07-29
2044,Sunita,Kapoor,sunita.kapoor2044@mail.com,Female,6242730455,South Africa,2003-02-07
2045,Myra,Mehta,myra.mehta2045@outlook.com,Male,8121788942,Brazil,1988-07-04
2046,Sahil,Joshi,sahil.joshi2046@mail.com,Male,9946286336,France,1971-11-12
2047,Sahil,Bose,sahil.bose2047@gmail.com,Male,8738345828,Brazil,1984-11-06
2048,Priya,Gupta,priya.gupta2048@mail.com,Female,9253174803,Germany,1990-08-22
2049,Kavya,Chauhan,kavya.chauhan2049@gmail.com,Female,8723975814,Canada,2002-09-28
2050,Ritu,Joshi,ritu.joshi2050@gmail.com,Female,8388758160,South Africa,2006-12-01
2051,Kavya,Naidu,kavya.naidu2051@yahoo.com,Female,6703772255,France,1978-02-21
2052,Riya,Roy,riya.roy2052@example.com,Female,6931674161,Australia,1990-08-09
2053,Mohit,Bose,mohit.bose2053@yahoo.com,Male,7312922839,United Kingdom,2006-02-08
2054,Sunita,Ghosh,sunita.ghosh2054@example.com,Female,9813916832,Canada,1982-03-19
2055,Arjun,Chauhan,arjun.chauhan2055@mail.com,Female,8193407305,India,1971-05-01
2056,Sneha,Gupta,sneha.gupta2056@example.com,Male,7545330106,Germany,1990-07-08
2057,Sahil,Kapoor,sahil.kapoor2057@outlook.com,Female,6532775089,India,2005-01-08
2058,Karthik,Gupta,karthik.gupta2058@outlook.com,Female,8764578123,Brazil,2005-11-11
2059,Rohan,Menon,rohan.menon2059@outlook.com,Female,9223914510,France,1995-03-28
2060,Reyansh,Joshi,reyansh.joshi2060@outlook.com,Male,6799149247,Canada,1993-05-31
2061,Nisha,Ghosh,nisha.ghosh2061@example.com,Female,6350239190,Brazil,1966-04-13
2062,Priya,Bhatia,priya.bhatia2062@yahoo.com,Female,6155560216,Germany,1986-11-18
2063,Ritu,Pillai,ritu.pillai2063@outlook.com,Male,8609523124,India,1998-10-01
2064,Kavya,Kumar,kavya.kumar2064@yahoo.com,Male,7959824001,United Kingdom,2002-07-30
2065,Rohan,Iyer,rohan.iyer2065@gmail.com,Male,7293559335,Australia,1983-08-29
2066,Ritu,Kapoor,ritu.kapoor2066@gmail.com,Male,6694336304,South Africa,1994-07-02
2067,Sara,Kapoor,sara.kapoor2067@mail.com,Female,8264134184,Canada,1974-02-12
2068,Vivaan,Malhotra,vivaan.malhotra2068@gmail.com,Female,9282838252,Germany,2006-08-02
2069,Rohan,Gupta,rohan.gupta2069@outlook.com,Female,8043355745,Canada,1969-01-02
2070,Rohan,Prasad,rohan.prasad2070@example.com,Female,9757936336,Canada,1994-12-21
2071,Maya,Gupta,maya.gupta2071@gmail.com,Female,6290079890,Germany,1984-04-22
2072,Isha,Singh,isha.singh2072@example.com,Female,7187869062,United Kingdom,2005-03-22
2073,Myra,Naidu,myra.naidu2073@yahoo.com,Female,6311400048,Canada,2000-06-07
2074,Kiran,Patel,kiran.patel2074@yahoo.com,Male,6318269984,Germany,1973-10-17
2075,Tarun,Yadav,tarun.yadav2075@gmail.com,Female,6040104088,Brazil,1973-06-25
2076,Rohan,Verma,rohan.verma2076@mail.com,Male,6995105539,Australia,1971-01-11
2077,Mohit,Trivedi,mohit.trivedi2077@gmail.com,Male,6185190435,France,2005-08-20
2078,Kavya,Kashyap,kavya.kashyap2078@mail.com,Male,9264754493,Australia,1992-02-22
2079,Reyansh,Reddy,reyansh.reddy2079@gmail.com,Female,7671077239,India,1983-02-22
2080,Maya,Yadav,maya.yadav2080@example.com,Female,6470805500,Germany,1978-04-24
2081,Krishna,Chauhan,krishna.chauhan2081@yahoo.com,Female,8793657405,Germany,1993-06-29
2082,Karthik,Gupta,karthik.gupta2082@yahoo.com,Male,7863691821,South Africa,1983-03-04
2083,Krishna,Chauhan,krishna.chauhan2083@gmail.com,Female,6712934253,South Africa,1990-11-09
2084,Myra,Joshi,myra.joshi2084@gmail.com,Male,7439084534,Germany,1968-06-30
2085,Maya,Agarwal,maya.agarwal2085@mail.com,Female,9651818954,UAE,1998-01-06
2086,Reyansh,Yadav,reyansh.yadav2086@outlook.com,Female,9661359491,Australia,1975-09-26
2087,Karthik,Malhotra,karthik.malhotra2087@gmail.com,Female,6196520335,France,1974-02-27
2088,Vivaan,Shah,vivaan.shah2088@example.com,Male,9890051209,Canada,1984-09-10
2089,Vihaan,Kumar,vihaan.kumar2089@gmail.com,Female,8284606617,France,1970-03-09
2090,Sneha,Verma,sneha.verma2090@example.com,Female,7435537261,Canada,1982-09-18
2091,Maya,Nair,maya.nair2091@outlook.com,Female,9714093616,Canada,1987-06-24
2092,Arjun,Bose,arjun.bose2092@gmail.com,Female,6885893868,UAE,1971-08-03
2093,Sai,Sharma,sai.sharma2093@mail.com,Female,8615535761,France,1985-07-31
2094,Sneha,Joshi,sneha.joshi2094@yahoo.com,Male,8095254023,South Africa,1974-03-18
2095,Rohan,Malhotra,rohan.malhotra2095@example.com,Female,7583816116,UAE,1993-09-07
2096,Aanya,Kapoor,aanya.kapoor2096@gmail.com,Male,8468158439,South Africa,1986-12-19
2097,Sara,Singh,sara.singh2097@outlook.com,Male,8545250403,UAE,1968-03-30
2098,Ritu,Bhatia,ritu.bhatia2098@mail.com,Female,6084927714,Germany,1998-07-16
2099,Kiran,Prasad,kiran.prasad2099@gmail.com,Female,6804088122,India,1981-06-08
2100,Karthik,Pillai,karthik.pillai2100@example.com,Female,9735631101,India,1969-09-22
2101,Maya,Yadav,maya.yadav2101@outlook.com,Female,8803617261,UAE,1988-01-20
2102,Vivaan,Singh,vivaan.singh2102@example.com,Female,7594159494,Brazil,1981-10-13
2103,Aditya,Bhatt,aditya.bhatt2103@gmail.com,Female,6983257480,Canada,1997-10-19
2104,Aarav,Khan,aarav.khan2104@mail.com,Male,7372384255,Germany,1970-08-07
2105,Riya,Prasad,riya.prasad2105@gmail.com,Male,7762535999,South Africa,2007-06-14
2106,Isha,Trivedi,isha.trivedi2106@mail.com,Male,6901695153,UAE,1980-08-07
2107,Ananya,Bhatia,ananya.bhatia2107@mail.com,Female,6526773906,Australia,1979-01-15
2108,Nisha,Agarwal,nisha.agarwal2108@yahoo.com,Female,6576487771,Brazil,2001-06-14
2109,Isha,Singh,isha.singh2109@example.com,Male,9374411511,Brazil,1988-11-12
2110,Riya,Khan,riya.khan2110@mail.com,Male,7018991508,Australia,1984-04-22
2111,Ritu,Patel,ritu.patel2111@example.com,Male,6442857137,United States,1980-10-28
2112,Sunita,Kashyap,sunita.kashyap2112@mail.com,Female,8337613152,UAE,1969-08-22
2113,Nisha,Joshi,nisha.joshi2113@mail.com,Male,6634652520,UAE,1998-10-03
2114,Anil,Yadav,anil.yadav2114@outlook.com,Male,7361334697,Brazil,1972-05-13
2115,Anil,Singh,anil.singh2115@gmail.com,Male,7792087449,United States,1968-07-19
2116,Anil,Shah,anil.shah2116@outlook.com,Female,7217463993,UAE,1985-11-17
2117,Sai,Ghosh,sai.ghosh2117@mail.com,Male,6182892699,South Africa,1981-01-27
2118,Aanya,Khan,aanya.khan2118@yahoo.com,Male,9674294631,UAE,1966-05-16
2119,Vivaan,Naidu,vivaan.naidu2119@outlook.com,Male,6709626707,Australia,1980-01-29
2120,Aanya,Yadav,aanya.yadav2120@outlook.com,Male,9108295176,Australia,1996-05-28
2121,Priya,Reddy,priya.reddy2121@mail.com,Female,6937319554,Brazil,2005-10-19
2122,Sunita,Khan,sunita.khan2122@example.com,Female,6191366260,United Kingdom,1979-12-18
2123,Aditya,Iyer,aditya.iyer2123@gmail.com,Female,8344047246,UAE,1992-02-20
2124,Sara,Chauhan,sara.chauhan2124@mail.com,Male,9928822994,South Africa,1966-06-30
2125,Aditya,Chauhan,aditya.chauhan2125@example.com,Male,8449348604,UAE,1999-11-29
2126,Sara,Malhotra,sara.malhotra2126@example.com,Male,7939337167,United Kingdom,1986-09-20
2127,Isha,Sharma,isha.sharma2127@yahoo.com,Male,8881161808,Canada,1981-12-06
2128,Arjun,Agarwal,arjun.agarwal2128@yahoo.com,Male,6396668571,Brazil,1979-10-26
2129,Sara,Yadav,sara.yadav2129@outlook.com,Female,9333747118,Brazil,1997-08-18
2130,Ritu,Naidu,ritu.naidu2130@mail.com,Female,8462444659,United Kingdom,1996-06-29
2131,Mohit,Reddy,mohit.reddy2131@outlook.com,Male,9937286176,Australia,1997-10-07
2132,Sneha,Ghosh,sneha.ghosh2132@mail.com,Female,8167517048,Germany,1968-05-25
2133,Reyansh,Mehta,reyansh.mehta2133@yahoo.com,Female,8731597386,UAE,1988-01-24
2134,Sara,Chauhan,sara.chauhan2134@yahoo.com,Male,9772225750,Canada,1995-06-09
2135,Ananya,Nair,ananya.nair2135@mail.com,Male,8105948910,United Kingdom,1979-11-12
2136,Karthik,Naidu,karthik.naidu2136@mail.com,Male,9436317499,France,1989-12-31
2137,Tarun,Bhatt,tarun.bhatt2137@mail.com,Female,7662046631,Australia,1987-10-08
2138,Krishna,Malhotra,krishna.malhotra2138@mail.com,Male,6191271691,Germany,1986-09-09
2139,Isha,Pillai,isha.pillai2139@mail.com,Male,6898753678,Germany,1998-04-21
2140,Sunita,Prasad,sunita.prasad2140@yahoo.com,Female,6556983194,Australia,1975-06-28
2141,Tarun,Sharma,tarun.sharma2141@example.com,Male,7563904698,Brazil,1976-01-24
2142,Aditya,Menon,aditya.menon2142@mail.com,Female,8920677003,Australia,1975-01-14
2143,Sneha,Naidu,sneha.naidu2143@yahoo.com,Female,9923700814,Brazil,1981-12-28
2144,Isha,Bose,isha.bose2144@yahoo.com,Male,7357259063,Brazil,1997-10-20
2145,Kiran,Verma,kiran.verma2145@mail.com,Female,8852473798,United Kingdom,1990-04-19
2146,Rohan,Yadav,rohan.yadav2146@gmail.com,Male,9634331913,United Kingdom,1995-06-16
2147,Pooja,Roy,pooja.roy2147@mail.com,Male,6745903111,Australia,1973-06-01
2148,Myra,Mehta,myra.mehta2148@example.com,Male,8155805950,Australia,1996-09-16
2149,Sunita,Agarwal,sunita.agarwal2149@yahoo.com,Female,8299031784,United States,1983-03-15
2150,Riya,Reddy,riya.reddy2150@example.com,Female,7562798909,UAE,1998-04-05
2151,Karthik,Malhotra,karthik.malhotra2151@outlook.com,Female,6404667493,United Kingdom,1995-02-20
2152,Sunita,Chauhan,sunita.chauhan2152@yahoo.com,Male,6771640599,Canada,1989-04-12
2153,Mohit,Menon,mohit.menon2153@mail.com,Male,6565033460,United States,2002-05-09
2154,Kavya,Bhatia,kavya.bhatia2154@outlook.com,Female,8816021881,Brazil,1978-11-12
2155,Krishna,Prasad,krishna.prasad2155@yahoo.com,Female,7670506089,India,1977-02-15
2156,Maya,Shah,maya.shah2156@mail.com,Male,9393020997,UAE,1996-10-29
2157,Maya,Shah,maya.shah2157@yahoo.com,Female,9759840710,Australia,1999-05-06
2158,Aanya,Das,aanya.das2158@gmail.com,Male,8516981926,United Kingdom,2001-10-07
2159,Kiran,Chauhan,kiran.chauhan2159@yahoo.com,Female,8537145049,Germany,1992-04-12
2160,Sara,Mehta,sara.mehta2160@example.com,Female,9461664165,UAE,1968-11-21
2161,Vihaan,Gupta,vihaan.gupta2161@outlook.com,Male,6570065376,United States,1983-09-21
2162,Kavya,Joshi,kavya.joshi2162@outlook.com,Female,6260073285,UAE,1992-11-07
2163,Aanya,Malhotra,aanya.malhotra2163@yahoo.com,Female,6867430614,Australia,1999-05-06
2164,Karthik,Malhotra,karthik.malhotra2164@gmail.com,Male,7518372587,Brazil,1998-08-07
2165,Pooja,Gupta,pooja.gupta2165@example.com,Female,7075992215,India,1968-01-07
2166,Rohan,Singh,rohan.singh2166@yahoo.com,Female,7922405693,United States,1976-10-06
2167,Isha,Singh,isha.singh2167@yahoo.com,Male,6948231534,Germany,2000-11-04
2168,Sunita,Gupta,sunita.gupta2168@example.com,Male,7058273493,United Kingdom,1994-10-01
2169,Rohan,Chauhan,rohan.chauhan2169@outlook.com,Female,8300924216,South Africa,1983-08-30
2170,Sara,Bose,sara.bose2170@example.com,Male,7277497331,Canada,1978-12-18
2171,Sneha,Mehta,sneha.mehta2171@mail.com,Male,9068615610,United States,1988-07-14
2172,Maya,Trivedi,maya.trivedi2172@mail.com,Male,6827781950,Canada,1988-09-19
2173,Kiran,Menon,kiran.menon2173@mail.com,Female,9998628721,UAE,1994-11-12
2174,Tarun,Khan,tarun.khan2174@outlook.com,Male,6252454171,South Africa,1992-11-23
2175,Arjun,Reddy,arjun.reddy2175@example.com,Male,9844331202,South Africa,1971-04-09
2176,Kiran,Bhatia,kiran.bhatia2176@yahoo.com,Male,7112741691,France,1987-09-07
2177,Aarav,Iyer,aarav.iyer2177@example.com,Female,9401230633,United Kingdom,1966-05-10
2178,Kiran,Kumar,kiran.kumar2178@outlook.com,Female,6658669081,United Kingdom,1979-04-27
2179,Myra,Bhatt,myra.bhatt2179@gmail.com,Male,9135969752,India,2002-11-28
2180,Reyansh,Ghosh,reyansh.ghosh2180@example.com,Female,6496270868,Brazil,1971-01-23
2181,Diya,Kapoor,diya.kapoor2181@outlook.com,Male,6645448386,Germany,2002-12-28
2182,Nisha,Ghosh,nisha.ghosh2182@example.com,Male,8392887598,South Africa,1989-06-11
2183,Nisha,Chauhan,nisha.chauhan2183@gmail.com,Male,8378804656,UAE,1969-04-17
2184,Aditya,Trivedi,aditya.trivedi2184@mail.com,Male,9485619560,Brazil,1993-02-20
2185,Pooja,Iyer,pooja.iyer2185@gmail.com,Male,8543638204,South Africa,1976-03-23
2186,Aditya,Das,aditya.das2186@outlook.com,Female,9691070481,UAE,1973-08-12
2187,Myra,Khan,myra.khan2187@mail.com,Female,7884617225,Brazil,1975-05-15
2188,Tarun,Patel,tarun.patel2188@example.com,Female,7286530029,United Kingdom,1987-01-05
2189,Sneha,Das,sneha.das2189@example.com,Female,9097565452,UAE,1996-12-19
2190,Mohit,Shah,mohit.shah2190@example.com,Female,6435496465,South Africa,1970-06-18
2191,Sai,Bhatia,sai.bhatia2191@outlook.com,Female,9620925987,Canada,1967-01-26
2192,Sai,Bose,sai.bose2192@yahoo.com,Male,7959876202,France,1985-06-18
2193,Krishna,Prasad,krishna.prasad2193@example.com,Female,6650538188,Canada,1980-06-09
2194,Myra,Prasad,myra.prasad2194@mail.com,Male,6733169157,South Africa,1975-08-08
2195,Mohit,Agarwal,mohit.agarwal2195@example.com,Female,6030540034,France,1987-10-30
2196,Sneha,Naidu,sneha.naidu2196@outlook.com,Female,6108343914,South Africa,1991-04-16
2197,Krishna,Bose,krishna.bose2197@yahoo.com,Male,9093015350,Australia,2005-06-23
2198,Anil,Chauhan,anil.chauhan2198@mail.com,Female,7500550960,United States,1996-02-15
2199,Karthik,Kapoor,karthik.kapoor2199@mail.com,Female,7292223340,United Kingdom,1976-08-04
2200,Aarav,Kapoor,aarav.kapoor2200@yahoo.com,Female,6098766593,Australia,1980-04-15
2201,Riya,Menon,riya.menon2201@gmail.com,Female,8591902122,Brazil,1971-04-03
2202,Myra,Kapoor,myra.kapoor2202@outlook.com,Male,8414223436,United States,2004-10-09
2203,Pooja,Prasad,pooja.prasad2203@yahoo.com,Male,8212226656,United States,1985-05-18
2204,Diya,Menon,diya.menon2204@example.com,Female,8726397133,UAE,1977-03-25
2205,Myra,Patel,myra.patel2205@gmail.com,Male,7219440202,Germany,1996-07-03
2206,Ritu,Naidu,ritu.naidu2206@example.com,Male,7031528638,Australia,1995-09-09
2207,Riya,Joshi,riya.joshi2207@mail.com,Male,6087779133,United Kingdom,1969-10-09
2208,Sunita,Bhatia,sunita.bhatia2208@example.com,Male,8483557084,UAE,1971-07-23
2209,Aditya,Roy,aditya.roy2209@yahoo.com,Female,6538345891,Australia,1986-02-10
2210,Myra,Ghosh,myra.ghosh2210@outlook.com,Female,9562661600,United Kingdom,1986-12-17
2211,Rohan,Singh,rohan.singh2211@mail.com,Female,7616680776,France,1981-08-05
2212,Sai,Khan,sai.khan2212@yahoo.com,Male,8266306037,South Africa,1982-04-14
2213,Riya,Iyer,riya.iyer2213@outlook.com,Male,8758224001,France,1992-06-23
2214,Ritu,Kumar,ritu.kumar2214@outlook.com,Female,9868283050,Brazil,1989-12-20
2215,Rohan,Naidu,rohan.naidu2215@gmail.com,Male,9737605520,Canada,1969-03-18
2216,Aanya,Malhotra,aanya.malhotra2216@example.com,Female,9525638769,Brazil,2006-04-19
2217,Sai,Agarwal,sai.agarwal2217@example.com,Female,8444667666,India,2004-01-25
2218,Rohan,Kumar,rohan.kumar2218@gmail.com,Male,9482867579,UAE,1968-02-22
2219,Reyansh,Prasad,reyansh.prasad2219@example.com,Male,9192720646,Australia,1977-06-17
2220,Kavya,Prasad,kavya.prasad2220@outlook.com,Male,8071443223,UAE,1988-11-15
2221,Myra,Malhotra,myra.malhotra2221@mail.com,Male,7482148817,Brazil,2005-07-02
2222,Kiran,Sharma,kiran.sharma2222@gmail.com,Male,8081244641,UAE,1969-10-16
2223,Sunita,Bhatt,sunita.bhatt2223@mail.com,Female,8767558295,UAE,1991-09-02
2224,Aanya,Yadav,aanya.yadav2224@mail.com,Male,8927477571,Australia,1981-09-12
2225,Vivaan,Chauhan,vivaan.chauhan2225@outlook.com,Female,9616293095,India,1986-02-14
2226,Sneha,Roy,sneha.roy2226@mail.com,Female,8467087830,Australia,1997-01-15
2227,Mohit,Ghosh,mohit.ghosh2227@gmail.com,Male,7363419893,United Kingdom,1980-05-31
2228,Sahil,Malhotra,sahil.malhotra2228@outlook.com,Male,7434444523,United States,1988-08-31
2229,Myra,Kapoor,myra.kapoor2229@outlook.com,Male,8018367621,Brazil,1968-06-25
2230,Pooja,Bose,pooja.bose2230@mail.com,Male,7200715714,India,1985-02-28
2231,Kiran,Kumar,kiran.kumar2231@yahoo.com,Female,7775821947,South Africa,1980-03-24
2232,Maya,Naidu,maya.naidu2232@mail.com,Male,9136574239,Canada,2001-05-03
2233,Vivaan,Joshi,vivaan.joshi2233@mail.com,Male,8569219602,UAE,1974-05-22
2234,Sahil,Nair,sahil.nair2234@yahoo.com,Male,9251858341,United States,1987-06-30
2235,Sneha,Kapoor,sneha.kapoor2235@yahoo.com,Male,8129930814,Canada,2002-08-30
2236,Riya,Khan,riya.khan2236@gmail.com,Male,8229286208,France,1983-02-24
2237,Sara,Gupta,sara.gupta2237@example.com,Female,9233676637,United Kingdom,1989-09-02
2238,Nisha,Yadav,nisha.yadav2238@outlook.com,Female,9785689928,Canada,1991-02-21
2239,Karthik,Singh,karthik.singh2239@outlook.com,Male,7429557067,Australia,1976-07-19
2240,Sunita,Prasad,sunita.prasad2240@outlook.com,Female,8022495742,Canada,1986-12-31
2241,Arjun,Gupta,arjun.gupta2241@outlook.com,Male,7745706308,United States,1994-09-26
2242,Sneha,Malhotra,sneha.malhotra2242@outlook.com,Male,6433660565,India,1971-05-04
2243,Rohan,Singh,rohan.singh2243@example.com,Male,6412559592,Australia,1997-09-16
2244,Priya,Singh,priya.singh2244@example.com,Female,6031398106,Germany,1984-09-18
2245,Reyansh,Kashyap,reyansh.kashyap2245@mail.com,Male,6122033485,Germany,2004-07-13
2246,Sara,Kapoor,sara.kapoor2246@gmail.com,Male,6214774208,United Kingdom,1987-10-12
2247,Vihaan,Yadav,vihaan.yadav2247@outlook.com,Female,7432749636,Australia,1966-01-23
2248,Aanya,Das,aanya.das2248@gmail.com,Female,6226730334,United States,1977-06-24
2249,Sara,Yadav,sara.yadav2249@yahoo.com,Male,9077810435,United States,1985-11-21
2250,Pooja,Das,pooja.das2250@example.com,Female,8025853061,France,1994-06-22
2251,Rohan,Agarwal,rohan.agarwal2251@example.com,Male,9499043554,France,1997-01-16
2252,Nisha,Sharma,nisha.sharma2252@gmail.com,Female,7516177008,Germany,1967-05-19
2253,Aditya,Khan,aditya.khan2253@gmail.com,Male,9630650091,Australia,1997-04-04
2254,Sahil,Sharma,sahil.sharma2254@outlook.com,Male,9201740659,UAE,1986-11-11
2255,Tarun,Bose,tarun.bose2255@mail.com,Female,6042381818,United Kingdom,1995-12-26
2256,Sahil,Reddy,sahil.reddy2256@yahoo.com,Male,7794104158,Germany,1970-04-15
2257,Sneha,Khan,sneha.khan2257@mail.com,Male,8285910237,France,1984-05-12
2258,Karthik,Shah,karthik.shah2258@outlook.com,Male,6092052452,India,1978-08-01
2259,Ananya,Roy,ananya.roy2259@example.com,Female,6324237686,Canada,1997-02-17
2260,Vivaan,Prasad,vivaan.prasad2260@yahoo.com,Female,6020218884,Canada,1967-11-16
2261,Riya,Gupta,riya.gupta2261@outlook.com,Male,8940835157,France,1997-09-21
2262,Priya,Khan,priya.khan2262@yahoo.com,Male,7110662203,Australia,1981-04-28
2263,Sahil,Bhatia,sahil.bhatia2263@outlook.com,Male,6499090792,Brazil,1993-08-03
2264,Riya,Shah,riya.shah2264@gmail.com,Male,6831880601,Australia,1992-01-21
2265,Arjun,Prasad,arjun.prasad2265@outlook.com,Male,7376239928,Brazil,1996-02-17
2266,Ritu,Bhatt,ritu.bhatt2266@mail.com,Male,6077736391,India,1968-12-14
2267,Aarav,Singh,aarav.singh2267@yahoo.com,Female,6151287819,United Kingdom,1969-02-19
2268,Rohan,Khan,rohan.khan2268@yahoo.com,Male,8654957203,South Africa,1979-05-20
2269,Reyansh,Chauhan,reyansh.chauhan2269@gmail.com,Male,8379970960,Germany,1982-06-22
2270,Ananya,Das,ananya.das2270@outlook.com,Male,6230382209,United Kingdom,1986-10-23
2271,Ananya,Shah,ananya.shah2271@example.com,Female,9815673706,Canada,1972-08-15
2272,Reyansh,Ghosh,reyansh.ghosh2272@example.com,Female,8835965734,South Africa,1977-08-02
2273,Arjun,Naidu,arjun.naidu2273@yahoo.com,Male,9842693674,Canada,1991-01-24
2274,Arjun,Iyer,arjun.iyer2274@outlook.com,Male,7056720237,Canada,1971-12-28
2275,Sai,Trivedi,sai.trivedi2275@gmail.com,Female,6919619036,India,1997-08-02
2276,Vivaan,Bhatia,vivaan.bhatia2276@outlook.com,Female,7882089040,UAE,1975-08-12
2277,Tarun,Ghosh,tarun.ghosh2277@example.com,Female,7925833984,UAE,1982-10-05
2278,Arjun,Naidu,arjun.naidu2278@mail.com,Female,9933887788,France,1992-03-26
2279,Nisha,Trivedi,nisha.trivedi2279@gmail.com,Female,8843308965,United Kingdom,1989-03-07
2280,Maya,Menon,maya.menon2280@outlook.com,Female,7056154496,India,1994-07-27
2281,Sunita,Kumar,sunita.kumar2281@example.com,Female,9138829649,France,1987-04-15
2282,Vivaan,Pillai,vivaan.pillai2282@yahoo.com,Male,8356035386,South Africa,2001-04-03
2283,Aanya,Ghosh,aanya.ghosh2283@yahoo.com,Female,7156182751,India,1989-10-09
2284,Ananya,Mehta,ananya.mehta2284@outlook.com,Female,9735000333,UAE,1973-06-13
2285,Isha,Naidu,isha.naidu2285@mail.com,Male,6573127641,India,1993-02-19
2286,Ritu,Menon,ritu.menon2286@yahoo.com,Male,8518905758,Canada,1976-02-07
2287,Aanya,Malhotra,aanya.malhotra2287@mail.com,Female,9247183959,United States,2004-02-18
2288,Myra,Prasad,myra.prasad2288@example.com,Male,8923840598,UAE,1974-11-05
2289,Sneha,Kashyap,sneha.kashyap2289@outlook.com,Female,7253854273,India,1982-10-20
2290,Priya,Roy,priya.roy2290@yahoo.com,Male,9962823393,India,1983-01-30
2291,Sara,Naidu,sara.naidu2291@mail.com,Male,7193403916,UAE,2001-02-07
2292,Mohit,Joshi,mohit.joshi2292@yahoo.com,Female,8103415431,United Kingdom,1994-11-26
2293,Krishna,Menon,krishna.menon2293@outlook.com,Female,9545667916,France,1971-05-14
2294,Vihaan,Bose,vihaan.bose2294@yahoo.com,Male,9461526890,UAE,1987-10-28
2295,Aditya,Kashyap,aditya.kashyap2295@mail.com,Male,9219188318,United Kingdom,1987-09-11
2296,Sai,Bose,sai.bose2296@mail.com,Female,7389565047,Australia,1988-06-15
2297,Vihaan,Nair,vihaan.nair2297@example.com,Male,9526336519,Germany,1979-07-18
2298,Riya,Trivedi,riya.trivedi2298@example.com,Female,7994881331,France,1974-06-19
2299,Mohit,Bose,mohit.bose2299@example.com,Male,7252100666,UAE,1989-05-22
2300,Sara,Bose,sara.bose2300@yahoo.com,Male,9904347624,Germany,1991-02-09
2301,Riya,Yadav,riya.yadav2301@outlook.com,Female,9020280114,South Africa,1971-11-09
2302,Sunita,Bhatia,sunita.bhatia2302@yahoo.com,Male,6438588162,India,1980-02-25
2303,Mohit,Das,mohit.das2303@outlook.com,Male,6033789230,Canada,1991-07-06
2304,Aditya,Yadav,aditya.yadav2304@gmail.com,Female,9458237973,Germany,2000-10-17
2305,Vihaan,Nair,vihaan.nair2305@yahoo.com,Male,6259563923,India,1984-02-10
2306,Ananya,Reddy,ananya.reddy2306@yahoo.com,Male,7498130300,United States,1976-11-28
2307,Anil,Naidu,anil.naidu2307@mail.com,Male,6046068623,France,1978-06-29
2308,Maya,Gupta,maya.gupta2308@yahoo.com,Female,8341353920,Canada,2001-06-01
2309,Vivaan,Pillai,vivaan.pillai2309@gmail.com,Female,8755506802,United States,1986-06-16
2310,Vihaan,Khan,vihaan.khan2310@mail.com,Female,8120702489,France,1967-01-21
2311,Riya,Joshi,riya.joshi2311@outlook.com,Female,6347402770,Germany,1988-11-14
2312,Sai,Das,sai.das2312@outlook.com,Male,8256004951,United States,2007-07-08
2313,Sara,Agarwal,sara.agarwal2313@mail.com,Male,9902855597,India,1980-09-28
2314,Ananya,Malhotra,ananya.malhotra2314@example.com,Female,8502943291,United Kingdom,1980-09-20
2315,Rohan,Sharma,rohan.sharma2315@example.com,Female,6232152980,Brazil,1992-01-19
2316,Sneha,Sharma,sneha.sharma2316@gmail.com,Female,6885212553,Brazil,1969-06-13
2317,Tarun,Trivedi,tarun.trivedi2317@yahoo.com,Female,6730800905,United Kingdom,1993-07-13
2318,Rohan,Shah,rohan.shah2318@outlook.com,Male,8400176800,France,1992-02-13
2319,Ritu,Das,ritu.das2319@example.com,Male,6279523735,United Kingdom,1993-05-14
2320,Ananya,Bhatia,ananya.bhatia2320@example.com,Female,8715589293,Australia,2001-11-28
2321,Anil,Das,anil.das2321@yahoo.com,Female,8495338461,UAE,1994-01-27
2322,Pooja,Verma,pooja.verma2322@gmail.com,Female,6713883684,France,1994-08-08
2323,Kiran,Reddy,kiran.reddy2323@yahoo.com,Female,9483432537,France,1979-02-06
2324,Aditya,Yadav,aditya.yadav2324@mail.com,Male,9020680654,United Kingdom,1985-04-15
2325,Diya,Gupta,diya.gupta2325@yahoo.com,Male,8900206095,France,2006-05-17
2326,Nisha,Roy,nisha.roy2326@example.com,Male,9083396344,UAE,1970-08-28
2327,Aarav,Roy,aarav.roy2327@outlook.com,Male,8498244598,India,1996-03-08
2328,Maya,Iyer,maya.iyer2328@outlook.com,Female,9499908745,India,1972-01-12
2329,Mohit,Joshi,mohit.joshi2329@outlook.com,Female,6839822391,Australia,1973-04-01
2330,Sahil,Joshi,sahil.joshi2330@mail.com,Male,6723948870,Australia,1966-04-18
2331,Sara,Naidu,sara.naidu2331@outlook.com,Male,9276135904,UAE,1989-07-10
2332,Myra,Reddy,myra.reddy2332@outlook.com,Female,7945222753,Canada,1981-10-29
2333,Sunita,Agarwal,sunita.agarwal2333@outlook.com,Female,9355826446,South Africa,1990-02-13
2334,Karthik,Kumar,karthik.kumar2334@mail.com,Male,8870305371,South Africa,1983-12-30
2335,Aditya,Agarwal,aditya.agarwal2335@mail.com,Male,7252949152,India,1989-05-14
2336,Vihaan,Kashyap,vihaan.kashyap2336@outlook.com,Female,8064463223,Australia,1981-08-06
2337,Vihaan,Verma,vihaan.verma2337@yahoo.com,Female,6493026900,UAE,1979-03-30
2338,Karthik,Pillai,karthik.pillai2338@gmail.com,Male,7235044024,France,1997-07-25
2339,Tarun,Prasad,tarun.prasad2339@gmail.com,Female,6079208111,India,1985-03-11
2340,Riya,Singh,riya.singh2340@example.com,Male,6960683396,Germany,1993-02-08
2341,Riya,Kashyap,riya.kashyap2341@mail.com,Male,8907546266,United Kingdom,1993-04-25
2342,Kavya,Patel,kavya.patel2342@mail.com,Female,9700771678,UAE,1981-08-13
2343,Aarav,Kapoor,aarav.kapoor2343@outlook.com,Female,6800181632,Australia,2004-11-16
2344,Aditya,Bose,aditya.bose2344@gmail.com,Female,8652296267,United Kingdom,2000-12-21
2345,Rohan,Mehta,rohan.mehta2345@outlook.com,Male,6700145885,Australia,1995-07-08
2346,Sneha,Naidu,sneha.naidu2346@outlook.com,Female,7118347614,United Kingdom,2005-11-08
2347,Ritu,Singh,ritu.singh2347@mail.com,Male,7881764832,India,1984-12-22
2348,Karthik,Bhatia,karthik.bhatia2348@outlook.com,Male,9453990890,South Africa,1985-02-10
2349,Maya,Iyer,maya.iyer2349@mail.com,Male,9152548987,UAE,1972-12-06
2350,Rohan,Menon,rohan.menon2350@yahoo.com,Male,9639631284,United States,1996-05-12
2351,Mohit,Singh,mohit.singh2351@gmail.com,Male,6326732285,India,2006-11-25
2352,Vihaan,Bhatt,vihaan.bhatt2352@yahoo.com,Male,8900076668,Germany,1982-07-17
2353,Reyansh,Patel,reyansh.patel2353@yahoo.com,Male,8885101380,South Africa,2000-11-20
2354,Priya,Malhotra,priya.malhotra2354@mail.com,Male,6531019815,Germany,1984-12-29
2355,Priya,Singh,priya.singh2355@mail.com,Male,8979639769,India,1980-06-05
2356,Tarun,Patel,tarun.patel2356@outlook.com,Female,6903533409,Germany,2006-07-26
2357,Sahil,Naidu,sahil.naidu2357@gmail.com,Male,9123602509,United Kingdom,2001-07-04
2358,Priya,Kashyap,priya.kashyap2358@yahoo.com,Male,6355749157,India,1969-07-26
2359,Nisha,Nair,nisha.nair2359@outlook.com,Male,6950313798,Brazil,2003-09-04
2360,Anil,Patel,anil.patel2360@yahoo.com,Female,7483610907,Brazil,1998-04-06
2361,Aditya,Kapoor,aditya.kapoor2361@yahoo.com,Male,6986938304,UAE,2002-05-05
2362,Vihaan,Gupta,vihaan.gupta2362@example.com,Female,8294004445,Canada,1979-03-02
2363,Nisha,Iyer,nisha.iyer2363@yahoo.com,Male,9684301450,United States,2001-06-07
2364,Maya,Trivedi,maya.trivedi2364@example.com,Female,7505701298,France,1998-04-13
2365,Sunita,Kapoor,sunita.kapoor2365@gmail.com,Male,6361263859,Canada,1986-04-10
2366,Ananya,Kumar,ananya.kumar2366@yahoo.com,Female,9681479448,United Kingdom,1986-03-03
2367,Anil,Khan,anil.khan2367@example.com,Male,7681842623,United States,1967-01-25
2368,Vivaan,Yadav,vivaan.yadav2368@mail.com,Male,6345463421,Canada,1977-06-30
2369,Nisha,Joshi,nisha.joshi2369@outlook.com,Female,7494408165,Brazil,1975-08-31
2370,Myra,Trivedi,myra.trivedi2370@yahoo.com,Male,8987640692,Australia,1978-02-07
2371,Priya,Ghosh,priya.ghosh2371@yahoo.com,Female,6868737934,India,2005-01-21
2372,Aarav,Malhotra,aarav.malhotra2372@mail.com,Female,7473875539,India,1980-03-28
2373,Karthik,Singh,karthik.singh2373@example.com,Male,7820845809,South Africa,2003-02-21
2374,Diya,Joshi,diya.joshi2374@gmail.com,Female,9177113935,Australia,1966-08-13
2375,Isha,Menon,isha.menon2375@yahoo.com,Male,6476315093,UAE,1974-12-04
2376,Sunita,Joshi,sunita.joshi2376@example.com,Male,8121419233,Brazil,1974-08-10
2377,Diya,Sharma,diya.sharma2377@gmail.com,Female,6985365225,India,1989-07-07
2378,Priya,Bose,priya.bose2378@example.com,Male,7901416259,United States,1998-05-15
2379,Anil,Iyer,anil.iyer2379@mail.com,Female,7276637792,France,1967-11-10
2380,Diya,Nair,diya.nair2380@outlook.com,Male,6457283657,Canada,1998-05-01
2381,Sneha,Agarwal,sneha.agarwal2381@mail.com,Female,6337664612,United States,1981-02-14
2382,Nisha,Kashyap,nisha.kashyap2382@mail.com,Male,9329154104,Canada,2005-10-03
2383,Sai,Das,sai.das2383@example.com,Female,7959153480,India,2000-06-30
2384,Anil,Sharma,anil.sharma2384@yahoo.com,Female,8389847377,Germany,1980-02-25
2385,Kavya,Pillai,kavya.pillai2385@gmail.com,Male,9835878958,Canada,2001-09-22
2386,Nisha,Sharma,nisha.sharma2386@example.com,Female,7112635685,United States,1991-06-12
2387,Nisha,Pillai,nisha.pillai2387@example.com,Male,9207135858,Australia,1991-02-17
2388,Myra,Ghosh,myra.ghosh2388@outlook.com,Male,6890742523,Germany,1988-02-13
2389,Reyansh,Singh,reyansh.singh2389@mail.com,Male,7104471445,France,1978-02-26
2390,Isha,Naidu,isha.naidu2390@outlook.com,Male,8484894843,UAE,1982-08-02
2391,Aarav,Sharma,aarav.sharma2391@yahoo.com,Female,9312267661,UAE,1966-11-09
2392,Riya,Kashyap,riya.kashyap2392@outlook.com,Male,6468081142,Brazil,1982-01-25
2393,Kavya,Kumar,kavya.kumar2393@example.com,Male,6402605648,Germany,1992-04-29
2394,Krishna,Bhatia,krishna.bhatia2394@yahoo.com,Female,6088295063,Canada,1986-08-01
2395,Sunita,Patel,sunita.patel2395@mail.com,Male,9407245870,United Kingdom,2000-11-11
2396,Reyansh,Trivedi,reyansh.trivedi2396@mail.com,Female,7345394422,India,1998-10-08
2397,Arjun,Malhotra,arjun.malhotra2397@outlook.com,Male,8973528773,France,1977-03-29
2398,Aarav,Mehta,aarav.mehta2398@example.com,Female,7538338399,United Kingdom,1972-07-24
2399,Maya,Das,maya.das2399@mail.com,Male,9057336821,South Africa,1989-09-04
2400,Myra,Kumar,myra.kumar2400@gmail.com,Male,7734930710,United States,1979-11-07
2401,Aarav,Prasad,aarav.prasad2401@gmail.com,Male,7899146065,UAE,1968-02-04
2402,Sahil,Bose,sahil.bose2402@example.com,Male,7689713595,UAE,2002-05-19
2403,Nisha,Iyer,nisha.iyer2403@yahoo.com,Female,7877038357,France,1993-12-30
2404,Arjun,Khan,arjun.khan2404@yahoo.com,Male,9810377394,Canada,1994-10-09
2405,Diya,Reddy,diya.reddy2405@yahoo.com,Female,6297853719,UAE,1982-11-01
2406,Myra,Reddy,myra.reddy2406@mail.com,Female,7044041812,Australia,2000-01-08
2407,Kavya,Naidu,kavya.naidu2407@yahoo.com,Female,6388155814,South Africa,1969-12-09
2408,Myra,Iyer,myra.iyer2408@yahoo.com,Male,9393272534,France,1967-08-24
2409,Aditya,Kumar,aditya.kumar2409@outlook.com,Male,6013474426,United Kingdom,1999-08-26
2410,Reyansh,Kapoor,reyansh.kapoor2410@example.com,Female,6282513862,Brazil,1980-01-09
2411,Myra,Iyer,myra.iyer2411@mail.com,Female,7544574166,France,2000-02-22
2412,Karthik,Kapoor,karthik.kapoor2412@outlook.com,Female,9883408339,UAE,2006-03-07
2413,Arjun,Bhatia,arjun.bhatia2413@example.com,Female,8640043164,United Kingdom,1994-08-07
2414,Aanya,Agarwal,aanya.agarwal2414@outlook.com,Male,6988900893,Brazil,1984-11-20
2415,Sahil,Trivedi,sahil.trivedi2415@example.com,Female,7502997868,South Africa,1973-01-15
2416,Sara,Agarwal,sara.agarwal2416@mail.com,Female,7193404087,France,1984-01-27
2417,Myra,Pillai,myra.pillai2417@example.com,Female,8100727781,Brazil,2000-04-08
2418,Arjun,Bose,arjun.bose2418@gmail.com,Female,6310176715,South Africa,2002-04-07
2419,Isha,Patel,isha.patel2419@gmail.com,Female,8960706112,Brazil,1966-10-10
2420,Nisha,Yadav,nisha.yadav2420@gmail.com,Male,9385568830,UAE,1993-04-18
2421,Vivaan,Ghosh,vivaan.ghosh2421@outlook.com,Male,7091629975,Canada,1976-01-24
2422,Rohan,Malhotra,rohan.malhotra2422@example.com,Female,7229850933,France,1975-06-03
2423,Ritu,Sharma,ritu.sharma2423@example.com,Male,9583495867,United Kingdom,1997-04-16
2424,Aanya,Iyer,aanya.iyer2424@yahoo.com,Female,6340898542,India,2002-04-17
2425,Nisha,Pillai,nisha.pillai2425@gmail.com,Female,6840437591,United States,2003-04-03
2426,Riya,Mehta,riya.mehta2426@outlook.com,Male,8910060581,South Africa,1967-06-13
2427,Sahil,Singh,sahil.singh2427@yahoo.com,Female,8152139624,India,1966-06-11
2428,Ananya,Reddy,ananya.reddy2428@outlook.com,Female,6343062021,India,1985-09-25
2429,Myra,Kashyap,myra.kashyap2429@yahoo.com,Female,8247091953,Australia,2006-03-05
2430,Karthik,Joshi,karthik.joshi2430@example.com,Male,9630509936,South Africa,1974-09-12
2431,Tarun,Patel,tarun.patel2431@yahoo.com,Female,6890614262,Canada,2006-10-02
2432,Kavya,Yadav,kavya.yadav2432@outlook.com,Male,7741605047,Australia,1984-01-05
2433,Nisha,Bhatia,nisha.bhatia2433@outlook.com,Male,8981928454,Germany,1987-02-15
2434,Priya,Prasad,priya.prasad2434@example.com,Male,6023141666,India,1992-07-08
2435,Ritu,Nair,ritu.nair2435@outlook.com,Male,9446450245,Canada,1967-12-22
2436,Sara,Trivedi,sara.trivedi2436@example.com,Female,9145860345,Germany,1978-05-27
2437,Reyansh,Verma,reyansh.verma2437@example.com,Female,6857636819,Australia,1997-03-07
2438,Maya,Shah,maya.shah2438@gmail.com,Female,8000611175,Germany,2005-11-11
2439,Karthik,Bhatia,karthik.bhatia2439@outlook.com,Female,8261851036,Canada,1974-06-20
2440,Nisha,Sharma,nisha.sharma2440@yahoo.com,Female,6436685612,United States,2003-10-27
2441,Kavya,Patel,kavya.patel2441@example.com,Female,6262023499,India,1996-03-23
2442,Kavya,Verma,kavya.verma2442@yahoo.com,Male,9819273683,United Kingdom,1994-05-26
2443,Krishna,Joshi,krishna.joshi2443@outlook.com,Male,9230816101,Canada,2004-08-02
2444,Vihaan,Kapoor,vihaan.kapoor2444@yahoo.com,Female,8696925855,India,1991-12-16
2445,Ritu,Prasad,ritu.prasad2445@example.com,Male,9824121548,Brazil,1967-09-10
2446,Rohan,Menon,rohan.menon2446@mail.com,Male,6910102310,South Africa,1985-06-24
2447,Tarun,Kashyap,tarun.kashyap2447@mail.com,Male,6985622985,United States,1987-04-21
2448,Ananya,Kapoor,ananya.kapoor2448@yahoo.com,Female,6703641569,Brazil,1993-08-03
2449,Sai,Naidu,sai.naidu2449@outlook.com,Male,9629157063,Canada,1982-08-15
2450,Sai,Yadav,sai.yadav2450@yahoo.com,Male,7386742298,France,2004-12-27
2451,Aanya,Verma,aanya.verma2451@gmail.com,Male,8136578033,Germany,1992-12-13
2452,Diya,Singh,diya.singh2452@yahoo.com,Male,9973701093,India,1979-12-19
2453,Krishna,Roy,krishna.roy2453@outlook.com,Male,8377014419,Germany,1984-09-24
2454,Karthik,Singh,karthik.singh2454@outlook.com,Female,7135590589,Germany,1995-12-11
2455,Vihaan,Naidu,vihaan.naidu2455@example.com,Male,7032860674,Canada,1983-12-04
2456,Vihaan,Kapoor,vihaan.kapoor2456@mail.com,Male,6986001383,India,1977-03-04
2457,Kiran,Nair,kiran.nair2457@mail.com,Male,9651829370,France,2002-07-11
2458,Ananya,Nair,ananya.nair2458@gmail.com,Female,8019001605,India,1996-02-09
2459,Arjun,Malhotra,arjun.malhotra2459@mail.com,Female,8183157151,India,1987-10-31
2460,Aarav,Mehta,aarav.mehta2460@gmail.com,Male,9710243140,United Kingdom,2005-09-04
2461,Kiran,Bhatia,kiran.bhatia2461@yahoo.com,Male,7332654435,India,2003-08-31
2462,Arjun,Patel,arjun.patel2462@outlook.com,Male,6756774397,UAE,2004-01-09
2463,Sara,Menon,sara.menon2463@mail.com,Female,7492856554,India,1983-12-18
2464,Anil,Malhotra,anil.malhotra2464@mail.com,Female,7644502662,India,1982-08-26
2465,Isha,Das,isha.das2465@gmail.com,Male,7306607438,France,2006-04-05
2466,Sahil,Pillai,sahil.pillai2466@mail.com,Male,7893341249,Canada,1990-02-12
2467,Karthik,Mehta,karthik.mehta2467@example.com,Male,7426395671,Brazil,1996-04-20
2468,Diya,Patel,diya.patel2468@outlook.com,Female,6657107994,Germany,1974-10-24
2469,Kiran,Mehta,kiran.mehta2469@outlook.com,Female,7287177141,Australia,1987-09-05
2470,Pooja,Kapoor,pooja.kapoor2470@mail.com,Female,9635590581,Australia,1991-07-23
2471,Reyansh,Gupta,reyansh.gupta2471@gmail.com,Male,7393766026,United States,1973-08-20
2472,Tarun,Bose,tarun.bose2472@yahoo.com,Male,7735291915,India,1975-10-27
2473,Vihaan,Bose,vihaan.bose2473@outlook.com,Female,8047923255,Canada,1984-05-05
2474,Sunita,Yadav,sunita.yadav2474@gmail.com,Male,6639326788,Germany,1994-01-04
2475,Riya,Kashyap,riya.kashyap2475@mail.com,Male,6951331192,Germany,1967-04-27
2476,Myra,Menon,myra.menon2476@mail.com,Male,9289758930,Germany,1998-09-22
2477,Aditya,Bose,aditya.bose2477@yahoo.com,Male,6249290210,Australia,1999-08-27
2478,Tarun,Das,tarun.das2478@mail.com,Female,8565868991,India,1996-09-22
2479,Aanya,Gupta,aanya.gupta2479@gmail.com,Male,8622201978,United Kingdom,2005-10-16
2480,Vihaan,Reddy,vihaan.reddy2480@mail.com,Male,9820359723,Germany,1982-06-05
2481,Arjun,Bhatt,arjun.bhatt2481@yahoo.com,Female,8371553861,Brazil,1993-11-09
2482,Pooja,Naidu,pooja.naidu2482@mail.com,Female,7895311420,United States,1979-06-27
2483,Tarun,Kashyap,tarun.kashyap2483@outlook.com,Female,6326644957,United States,1973-11-13
2484,Nisha,Pillai,nisha.pillai2484@example.com,Male,6369822025,Germany,1991-04-21
2485,Priya,Bose,priya.bose2485@yahoo.com,Male,9311462148,India,1998-05-21
2486,Arjun,Nair,arjun.nair2486@mail.com,Female,6898452455,United Kingdom,1967-07-29
2487,Maya,Yadav,maya.yadav2487@gmail.com,Female,6056394274,UAE,1967-09-12
2488,Sneha,Yadav,sneha.yadav2488@example.com,Female,8772807839,United States,2006-11-03
2489,Isha,Menon,isha.menon2489@mail.com,Female,8734788661,Australia,1966-01-06
2490,Karthik,Iyer,karthik.iyer2490@mail.com,Male,7876936457,Germany,2005-05-06
2491,Sneha,Kashyap,sneha.kashyap2491@yahoo.com,Female,9098029759,United States,1969-03-08
2492,Aditya,Gupta,aditya.gupta2492@gmail.com,Male,9451166105,France,1978-06-21
2493,Sunita,Sharma,sunita.sharma2493@example.com,Male,9715658785,Germany,1969-04-02
2494,Myra,Malhotra,myra.malhotra2494@example.com,Female,8227518907,Canada,1980-02-02
2495,Sahil,Nair,sahil.nair2495@outlook.com,Female,8257812230,Germany,1972-09-06
2496,Sai,Bose,sai.bose2496@example.com,Male,6732733414,United States,2003-08-31
2497,Sara,Singh,sara.singh2497@mail.com,Male,6451413542,Brazil,2002-09-29
2498,Vivaan,Chauhan,vivaan.chauhan2498@gmail.com,Female,9080804207,UAE,1970-05-05
2499,Vivaan,Shah,vivaan.shah2499@mail.com,Female,6443903730,United Kingdom,1990-10-05
2500,Tarun,Pillai,tarun.pillai2500@outlook.com,Female,7656718772,South Africa,1971-03-23
2501,Ananya,Khan,ananya.khan2501@example.com,Female,8599112608,United States,1971-08-26
2502,Krishna,Bhatt,krishna.bhatt2502@yahoo.com,Male,6340955127,Canada,1982-03-27
2503,Riya,Das,riya.das2503@mail.com,Female,6444223508,France,1968-10-20
2504,Kiran,Bhatia,kiran.bhatia2504@mail.com,Female,6906975901,South Africa,1989-04-22
2505,Vivaan,Reddy,vivaan.reddy2505@yahoo.com,Female,8410200518,United Kingdom,1986-02-02
2506,Sara,Prasad,sara.prasad2506@example.com,Male,6175289212,France,1980-01-23
2507,Pooja,Singh,pooja.singh2507@outlook.com,Male,9502550963,Australia,2000-02-16
2508,Rohan,Sharma,rohan.sharma2508@example.com,Male,7322213943,United Kingdom,2006-01-09
2509,Sunita,Bhatia,sunita.bhatia2509@outlook.com,Male,6221511421,United States,1966-01-05
2510,Vivaan,Kashyap,vivaan.kashyap2510@outlook.com,Male,8727004736,Australia,1968-09-16
2511,Isha,Reddy,isha.reddy2511@mail.com,Male,9382014435,United Kingdom,1979-07-16
2512,Krishna,Verma,krishna.verma2512@mail.com,Male,9496682540,Australia,1985-02-15
2513,Reyansh,Patel,reyansh.patel2513@mail.com,Male,9393744926,France,1967-11-25
2514,Ananya,Gupta,ananya.gupta2514@gmail.com,Male,7789118079,Germany,1996-10-03
2515,Krishna,Khan,krishna.khan2515@outlook.com,Female,7520106866,South Africa,2007-09-27
2516,Sneha,Bhatia,sneha.bhatia2516@outlook.com,Male,6412266475,United Kingdom,2007-09-18
2517,Diya,Kapoor,diya.kapoor2517@outlook.com,Male,9203065245,UAE,1975-07-09
2518,Priya,Patel,priya.patel2518@mail.com,Male,8557085808,South Africa,2007-04-01
2519,Riya,Khan,riya.khan2519@example.com,Female,8967770862,Canada,1991-12-14
2520,Arjun,Kashyap,arjun.kashyap2520@yahoo.com,Male,6693647864,United States,1996-08-19
2521,Aditya,Naidu,aditya.naidu2521@outlook.com,Female,9888942187,United States,1990-01-20
2522,Riya,Agarwal,riya.agarwal2522@mail.com,Female,8473158428,South Africa,1988-04-21
2523,Kavya,Naidu,kavya.naidu2523@gmail.com,Female,6528743899,South Africa,1988-04-24
2524,Priya,Agarwal,priya.agarwal2524@mail.com,Female,7055066014,Australia,2007-04-22
2525,Maya,Kumar,maya.kumar2525@example.com,Female,9169700055,France,1997-08-11
2526,Sara,Pillai,sara.pillai2526@example.com,Female,9649139349,United States,1980-12-06
2527,Ananya,Kumar,ananya.kumar2527@outlook.com,Male,9499631943,Australia,1975-01-24
2528,Sunita,Pillai,sunita.pillai2528@yahoo.com,Female,7702719557,Australia,1974-04-10
2529,Vivaan,Reddy,vivaan.reddy2529@example.com,Female,7152888370,France,1995-01-20
2530,Isha,Pillai,isha.pillai2530@yahoo.com,Female,6428616761,South Africa,1980-04-20
2531,Nisha,Kumar,nisha.kumar2531@yahoo.com,Female,9056962024,United Kingdom,1992-05-16
2532,Priya,Agarwal,priya.agarwal2532@gmail.com,Female,6995754479,Germany,1986-06-27
2533,Isha,Singh,isha.singh2533@yahoo.com,Female,7370479319,France,2002-10-26
2534,Isha,Singh,isha.singh2534@gmail.com,Male,9045505991,Australia,1966-06-13
2535,Sneha,Menon,sneha.menon2535@gmail.com,Male,9177499794,United States,1970-03-01
2536,Kiran,Kapoor,kiran.kapoor2536@gmail.com,Male,9803796840,Germany,1981-12-09
2537,Priya,Bose,priya.bose2537@outlook.com,Male,7542558155,France,2002-05-17
2538,Priya,Singh,priya.singh2538@gmail.com,Female,6900805068,South Africa,1977-04-28
2539,Ritu,Ghosh,ritu.ghosh2539@example.com,Male,9920977059,France,1997-02-09
2540,Maya,Yadav,maya.yadav2540@outlook.com,Male,6684128304,Australia,1984-07-18
2541,Karthik,Yadav,karthik.yadav2541@example.com,Female,9505620197,India,1971-03-24
2542,Sneha,Khan,sneha.khan2542@gmail.com,Female,7758520447,United States,2002-05-02
2543,Arjun,Kapoor,arjun.kapoor2543@gmail.com,Male,6041768132,UAE,2006-01-20
2544,Pooja,Yadav,pooja.yadav2544@outlook.com,Female,7111563561,South Africa,1987-10-11
2545,Aditya,Nair,aditya.nair2545@outlook.com,Female,9893488368,France,1970-02-25
2546,Aarav,Yadav,aarav.yadav2546@example.com,Female,7642445542,United Kingdom,1991-03-03
2547,Sneha,Kumar,sneha.kumar2547@mail.com,Female,7282684695,United Kingdom,1992-08-28
2548,Sunita,Malhotra,sunita.malhotra2548@example.com,Female,8132731474,South Africa,2006-03-31
2549,Myra,Malhotra,myra.malhotra2549@outlook.com,Female,7918818695,Brazil,1999-08-05
2550,Ritu,Iyer,ritu.iyer2550@yahoo.com,Female,8065000973,South Africa,1975-06-08
2551,Aarav,Malhotra,aarav.malhotra2551@mail.com,Male,8865058130,United Kingdom,2005-06-01
2552,Aarav,Mehta,aarav.mehta2552@yahoo.com,Male,6914877288,South Africa,1988-10-28
2553,Kiran,Iyer,kiran.iyer2553@outlook.com,Female,6844201073,Australia,1965-11-07
2554,Sai,Roy,sai.roy2554@yahoo.com,Male,7511179279,United Kingdom,2002-09-24
2555,Riya,Trivedi,riya.trivedi2555@mail.com,Female,7173618907,Canada,1968-02-08
2556,Mohit,Bhatia,mohit.bhatia2556@yahoo.com,Female,6772632800,Germany,1979-03-31
2557,Kiran,Joshi,kiran.joshi2557@gmail.com,Female,8454746915,United Kingdom,1979-05-21
2558,Diya,Shah,diya.shah2558@gmail.com,Female,6645549056,Canada,1989-06-04
2559,Sahil,Pillai,sahil.pillai2559@example.com,Male,8734446695,Canada,1971-08-12
2560,Aditya,Agarwal,aditya.agarwal2560@yahoo.com,Female,8540687618,South Africa,1983-03-15
2561,Aanya,Roy,aanya.roy2561@mail.com,Male,7435753863,Australia,1977-02-05
2562,Aanya,Khan,aanya.khan2562@example.com,Female,7902098156,United States,1993-03-04
2563,Kiran,Mehta,kiran.mehta2563@outlook.com,Male,7512465483,Germany,1982-05-24
2564,Anil,Das,anil.das2564@outlook.com,Female,6575869470,United States,2003-03-08
2565,Sara,Chauhan,sara.chauhan2565@yahoo.com,Female,8354569101,United Kingdom,1971-02-14
2566,Myra,Kashyap,myra.kashyap2566@mail.com,Male,9309703946,United Kingdom,1988-12-10
2567,Reyansh,Bhatia,reyansh.bhatia2567@mail.com,Female,7304409330,Canada,2006-12-11
2568,Arjun,Kapoor,arjun.kapoor2568@example.com,Female,9492076761,Canada,1974-03-20
2569,Vivaan,Bhatt,vivaan.bhatt2569@example.com,Male,8203516483,United Kingdom,1994-07-25
2570,Reyansh,Menon,reyansh.menon2570@gmail.com,Female,9400899744,France,1974-06-10
2571,Priya,Mehta,priya.mehta2571@gmail.com,Male,7247028613,United States,1973-12-01
2572,Vivaan,Bose,vivaan.bose2572@example.com,Male,7827979588,United Kingdom,2002-02-11
2573,Aanya,Iyer,aanya.iyer2573@example.com,Female,6492262265,India,1992-09-04
2574,Sara,Menon,sara.menon2574@outlook.com,Male,9084061270,Germany,1995-11-12
2575,Sahil,Joshi,sahil.joshi2575@gmail.com,Female,7869823083,Canada,1993-11-17
2576,Vivaan,Ghosh,vivaan.ghosh2576@mail.com,Female,6985350551,Australia,1989-08-03
2577,Rohan,Mehta,rohan.mehta2577@mail.com,Female,9328110639,Germany,1985-08-11
2578,Kavya,Kashyap,kavya.kashyap2578@mail.com,Female,9558001560,United Kingdom,1971-09-11
2579,Priya,Bose,priya.bose2579@yahoo.com,Female,9682655878,Brazil,2002-02-09
2580,Arjun,Kapoor,arjun.kapoor2580@gmail.com,Male,6854834153,India,1993-02-01
2581,Isha,Agarwal,isha.agarwal2581@example.com,Female,7256732128,India,1970-05-27
2582,Pooja,Naidu,pooja.naidu2582@yahoo.com,Male,6664240435,South Africa,1983-05-15
2583,Ananya,Prasad,ananya.prasad2583@example.com,Female,7548503021,Brazil,1982-02-11
2584,Priya,Ghosh,priya.ghosh2584@outlook.com,Male,7165471813,Germany,1967-03-08
2585,Priya,Kashyap,priya.kashyap2585@example.com,Female,6561412418,India,1978-12-22
2586,Aanya,Sharma,aanya.sharma2586@yahoo.com,Male,7001219655,Australia,1995-05-10
2587,Krishna,Joshi,krishna.joshi2587@example.com,Female,9703189341,United Kingdom,1981-10-14
2588,Sneha,Verma,sneha.verma2588@gmail.com,Male,6577113300,United Kingdom,2003-01-03
2589,Nisha,Reddy,nisha.reddy2589@outlook.com,Female,6927353652,United Kingdom,2004-11-03
2590,Isha,Kashyap,isha.kashyap2590@outlook.com,Female,9195098528,UAE,1967-03-28
2591,Aanya,Menon,aanya.menon2591@gmail.com,Male,7798153778,United States,1970-02-18
2592,Vihaan,Roy,vihaan.roy2592@yahoo.com,Female,6217737191,UAE,1994-08-20
2593,Karthik,Roy,karthik.roy2593@example.com,Female,9715773810,United States,1985-01-24
2594,Nisha,Pillai,nisha.pillai2594@outlook.com,Male,8051232443,UAE,1966-07-25
2595,Sunita,Mehta,sunita.mehta2595@outlook.com,Female,7872161281,United Kingdom,1998-03-04
2596,Reyansh,Ghosh,reyansh.ghosh2596@example.com,Female,9573382164,France,1979-09-14
2597,Aarav,Naidu,aarav.naidu2597@example.com,Male,6302868589,United States,1995-11-17
2598,Sai,Sharma,sai.sharma2598@yahoo.com,Female,8027354687,Australia,1976-09-03
2599,Mohit,Trivedi,mohit.trivedi2599@example.com,Female,6062135092,Brazil,1999-04-02
2600,Krishna,Bhatt,krishna.bhatt2600@example.com,Female,7736315683,Australia,1981-01-19
2601,Vivaan,Ghosh,vivaan.ghosh2601@example.com,Female,6976261855,Germany,2007-01-17
2602,Sai,Chauhan,sai.chauhan2602@example.com,Male,8353283962,Germany,1990-03-20
2603,Tarun,Kapoor,tarun.kapoor2603@example.com,Female,9678854325,United Kingdom,1975-03-20
2604,Tarun,Kashyap,tarun.kashyap2604@outlook.com,Female,9402306834,United States,1972-12-17
2605,Mohit,Gupta,mohit.gupta2605@yahoo.com,Female,9538077455,Brazil,1987-09-02
2606,Aditya,Bhatt,aditya.bhatt2606@yahoo.com,Female,8947847311,Germany,1997-12-04
2607,Mohit,Kashyap,mohit.kashyap2607@yahoo.com,Female,7295436248,United States,1979-07-01
2608,Reyansh,Agarwal,reyansh.agarwal2608@mail.com,Female,8072615044,India,1976-07-29
2609,Sneha,Khan,sneha.khan2609@outlook.com,Female,6065184756,France,1990-11-04
2610,Krishna,Bose,krishna.bose2610@example.com,Male,9112730960,Germany,1992-07-20
2611,Myra,Sharma,myra.sharma2611@yahoo.com,Male,9623473678,Canada,1983-09-25
2612,Nisha,Chauhan,nisha.chauhan2612@example.com,Male,6729833884,UAE,1986-04-10
2613,Diya,Patel,diya.patel2613@example.com,Female,9729943246,United Kingdom,2007-10-21
2614,Ananya,Kashyap,ananya.kashyap2614@yahoo.com,Female,9846949232,UAE,1979-01-03
2615,Sunita,Gupta,sunita.gupta2615@mail.com,Female,8449037181,United States,1976-10-01
2616,Aditya,Singh,aditya.singh2616@gmail.com,Male,8975643398,South Africa,1966-04-08
2617,Kiran,Prasad,kiran.prasad2617@gmail.com,Female,6861913731,Canada,1977-02-21
2618,Sara,Nair,sara.nair2618@gmail.com,Female,6565855901,United Kingdom,1969-12-18
2619,Kiran,Khan,kiran.khan2619@mail.com,Female,6719243881,France,1972-09-27
2620,Karthik,Joshi,karthik.joshi2620@example.com,Male,7211457864,United States,1981-07-22
2621,Riya,Malhotra,riya.malhotra2621@example.com,Male,6945180894,South Africa,1978-07-30
2622,Diya,Iyer,diya.iyer2622@yahoo.com,Male,9788710115,Australia,1998-06-24
2623,Rohan,Nair,rohan.nair2623@example.com,Male,6617854318,Germany,1972-02-03
2624,Sneha,Kashyap,sneha.kashyap2624@gmail.com,Male,6317615663,South Africa,1968-10-02
2625,Sahil,Nair,sahil.nair2625@yahoo.com,Female,7105839510,Canada,1969-12-09
2626,Sneha,Ghosh,sneha.ghosh2626@outlook.com,Female,6740513005,Brazil,1980-03-03
2627,Vihaan,Roy,vihaan.roy2627@yahoo.com,Male,9274957476,UAE,1980-08-03
2628,Vihaan,Singh,vihaan.singh2628@example.com,Female,8002681607,United States,1977-04-05
2629,Priya,Chauhan,priya.chauhan2629@mail.com,Male,7762112329,UAE,1987-06-17
2630,Maya,Singh,maya.singh2630@example.com,Female,9918875656,India,1975-05-20
2631,Aanya,Singh,aanya.singh2631@yahoo.com,Female,9846138307,Canada,1990-02-28
2632,Rohan,Bhatt,rohan.bhatt2632@mail.com,Female,7827311886,UAE,2007-08-13
2633,Aditya,Gupta,aditya.gupta2633@example.com,Male,9272829652,Brazil,1990-09-27
2634,Karthik,Verma,karthik.verma2634@outlook.com,Female,6653272507,United Kingdom,1991-01-04
2635,Aarav,Kapoor,aarav.kapoor2635@yahoo.com,Female,9508768332,France,2002-12-19
2636,Vivaan,Kapoor,vivaan.kapoor2636@mail.com,Male,9993939002,UAE,2003-06-02
2637,Sneha,Bose,sneha.bose2637@gmail.com,Female,8763180472,UAE,1977-12-15
2638,Aanya,Menon,aanya.menon2638@yahoo.com,Female,8770333559,United Kingdom,1983-03-16
2639,Pooja,Kumar,pooja.kumar2639@example.com,Female,8090223663,France,2004-04-13
2640,Aarav,Das,aarav.das2640@mail.com,Male,7925403258,United States,1979-10-10
2641,Tarun,Kumar,tarun.kumar2641@gmail.com,Male,8351677964,United Kingdom,1981-03-16
2642,Reyansh,Yadav,reyansh.yadav2642@outlook.com,Female,7933635868,United States,2006-10-14
2643,Maya,Patel,maya.patel2643@outlook.com,Male,7637270083,South Africa,1996-09-14
2644,Maya,Menon,maya.menon2644@mail.com,Male,6016753513,France,1973-06-08
2645,Pooja,Joshi,pooja.joshi2645@mail.com,Male,8443887593,France,1989-01-15
2646,Sahil,Trivedi,sahil.trivedi2646@mail.com,Female,9829961260,United Kingdom,1986-12-04
2647,Maya,Gupta,maya.gupta2647@example.com,Male,8984295009,France,1968-08-27
2648,Riya,Kashyap,riya.kashyap2648@example.com,Male,8215361191,UAE,2006-10-09
2649,Vihaan,Iyer,vihaan.iyer2649@mail.com,Male,7451443927,South Africa,2005-09-10
2650,Priya,Agarwal,priya.agarwal2650@mail.com,Male,7835670347,India,1990-01-14
2651,Myra,Naidu,myra.naidu2651@mail.com,Male,9016736324,Germany,1986-12-22
2652,Sneha,Malhotra,sneha.malhotra2652@yahoo.com,Male,7742826586,France,1988-02-17
2653,Sara,Bose,sara.bose2653@gmail.com,Male,8635047760,France,1978-11-20
2654,Vivaan,Agarwal,vivaan.agarwal2654@mail.com,Male,8190599876,India,1976-09-14
2655,Kiran,Patel,kiran.patel2655@mail.com,Female,8141087709,Germany,1991-11-01
2656,Karthik,Pillai,karthik.pillai2656@mail.com,Male,6779911208,UAE,1977-06-20
2657,Mohit,Mehta,mohit.mehta2657@outlook.com,Female,7887994458,South Africa,1996-05-25
2658,Nisha,Chauhan,nisha.chauhan2658@example.com,Male,8562055066,Germany,1972-11-12
2659,Maya,Chauhan,maya.chauhan2659@example.com,Female,8353015098,Canada,2005-12-06
2660,Sai,Menon,sai.menon2660@outlook.com,Female,6433777838,France,1967-04-06
2661,Rohan,Joshi,rohan.joshi2661@example.com,Male,6691134029,UAE,1974-01-15
2662,Riya,Bose,riya.bose2662@mail.com,Female,6070140359,Australia,2005-05-23
2663,Sara,Yadav,sara.yadav2663@yahoo.com,Female,8564847947,Canada,1980-03-10
2664,Tarun,Verma,tarun.verma2664@mail.com,Female,9574803087,United Kingdom,2003-07-10
2665,Anil,Mehta,anil.mehta2665@outlook.com,Female,7985890778,United States,1992-06-26
2666,Isha,Gupta,isha.gupta2666@gmail.com,Female,8059674825,Australia,1984-07-25
2667,Kavya,Ghosh,kavya.ghosh2667@gmail.com,Male,8770170935,South Africa,1982-02-07
2668,Kiran,Shah,kiran.shah2668@gmail.com,Female,9805181993,Australia,1988-08-16
2669,Sunita,Verma,sunita.verma2669@mail.com,Female,7069422634,South Africa,1981-05-14
2670,Reyansh,Joshi,reyansh.joshi2670@outlook.com,Female,9384040205,United Kingdom,1998-04-28
2671,Ananya,Bose,ananya.bose2671@example.com,Female,9587861486,Canada,1986-08-29
2672,Priya,Bhatt,priya.bhatt2672@yahoo.com,Female,6833779775,UAE,1970-02-16
2673,Aarav,Singh,aarav.singh2673@example.com,Female,6041867272,Germany,1977-11-27
2674,Sunita,Menon,sunita.menon2674@gmail.com,Male,8303116148,United Kingdom,1979-04-12
2675,Mohit,Malhotra,mohit.malhotra2675@mail.com,Female,9549392423,India,1993-09-03
2676,Karthik,Menon,karthik.menon2676@outlook.com,Female,9975881854,Brazil,1995-02-18
2677,Ananya,Nair,ananya.nair2677@example.com,Male,8067533821,South Africa,1968-07-15
2678,Vihaan,Prasad,vihaan.prasad2678@yahoo.com,Male,8100747803,South Africa,1969-09-01
2679,Kiran,Gupta,kiran.gupta2679@mail.com,Male,9017040146,Brazil,1995-01-31
2680,Aanya,Shah,aanya.shah2680@outlook.com,Female,7107934605,Germany,2006-05-19
2681,Vivaan,Nair,vivaan.nair2681@outlook.com,Female,7527455793,Germany,1992-07-24
2682,Anil,Singh,anil.singh2682@outlook.com,Female,9859617345,UAE,1998-08-24
2683,Sara,Pillai,sara.pillai2683@mail.com,Female,8111978484,UAE,1992-07-25
2684,Krishna,Gupta,krishna.gupta2684@yahoo.com,Male,7854122283,India,2006-04-06
2685,Mohit,Mehta,mohit.mehta2685@gmail.com,Female,8561603519,Brazil,1985-01-04
2686,Riya,Ghosh,riya.ghosh2686@example.com,Male,8214923544,United Kingdom,2001-06-29
2687,Vihaan,Menon,vihaan.menon2687@mail.com,Female,9349607985,United Kingdom,1972-08-13
2688,Tarun,Patel,tarun.patel2688@mail.com,Female,6817116846,United Kingdom,1965-10-26
2689,Sneha,Joshi,sneha.joshi2689@yahoo.com,Female,6812527268,India,1968-05-23
2690,Diya,Prasad,diya.prasad2690@example.com,Male,6044636087,United Kingdom,2007-05-04
2691,Riya,Shah,riya.shah2691@mail.com,Female,7402639250,United States,1997-01-17
2692,Kiran,Roy,kiran.roy2692@mail.com,Female,9072951189,United Kingdom,2007-04-30
2693,Anil,Prasad,anil.prasad2693@gmail.com,Male,8203781049,United Kingdom,1981-04-16
2694,Rohan,Trivedi,rohan.trivedi2694@outlook.com,Male,8239982629,United Kingdom,2007-04-16
2695,Karthik,Yadav,karthik.yadav2695@example.com,Male,8815619201,Brazil,2001-02-24
2696,Pooja,Nair,pooja.nair2696@outlook.com,Female,8386329873,Brazil,1970-06-17
2697,Ritu,Bose,ritu.bose2697@example.com,Female,6994764870,UAE,1999-03-05
2698,Riya,Mehta,riya.mehta2698@outlook.com,Female,7052593212,Brazil,1979-02-19
2699,Pooja,Chauhan,pooja.chauhan2699@yahoo.com,Female,6987168873,India,1970-08-16
2700,Sunita,Chauhan,sunita.chauhan2700@mail.com,Female,8972326536,Brazil,1996-08-14
2701,Mohit,Roy,mohit.roy2701@outlook.com,Female,8180120609,South Africa,1991-02-17
2702,Myra,Bhatt,myra.bhatt2702@outlook.com,Male,7853039087,Australia,1974-05-30
2703,Priya,Yadav,priya.yadav2703@mail.com,Male,8047389090,Australia,1991-01-02
2704,Arjun,Mehta,arjun.mehta2704@outlook.com,Male,8144216966,South Africa,1973-03-12
2705,Pooja,Gupta,pooja.gupta2705@yahoo.com,Female,8002135909,UAE,1969-02-08
2706,Ananya,Sharma,ananya.sharma2706@example.com,Male,9386414776,United Kingdom,1980-08-04
2707,Anil,Yadav,anil.yadav2707@example.com,Male,9481262930,United Kingdom,2006-08-23
2708,Ritu,Yadav,ritu.yadav2708@example.com,Female,7805536949,France,1968-01-03
2709,Kavya,Menon,kavya.menon2709@outlook.com,Female,8803564012,Brazil,1967-11-04
2710,Ananya,Das,ananya.das2710@example.com,Male,9466209638,France,1970-10-17
2711,Ananya,Roy,ananya.roy2711@yahoo.com,Male,9476107221,Canada,1979-12-28
2712,Rohan,Patel,rohan.patel2712@outlook.com,Male,9620935878,South Africa,1977-10-01
2713,Ritu,Malhotra,ritu.malhotra2713@yahoo.com,Male,9205097361,Australia,1987-01-13
2714,Arjun,Verma,arjun.verma2714@example.com,Male,6931634162,Germany,1992-04-27
2715,Nisha,Das,nisha.das2715@outlook.com,Male,7288737328,Germany,1979-12-26
2716,Tarun,Agarwal,tarun.agarwal2716@example.com,Male,8338671628,Brazil,1981-01-10
2717,Sahil,Roy,sahil.roy2717@gmail.com,Female,9198323695,UAE,1965-11-17
2718,Karthik,Khan,karthik.khan2718@gmail.com,Female,8418711093,Canada,1978-02-02
2719,Krishna,Reddy,krishna.reddy2719@gmail.com,Male,9494634120,Germany,1978-08-27
2720,Sneha,Trivedi,sneha.trivedi2720@mail.com,Female,8604801216,Australia,1981-06-11
2721,Aanya,Gupta,aanya.gupta2721@outlook.com,Female,7974959500,United States,1996-09-14
2722,Priya,Kashyap,priya.kashyap2722@example.com,Female,7678549540,France,1997-06-14
2723,Mohit,Prasad,mohit.prasad2723@example.com,Female,8229198283,India,1968-10-02
2724,Rohan,Reddy,rohan.reddy2724@mail.com,Female,9988107752,Canada,1990-08-26
2725,Riya,Agarwal,riya.agarwal2725@yahoo.com,Male,8069331081,France,2004-11-03
2726,Nisha,Verma,nisha.verma2726@gmail.com,Male,7212624654,Germany,2000-04-24
2727,Reyansh,Agarwal,reyansh.agarwal2727@gmail.com,Female,9298413401,Germany,1984-08-21
2728,Tarun,Chauhan,tarun.chauhan2728@mail.com,Female,9653295783,Canada,1994-08-05
2729,Karthik,Das,karthik.das2729@yahoo.com,Male,9169675955,India,1986-11-12
2730,Pooja,Gupta,pooja.gupta2730@mail.com,Male,7794354198,Canada,1980-05-22
2731,Vivaan,Kashyap,vivaan.kashyap2731@outlook.com,Female,6355917495,India,1981-05-25
2732,Myra,Malhotra,myra.malhotra2732@outlook.com,Female,9740331451,Australia,1970-09-23
2733,Nisha,Bose,nisha.bose2733@example.com,Male,9288215786,India,1972-08-03
2734,Sneha,Ghosh,sneha.ghosh2734@example.com,Female,7561730615,France,1981-11-23
2735,Riya,Naidu,riya.naidu2735@outlook.com,Male,7735310395,United States,2003-02-17
2736,Aanya,Prasad,aanya.prasad2736@example.com,Male,6706540378,India,1991-07-27
2737,Kavya,Kapoor,kavya.kapoor2737@yahoo.com,Female,6520602938,India,1976-03-07
2738,Isha,Nair,isha.nair2738@mail.com,Male,7236739241,Australia,1974-02-04
2739,Sneha,Shah,sneha.shah2739@outlook.com,Male,7125676064,France,2000-11-07
2740,Anil,Mehta,anil.mehta2740@yahoo.com,Female,8141185340,France,2000-11-13
2741,Sneha,Shah,sneha.shah2741@mail.com,Male,9017093738,Australia,1965-11-11
2742,Kiran,Khan,kiran.khan2742@gmail.com,Male,6424031105,Australia,2002-12-11
2743,Sunita,Yadav,sunita.yadav2743@gmail.com,Female,7126450876,Australia,2003-12-12
2744,Rohan,Roy,rohan.roy2744@mail.com,Male,8746497390,Brazil,1992-04-13
2745,Sai,Chauhan,sai.chauhan2745@example.com,Male,8792170540,India,1999-04-01
2746,Priya,Reddy,priya.reddy2746@example.com,Female,8723709556,India,1984-11-05
2747,Maya,Mehta,maya.mehta2747@mail.com,Female,7802699692,UAE,1992-04-17
2748,Karthik,Ghosh,karthik.ghosh2748@gmail.com,Female,9634387835,Australia,1990-06-28
2749,Nisha,Trivedi,nisha.trivedi2749@yahoo.com,Female,7140644515,France,1967-10-28
2750,Kavya,Pillai,kavya.pillai2750@yahoo.com,Male,9469840837,India,1968-07-04
2751,Sunita,Pillai,sunita.pillai2751@example.com,Male,8996261384,South Africa,1978-02-21
2752,Anil,Verma,anil.verma2752@example.com,Female,8725744588,United States,1990-01-06
2753,Aarav,Reddy,aarav.reddy2753@yahoo.com,Female,8594988134,India,1987-11-08
2754,Mohit,Reddy,mohit.reddy2754@example.com,Male,8398615626,Australia,2007-10-17
2755,Arjun,Kapoor,arjun.kapoor2755@example.com,Male,9972397467,UAE,1979-02-07
2756,Sara,Yadav,sara.yadav2756@mail.com,Male,9498062140,Brazil,1982-07-28
2757,Karthik,Malhotra,karthik.malhotra2757@mail.com,Female,6364140621,Australia,1988-07-11
2758,Vihaan,Ghosh,vihaan.ghosh2758@yahoo.com,Male,7769110835,United States,2004-03-28
2759,Krishna,Ghosh,krishna.ghosh2759@gmail.com,Male,7032819012,UAE,1981-02-27
2760,Diya,Agarwal,diya.agarwal2760@outlook.com,Female,8032379036,Australia,1980-05-06
2761,Sunita,Chauhan,sunita.chauhan2761@example.com,Male,6186734309,South Africa,1993-03-13
2762,Sneha,Pillai,sneha.pillai2762@gmail.com,Male,7158379118,Germany,1990-04-22
2763,Aditya,Pillai,aditya.pillai2763@example.com,Female,9651960288,South Africa,1967-09-14
2764,Sara,Pillai,sara.pillai2764@mail.com,Female,7603694173,South Africa,1966-04-18
2765,Vihaan,Iyer,vihaan.iyer2765@example.com,Female,6833327259,Australia,1975-03-21
2766,Arjun,Das,arjun.das2766@mail.com,Male,9791279966,United Kingdom,1985-06-10
2767,Anil,Joshi,anil.joshi2767@yahoo.com,Female,8110028354,South Africa,1995-01-02
2768,Pooja,Ghosh,pooja.ghosh2768@gmail.com,Female,7026126837,India,2000-09-01
2769,Aditya,Bhatt,aditya.bhatt2769@yahoo.com,Female,7888693148,Canada,1979-02-01
2770,Aarav,Khan,aarav.khan2770@yahoo.com,Male,6244334922,India,1979-10-19
2771,Sara,Sharma,sara.sharma2771@mail.com,Male,7483596534,United Kingdom,1976-06-06
2772,Arjun,Bhatia,arjun.bhatia2772@outlook.com,Male,8019482010,Australia,1990-03-15
2773,Riya,Nair,riya.nair2773@outlook.com,Male,9343845949,Germany,1974-01-24
2774,Myra,Joshi,myra.joshi2774@mail.com,Male,6158357272,France,1982-10-31
2775,Nisha,Bhatia,nisha.bhatia2775@mail.com,Female,9380810814,Brazil,1991-08-16
2776,Anil,Yadav,anil.yadav2776@outlook.com,Female,8317254186,Brazil,1985-01-16
2777,Isha,Bose,isha.bose2777@example.com,Female,7816359942,United States,1988-09-01
2778,Ritu,Joshi,ritu.joshi2778@outlook.com,Male,8771656968,Australia,1994-02-01
2779,Reyansh,Yadav,reyansh.yadav2779@example.com,Female,9884372849,Australia,1974-12-22
2780,Maya,Khan,maya.khan2780@gmail.com,Male,6079078357,UAE,1975-09-24
2781,Ananya,Gupta,ananya.gupta2781@outlook.com,Female,7176199915,South Africa,1990-04-19
2782,Maya,Trivedi,maya.trivedi2782@yahoo.com,Female,9043240154,India,1970-05-11
2783,Anil,Mehta,anil.mehta2783@outlook.com,Female,8797132061,Australia,2001-09-15
2784,Aarav,Verma,aarav.verma2784@mail.com,Female,7089603781,Australia,2006-12-27
2785,Rohan,Gupta,rohan.gupta2785@gmail.com,Male,8571210942,United States,1981-12-26
2786,Myra,Ghosh,myra.ghosh2786@yahoo.com,Female,6885326988,UAE,1988-06-07
2787,Myra,Agarwal,myra.agarwal2787@example.com,Male,8455830514,Germany,1993-08-01
2788,Reyansh,Kumar,reyansh.kumar2788@mail.com,Female,8868285495,United Kingdom,2003-11-03
2789,Mohit,Ghosh,mohit.ghosh2789@mail.com,Female,7494823896,Canada,1968-06-20
2790,Kiran,Malhotra,kiran.malhotra2790@yahoo.com,Female,8789109992,India,2007-01-03
2791,Mohit,Kumar,mohit.kumar2791@gmail.com,Male,9734025200,Australia,1977-12-01
2792,Krishna,Verma,krishna.verma2792@outlook.com,Male,9754046569,Canada,1974-11-06
2793,Tarun,Bhatt,tarun.bhatt2793@mail.com,Male,8828282017,UAE,1993-09-13
2794,Aditya,Kumar,aditya.kumar2794@outlook.com,Male,7985154165,Brazil,2006-05-25
2795,Karthik,Agarwal,karthik.agarwal2795@example.com,Male,9569065805,South Africa,2004-02-24
2796,Myra,Menon,myra.menon2796@yahoo.com,Female,6049059545,United States,1990-06-13
2797,Arjun,Agarwal,arjun.agarwal2797@example.com,Female,9859026470,Brazil,2006-02-01
2798,Ananya,Roy,ananya.roy2798@outlook.com,Male,7003658821,Canada,1988-09-13
2799,Vivaan,Singh,vivaan.singh2799@mail.com,Female,8835709965,Canada,1992-01-15
2800,Aditya,Sharma,aditya.sharma2800@gmail.com,Female,9426086654,Germany,1981-01-24
2801,Priya,Pillai,priya.pillai2801@yahoo.com,Male,6758442726,Germany,1983-09-14
2802,Anil,Prasad,anil.prasad2802@mail.com,Female,6993739753,South Africa,1988-10-26
2803,Sai,Patel,sai.patel2803@mail.com,Female,7772641069,South Africa,2001-02-27
2804,Aditya,Gupta,aditya.gupta2804@gmail.com,Female,8703269156,Australia,1984-10-23
2805,Arjun,Das,arjun.das2805@outlook.com,Male,8062134159,South Africa,1992-02-10
2806,Anil,Patel,anil.patel2806@example.com,Male,9745745806,France,1994-05-20
2807,Sunita,Singh,sunita.singh2807@yahoo.com,Female,6913656725,India,1975-12-27
2808,Rohan,Gupta,rohan.gupta2808@mail.com,Female,8646291276,UAE,1988-12-02
2809,Isha,Menon,isha.menon2809@example.com,Female,7834783910,United Kingdom,1967-07-30
2810,Vihaan,Kumar,vihaan.kumar2810@gmail.com,Male,7213017191,Brazil,1992-01-25
2811,Karthik,Mehta,karthik.mehta2811@outlook.com,Female,8479384390,Australia,1997-06-29
2812,Riya,Ghosh,riya.ghosh2812@example.com,Male,8515131724,Canada,1991-07-27
2813,Rohan,Singh,rohan.singh2813@example.com,Female,6337872399,United States,1996-06-14
2814,Aanya,Kapoor,aanya.kapoor2814@mail.com,Female,9404238751,India,1999-10-30
2815,Diya,Reddy,diya.reddy2815@example.com,Female,9772364386,India,1970-12-16
2816,Pooja,Patel,pooja.patel2816@gmail.com,Female,7571211428,United States,1976-11-20
2817,Arjun,Iyer,arjun.iyer2817@example.com,Male,9198715628,France,2004-11-07
2818,Reyansh,Joshi,reyansh.joshi2818@mail.com,Male,9040211909,Canada,1975-10-30
2819,Sunita,Ghosh,sunita.ghosh2819@outlook.com,Female,6029434279,United States,1981-11-04
2820,Sahil,Prasad,sahil.prasad2820@mail.com,Male,7341938964,South Africa,1992-04-10
2821,Sunita,Trivedi,sunita.trivedi2821@yahoo.com,Male,9088134451,South Africa,2001-06-02
2822,Sunita,Chauhan,sunita.chauhan2822@outlook.com,Male,9199231061,Germany,1989-10-13
2823,Priya,Ghosh,priya.ghosh2823@gmail.com,Female,6042290393,UAE,1988-05-18
2824,Vihaan,Mehta,vihaan.mehta2824@gmail.com,Male,8655775709,Canada,1986-09-12
2825,Aarav,Bhatt,aarav.bhatt2825@example.com,Male,6165581657,Canada,1970-07-23
2826,Aarav,Gupta,aarav.gupta2826@mail.com,Female,6008266291,Germany,1987-11-12
2827,Aanya,Naidu,aanya.naidu2827@mail.com,Male,9986294095,UAE,1967-01-18
2828,Tarun,Sharma,tarun.sharma2828@yahoo.com,Female,7857277832,United Kingdom,1991-12-23
2829,Aditya,Singh,aditya.singh2829@example.com,Male,9151160245,United Kingdom,1994-07-10
2830,Aanya,Mehta,aanya.mehta2830@gmail.com,Male,8672080798,United States,1996-06-21
2831,Myra,Shah,myra.shah2831@example.com,Female,8599931008,Australia,1984-03-06
2832,Aarav,Roy,aarav.roy2832@mail.com,Female,9394035409,Brazil,1972-06-12
2833,Mohit,Prasad,mohit.prasad2833@mail.com,Female,7210215511,France,1997-11-04
2834,Vihaan,Malhotra,vihaan.malhotra2834@yahoo.com,Female,7039048728,South Africa,2007-09-06
2835,Reyansh,Prasad,reyansh.prasad2835@gmail.com,Female,7566209492,South Africa,1965-11-16
2836,Krishna,Khan,krishna.khan2836@mail.com,Male,6399361111,UAE,1994-08-06
2837,Myra,Joshi,myra.joshi2837@example.com,Female,7679195344,France,1990-05-06
2838,Vihaan,Shah,vihaan.shah2838@mail.com,Female,9561611932,India,2003-01-22
2839,Pooja,Bhatt,pooja.bhatt2839@yahoo.com,Male,9513989615,UAE,1997-06-10
2840,Mohit,Reddy,mohit.reddy2840@example.com,Male,8315346181,UAE,1987-05-12
2841,Anil,Verma,anil.verma2841@yahoo.com,Female,7742779150,United States,2005-07-02
2842,Aanya,Agarwal,aanya.agarwal2842@yahoo.com,Female,6675112790,United Kingdom,1982-07-26
2843,Krishna,Sharma,krishna.sharma2843@yahoo.com,Female,7458997996,Brazil,1983-03-19
2844,Aditya,Bhatt,aditya.bhatt2844@mail.com,Male,8835080009,Germany,2004-07-10
2845,Arjun,Trivedi,arjun.trivedi2845@gmail.com,Female,7343336032,United States,1967-02-08
2846,Aanya,Pillai,aanya.pillai2846@example.com,Female,6665405852,Germany,1980-10-28
2847,Krishna,Yadav,krishna.yadav2847@gmail.com,Male,6674766414,Canada,1985-01-17
2848,Sneha,Nair,sneha.nair2848@outlook.com,Male,8491438900,France,1983-04-13
2849,Arjun,Ghosh,arjun.ghosh2849@mail.com,Male,8581272125,United States,1998-12-23
2850,Krishna,Malhotra,krishna.malhotra2850@gmail.com,Female,7860978935,South Africa,1969-08-21
2851,Sahil,Prasad,sahil.prasad2851@example.com,Female,6479141632,United Kingdom,1995-02-26
2852,Mohit,Singh,mohit.singh2852@example.com,Female,9824674957,Brazil,1990-06-29
2853,Rohan,Patel,rohan.patel2853@mail.com,Female,8133402147,India,2005-02-18
2854,Isha,Verma,isha.verma2854@example.com,Male,6031468247,Germany,1996-02-27
2855,Priya,Kumar,priya.kumar2855@yahoo.com,Male,7581145303,UAE,1980-05-04
2856,Ritu,Agarwal,ritu.agarwal2856@mail.com,Female,7947738520,Brazil,2001-02-02
2857,Sunita,Singh,sunita.singh2857@example.com,Male,7712116088,UAE,2004-12-13
2858,Aditya,Sharma,aditya.sharma2858@gmail.com,Male,8099257990,Germany,1982-05-06
2859,Ananya,Malhotra,ananya.malhotra2859@outlook.com,Male,7395224215,UAE,1966-05-22
2860,Arjun,Prasad,arjun.prasad2860@outlook.com,Male,9663516605,Canada,1993-11-04
2861,Tarun,Nair,tarun.nair2861@gmail.com,Female,8196486710,UAE,2001-09-29
2862,Priya,Pillai,priya.pillai2862@mail.com,Male,8438670508,Canada,1977-07-04
2863,Sahil,Kashyap,sahil.kashyap2863@yahoo.com,Female,7586036196,South Africa,1969-11-27
2864,Sunita,Shah,sunita.shah2864@mail.com,Female,6108178402,UAE,1998-07-30
2865,Isha,Joshi,isha.joshi2865@gmail.com,Female,6621155832,South Africa,2001-03-04
2866,Tarun,Sharma,tarun.sharma2866@gmail.com,Male,8686632482,UAE,1989-07-12
2867,Sara,Mehta,sara.mehta2867@example.com,Female,6177473606,France,1985-07-22
2868,Sai,Bhatt,sai.bhatt2868@example.com,Female,9338268403,United Kingdom,2007-04-24
2869,Kiran,Bose,kiran.bose2869@gmail.com,Female,6382191619,India,1977-12-17
2870,Arjun,Iyer,arjun.iyer2870@gmail.com,Male,6864460338,India,1989-04-30
2871,Sara,Naidu,sara.naidu2871@gmail.com,Male,7783720561,South Africa,2006-11-03
2872,Sahil,Reddy,sahil.reddy2872@gmail.com,Male,7094764914,UAE,1996-07-19
2873,Ananya,Mehta,ananya.mehta2873@outlook.com,Female,8481632525,India,1981-08-14
2874,Arjun,Kapoor,arjun.kapoor2874@yahoo.com,Male,7069473615,United Kingdom,2004-03-06
2875,Priya,Pillai,priya.pillai2875@gmail.com,Female,7578672591,Australia,1992-04-22
2876,Sneha,Chauhan,sneha.chauhan2876@outlook.com,Male,6912674374,Canada,1986-07-10
2877,Myra,Trivedi,myra.trivedi2877@mail.com,Male,9643834160,UAE,1991-07-24
2878,Sara,Bhatia,sara.bhatia2878@mail.com,Female,9540711380,Canada,1995-04-21
2879,Tarun,Sharma,tarun.sharma2879@yahoo.com,Male,7229708091,United States,1977-12-10
2880,Riya,Iyer,riya.iyer2880@yahoo.com,Male,9558042022,South Africa,2007-03-28
2881,Pooja,Ghosh,pooja.ghosh2881@gmail.com,Male,8549155978,Brazil,1988-03-15
2882,Myra,Bhatia,myra.bhatia2882@example.com,Male,9042901168,Canada,2007-01-22
2883,Arjun,Gupta,arjun.gupta2883@gmail.com,Female,8849407516,UAE,1974-05-04
2884,Reyansh,Kashyap,reyansh.kashyap2884@yahoo.com,Female,9315347365,Australia,1979-07-16
2885,Sai,Nair,sai.nair2885@mail.com,Male,8485673906,Australia,1989-08-15
2886,Maya,Bose,maya.bose2886@gmail.com,Female,6109691137,UAE,1995-05-17
2887,Kavya,Trivedi,kavya.trivedi2887@outlook.com,Male,6625034238,Germany,1974-04-01
2888,Karthik,Bhatt,karthik.bhatt2888@mail.com,Male,7040560449,France,1970-03-22
2889,Vivaan,Bhatia,vivaan.bhatia2889@gmail.com,Female,9689357431,Brazil,1985-08-17
2890,Sahil,Bose,sahil.bose2890@mail.com,Male,7979667256,United States,1994-03-21
2891,Nisha,Kashyap,nisha.kashyap2891@example.com,Female,9467167823,Canada,1980-10-20
2892,Kiran,Roy,kiran.roy2892@mail.com,Female,9247471646,UAE,1983-12-31
2893,Karthik,Khan,karthik.khan2893@outlook.com,Male,8161159617,United Kingdom,1968-10-18
2894,Tarun,Verma,tarun.verma2894@gmail.com,Male,6710480051,Australia,2003-07-31
2895,Reyansh,Sharma,reyansh.sharma2895@gmail.com,Male,9158113867,Australia,1996-11-17
2896,Nisha,Kumar,nisha.kumar2896@example.com,Male,6747169898,United States,1982-07-10
2897,Tarun,Iyer,tarun.iyer2897@yahoo.com,Female,6493983080,Canada,1992-04-02
2898,Aditya,Kapoor,aditya.kapoor2898@gmail.com,Female,7487441925,South Africa,1993-03-22
2899,Tarun,Chauhan,tarun.chauhan2899@yahoo.com,Male,8290205552,Brazil,1984-07-01
2900,Priya,Kapoor,priya.kapoor2900@outlook.com,Male,8221293886,United Kingdom,1967-01-27
2901,Ritu,Chauhan,ritu.chauhan2901@mail.com,Male,9373566962,United States,2000-10-04
2902,Arjun,Malhotra,arjun.malhotra2902@outlook.com,Male,6150046161,India,1966-12-01
2903,Myra,Bhatt,myra.bhatt2903@example.com,Female,9076636765,Brazil,1995-04-29
2904,Krishna,Yadav,krishna.yadav2904@yahoo.com,Male,7900611840,Canada,1995-05-06
2905,Anil,Reddy,anil.reddy2905@gmail.com,Female,6015114311,United Kingdom,1979-10-23
2906,Mohit,Shah,mohit.shah2906@yahoo.com,Female,9614766527,South Africa,1987-07-24
2907,Nisha,Mehta,nisha.mehta2907@outlook.com,Male,9009206756,United States,1966-09-14
2908,Aarav,Roy,aarav.roy2908@gmail.com,Male,7690716498,Germany,1977-11-27
2909,Ananya,Das,ananya.das2909@outlook.com,Male,9919455389,France,1980-12-04
2910,Rohan,Das,rohan.das2910@yahoo.com,Male,8231957990,UAE,2000-07-17
2911,Sunita,Kapoor,sunita.kapoor2911@gmail.com,Male,8638448513,United States,1988-07-31
2912,Krishna,Gupta,krishna.gupta2912@mail.com,Male,8734742469,Canada,1977-01-02
2913,Reyansh,Malhotra,reyansh.malhotra2913@yahoo.com,Male,9707700076,UAE,2005-04-23
2914,Diya,Menon,diya.menon2914@yahoo.com,Male,6729600442,South Africa,1989-09-15
2915,Pooja,Bhatia,pooja.bhatia2915@outlook.com,Male,6916308075,France,1973-03-25
2916,Ritu,Malhotra,ritu.malhotra2916@example.com,Male,8645671168,Australia,1967-02-12
2917,Sneha,Bhatia,sneha.bhatia2917@yahoo.com,Male,9261331193,France,2000-01-31
2918,Sneha,Malhotra,sneha.malhotra2918@outlook.com,Male,9234638595,UAE,1982-01-23
2919,Mohit,Shah,mohit.shah2919@mail.com,Male,9288478024,UAE,1984-10-24
2920,Maya,Agarwal,maya.agarwal2920@example.com,Male,7697723188,UAE,1966-02-06
2921,Diya,Verma,diya.verma2921@outlook.com,Male,9311062496,Australia,1990-03-12
2922,Priya,Malhotra,priya.malhotra2922@outlook.com,Male,6612395382,Australia,1981-02-26
2923,Aanya,Reddy,aanya.reddy2923@gmail.com,Female,7894068042,France,2004-06-03
2924,Arjun,Pillai,arjun.pillai2924@gmail.com,Female,6241693129,South Africa,1969-12-19
2925,Krishna,Bose,krishna.bose2925@yahoo.com,Male,7974105154,France,1971-10-29
2926,Tarun,Kashyap,tarun.kashyap2926@gmail.com,Female,7354589272,Germany,1996-03-07
2927,Vivaan,Naidu,vivaan.naidu2927@outlook.com,Male,9662399325,UAE,1987-07-02
2928,Rohan,Verma,rohan.verma2928@mail.com,Female,7539590021,Australia,1976-10-19
2929,Isha,Ghosh,isha.ghosh2929@outlook.com,Female,7711151201,Brazil,1978-06-04
2930,Sneha,Bhatt,sneha.bhatt2930@mail.com,Male,7156854298,Australia,1994-04-24
2931,Riya,Singh,riya.singh2931@mail.com,Male,8665271288,Canada,1999-10-09
2932,Ritu,Iyer,ritu.iyer2932@example.com,Female,6025926782,Australia,1975-06-19
2933,Krishna,Patel,krishna.patel2933@mail.com,Female,8796178713,France,1980-04-17
2934,Tarun,Joshi,tarun.joshi2934@mail.com,Female,6363531602,Canada,2001-06-19
2935,Kavya,Agarwal,kavya.agarwal2935@yahoo.com,Female,8133575383,France,1971-06-22
2936,Ananya,Kashyap,ananya.kashyap2936@gmail.com,Male,9808386389,United Kingdom,1984-09-14
2937,Diya,Bhatia,diya.bhatia2937@example.com,Female,9868818738,Canada,1979-07-13
2938,Tarun,Bhatt,tarun.bhatt2938@outlook.com,Female,8377569805,UAE,1966-04-30
2939,Maya,Patel,maya.patel2939@mail.com,Male,6102817665,India,1972-04-01
2940,Sneha,Singh,sneha.singh2940@outlook.com,Female,9893336126,Canada,1995-03-07
2941,Diya,Singh,diya.singh2941@gmail.com,Male,8849723085,France,1987-06-20
2942,Ananya,Reddy,ananya.reddy2942@example.com,Female,6829477397,France,1998-10-17
2943,Aditya,Agarwal,aditya.agarwal2943@outlook.com,Female,6139208998,United Kingdom,1967-04-14
2944,Arjun,Prasad,arjun.prasad2944@example.com,Male,8276843622,United Kingdom,1971-02-23
2945,Sneha,Reddy,sneha.reddy2945@mail.com,Female,7936787282,South Africa,1995-05-13
2946,Aarav,Joshi,aarav.joshi2946@outlook.com,Male,8654341313,United Kingdom,1970-03-04
2947,Isha,Patel,isha.patel2947@mail.com,Female,6678494407,Brazil,1972-06-09
2948,Rohan,Roy,rohan.roy2948@gmail.com,Female,8060496582,United Kingdom,1981-08-03
2949,Aditya,Ghosh,aditya.ghosh2949@yahoo.com,Female,9892295986,France,1971-10-03
2950,Arjun,Khan,arjun.khan2950@gmail.com,Female,7365157650,United Kingdom,1973-10-09
2951,Riya,Gupta,riya.gupta2951@gmail.com,Male,9528428931,Germany,2007-01-06
2952,Karthik,Naidu,karthik.naidu2952@yahoo.com,Female,7660623353,France,1974-10-12
2953,Arjun,Kashyap,arjun.kashyap2953@yahoo.com,Female,6098421224,UAE,1973-05-30
2954,Mohit,Ghosh,mohit.ghosh2954@example.com,Male,9446588213,India,1998-11-02
2955,Aarav,Khan,aarav.khan2955@outlook.com,Female,9951967737,United States,1991-01-22
2956,Vivaan,Naidu,vivaan.naidu2956@example.com,Female,6315272669,United States,1986-09-10
2957,Ritu,Mehta,ritu.mehta2957@yahoo.com,Female,8702169571,France,1986-06-01
2958,Rohan,Yadav,rohan.yadav2958@gmail.com,Female,6779301275,UAE,1977-03-11
2959,Karthik,Yadav,karthik.yadav2959@gmail.com,Female,9596131564,United Kingdom,1985-08-30
2960,Krishna,Khan,krishna.khan2960@yahoo.com,Female,9328237270,UAE,2007-07-29
2961,Riya,Malhotra,riya.malhotra2961@outlook.com,Female,7880144515,United Kingdom,1995-03-17
2962,Reyansh,Roy,reyansh.roy2962@gmail.com,Female,7233861277,United States,2004-12-16
2963,Mohit,Malhotra,mohit.malhotra2963@example.com,Female,6815245583,UAE,1977-06-28
2964,Sneha,Joshi,sneha.joshi2964@outlook.com,Female,7915208330,Canada,1977-11-06
2965,Sai,Iyer,sai.iyer2965@example.com,Male,7669170383,Brazil,1994-08-18
2966,Ananya,Bhatt,ananya.bhatt2966@mail.com,Male,7733518103,United Kingdom,1973-01-16
2967,Vihaan,Das,vihaan.das2967@example.com,Female,7207175049,UAE,2004-06-22
2968,Sara,Iyer,sara.iyer2968@mail.com,Male,9775105831,Australia,1979-06-01
2969,Karthik,Ghosh,karthik.ghosh2969@yahoo.com,Female,8208647209,Germany,1967-10-30
2970,Riya,Prasad,riya.prasad2970@example.com,Female,7542168373,Australia,2000-04-04
2971,Pooja,Joshi,pooja.joshi2971@outlook.com,Male,6240233106,UAE,1977-09-18
2972,Sahil,Verma,sahil.verma2972@gmail.com,Male,8477489999,Germany,1985-06-21
2973,Mohit,Sharma,mohit.sharma2973@yahoo.com,Male,8481235174,Germany,1976-05-28
2974,Pooja,Menon,pooja.menon2974@outlook.com,Male,6225189833,South Africa,2007-03-04
2975,Reyansh,Malhotra,reyansh.malhotra2975@example.com,Female,9437438171,United States,1992-08-30
2976,Karthik,Mehta,karthik.mehta2976@yahoo.com,Male,6886440744,Germany,1977-04-18
2977,Mohit,Kashyap,mohit.kashyap2977@yahoo.com,Female,6124616345,UAE,1980-03-07
2978,Reyansh,Ghosh,reyansh.ghosh2978@mail.com,Female,9482428496,France,1969-02-13
2979,Rohan,Naidu,rohan.naidu2979@yahoo.com,Male,8011988923,India,1987-01-01
2980,Reyansh,Das,reyansh.das2980@example.com,Male,7880367275,India,1976-05-27
2981,Priya,Khan,priya.khan2981@gmail.com,Male,6177611893,India,1966-10-05
2982,Ritu,Chauhan,ritu.chauhan2982@gmail.com,Female,7914688077,Australia,1966-09-24
2983,Aarav,Nair,aarav.nair2983@outlook.com,Male,9287751237,UAE,2003-08-24
2984,Sai,Ghosh,sai.ghosh2984@gmail.com,Female,8005698399,South Africa,1976-11-27
2985,Vihaan,Prasad,vihaan.prasad2985@gmail.com,Female,9576454752,India,1971-01-24
2986,Anil,Pillai,anil.pillai2986@mail.com,Male,8406252428,United Kingdom,1998-07-07
2987,Diya,Joshi,diya.joshi2987@example.com,Female,8372040755,UAE,1972-07-11
2988,Ananya,Malhotra,ananya.malhotra2988@mail.com,Male,8245637820,India,1985-11-03
2989,Sneha,Bhatia,sneha.bhatia2989@example.com,Female,6410876823,South Africa,1973-03-30
2990,Priya,Trivedi,priya.trivedi2990@yahoo.com,Male,7804752006,Germany,1977-09-19
2991,Krishna,Reddy,krishna.reddy2991@outlook.com,Male,8002685200,India,2001-07-03
2992,Isha,Verma,isha.verma2992@outlook.com,Male,7557367564,United States,1985-09-25
2993,Reyansh,Kashyap,reyansh.kashyap2993@mail.com,Male,9713675658,United Kingdom,1986-04-30
2994,Sunita,Verma,sunita.verma2994@example.com,Female,7692098187,Germany,1999-12-06
2995,Maya,Roy,maya.roy2995@mail.com,Male,6193347671,Australia,1981-07-10
2996,Rohan,Bhatia,rohan.bhatia2996@gmail.com,Male,6098159668,Canada,1989-11-19
2997,Sahil,Menon,sahil.menon2997@example.com,Male,8069743226,United States,2000-02-17
2998,Sara,Iyer,sara.iyer2998@example.com,Female,7574375588,UAE,2003-02-03
2999,Sara,Bose,sara.bose2999@yahoo.com,Female,8223279283,India,1999-12-17
3000,Priya,Iyer,priya.iyer3000@gmail.com,Female,6616742431,South Africa,1994-09-26
3001,Sara,Gupta,sara.gupta3001@gmail.com,Female,7685018949,Canada,1993-08-23
3002,Diya,Khan,diya.khan3002@mail.com,Female,8677884013,Canada,1978-08-18
3003,Kavya,Trivedi,kavya.trivedi3003@outlook.com,Male,7178132586,Germany,1973-11-06
3004,Priya,Yadav,priya.yadav3004@yahoo.com,Male,9958213746,Australia,1982-03-19
3005,Isha,Bose,isha.bose3005@example.com,Female,7343368917,South Africa,1993-06-01
3006,Mohit,Das,mohit.das3006@mail.com,Male,6601841422,United Kingdom,1999-04-15
3007,Ritu,Malhotra,ritu.malhotra3007@gmail.com,Female,8797125060,Germany,1979-10-28
3008,Aditya,Prasad,aditya.prasad3008@example.com,Female,6395106408,United States,2003-01-30
3009,Aanya,Roy,aanya.roy3009@yahoo.com,Male,7343344217,United Kingdom,1975-03-25
3010,Ritu,Gupta,ritu.gupta3010@yahoo.com,Female,7045761948,India,1987-06-05
3011,Tarun,Iyer,tarun.iyer3011@gmail.com,Female,8412704816,Australia,1994-03-26
3012,Vivaan,Pillai,vivaan.pillai3012@gmail.com,Male,9779567351,India,1991-11-30
3013,Anil,Verma,anil.verma3013@mail.com,Male,6186317781,United Kingdom,1971-02-22
3014,Aarav,Kashyap,aarav.kashyap3014@example.com,Male,9951848580,India,1967-10-22
3015,Sneha,Shah,sneha.shah3015@gmail.com,Male,8088588897,United States,1985-10-06
3016,Sahil,Mehta,sahil.mehta3016@yahoo.com,Male,7236115344,Germany,1987-03-10
3017,Kavya,Kashyap,kavya.kashyap3017@gmail.com,Male,6394238326,South Africa,1968-06-18
3018,Kavya,Verma,kavya.verma3018@mail.com,Male,7037505067,Canada,1989-07-26
3019,Pooja,Patel,pooja.patel3019@outlook.com,Male,7311376896,Canada,1983-01-23
3020,Anil,Shah,anil.shah3020@outlook.com,Male,9906214803,Canada,2002-03-20
3021,Diya,Iyer,diya.iyer3021@yahoo.com,Female,9467893193,Australia,1993-03-04
3022,Pooja,Menon,pooja.menon3022@mail.com,Female,8199964997,Germany,1975-10-26
3023,Sneha,Patel,sneha.patel3023@example.com,Female,6601528823,South Africa,1986-04-10
3024,Ritu,Menon,ritu.menon3024@yahoo.com,Male,6216577687,France,1989-11-17
3025,Karthik,Kashyap,karthik.kashyap3025@yahoo.com,Male,8110975859,South Africa,1974-01-09
3026,Sneha,Agarwal,sneha.agarwal3026@example.com,Female,9303609853,Australia,1984-04-12
3027,Mohit,Bhatt,mohit.bhatt3027@example.com,Male,9595139799,Australia,1977-06-27
3028,Diya,Kumar,diya.kumar3028@gmail.com,Female,8511821953,UAE,2007-07-02
3029,Diya,Bhatt,diya.bhatt3029@yahoo.com,Female,7662564194,UAE,1987-08-07
3030,Vihaan,Menon,vihaan.menon3030@outlook.com,Female,8801375370,United States,1971-10-15
3031,Karthik,Khan,karthik.khan3031@outlook.com,Female,9306121086,South Africa,1973-08-14
3032,Nisha,Sharma,nisha.sharma3032@example.com,Male,9330330915,United States,1982-11-16
3033,Ritu,Reddy,ritu.reddy3033@mail.com,Male,8400807122,Australia,1992-09-19
3034,Maya,Mehta,maya.mehta3034@gmail.com,Male,6924685021,Australia,1990-11-04
3035,Isha,Bhatia,isha.bhatia3035@gmail.com,Female,7348444923,South Africa,1986-03-26
3036,Karthik,Menon,karthik.menon3036@outlook.com,Male,7902064675,United States,1988-08-24
3037,Sai,Trivedi,sai.trivedi3037@outlook.com,Female,9683646468,South Africa,1988-09-24
3038,Karthik,Malhotra,karthik.malhotra3038@mail.com,Male,7839184459,South Africa,2000-11-18
3039,Riya,Trivedi,riya.trivedi3039@example.com,Male,7863040311,United States,1983-06-20
3040,Rohan,Bhatt,rohan.bhatt3040@example.com,Male,9377667489,Germany,2005-01-04
3041,Kiran,Agarwal,kiran.agarwal3041@outlook.com,Female,7537320274,France,1999-08-09
3042,Mohit,Gupta,mohit.gupta3042@mail.com,Male,8058350953,Brazil,1967-10-01
3043,Myra,Gupta,myra.gupta3043@outlook.com,Male,9151192812,UAE,1991-06-05
3044,Krishna,Kumar,krishna.kumar3044@mail.com,Female,8864632336,United States,1985-12-23
3045,Aditya,Kumar,aditya.kumar3045@gmail.com,Male,9852020611,Canada,1983-03-06
3046,Sai,Nair,sai.nair3046@outlook.com,Female,8916595863,Germany,2001-03-13
3047,Sai,Agarwal,sai.agarwal3047@outlook.com,Female,6501165002,United Kingdom,2001-01-06
3048,Vivaan,Ghosh,vivaan.ghosh3048@outlook.com,Female,9190115777,UAE,1970-02-25
3049,Maya,Prasad,maya.prasad3049@yahoo.com,Female,8841314498,Canada,1972-01-31
3050,Kavya,Menon,kavya.menon3050@outlook.com,Female,9378342470,South Africa,1968-06-08
3051,Aditya,Yadav,aditya.yadav3051@gmail.com,Female,7481369232,South Africa,1977-11-07
3052,Aditya,Roy,aditya.roy3052@gmail.com,Female,7818096552,Canada,1972-01-28
3053,Rohan,Patel,rohan.patel3053@outlook.com,Male,7187627934,UAE,1977-11-05
3054,Anil,Agarwal,anil.agarwal3054@example.com,Female,7282645840,Canada,1975-04-26
3055,Ritu,Chauhan,ritu.chauhan3055@outlook.com,Male,9035507898,United States,2003-04-16
3056,Sneha,Prasad,sneha.prasad3056@gmail.com,Female,7369107443,United Kingdom,1971-05-17
3057,Sneha,Bhatt,sneha.bhatt3057@example.com,Female,8689258256,United States,1978-02-18
3058,Arjun,Malhotra,arjun.malhotra3058@gmail.com,Male,6139361026,United Kingdom,2003-12-08
3059,Myra,Verma,myra.verma3059@gmail.com,Male,7168649788,France,1993-01-30
3060,Ananya,Menon,ananya.menon3060@yahoo.com,Female,7954404491,Germany,1989-02-20
3061,Aanya,Malhotra,aanya.malhotra3061@outlook.com,Female,6112809971,UAE,1969-11-15
3062,Priya,Roy,priya.roy3062@example.com,Female,6701222780,South Africa,2001-06-17
3063,Karthik,Roy,karthik.roy3063@gmail.com,Male,8746720616,Canada,2001-09-18
3064,Pooja,Khan,pooja.khan3064@mail.com,Female,8571518366,United States,1967-03-19
3065,Myra,Agarwal,myra.agarwal3065@yahoo.com,Female,6866790197,UAE,1991-02-15
3066,Priya,Reddy,priya.reddy3066@yahoo.com,Male,8333939160,France,1966-11-07
3067,Diya,Pillai,diya.pillai3067@yahoo.com,Male,8128210633,UAE,1969-02-17
3068,Rohan,Shah,rohan.shah3068@example.com,Male,8503683371,France,1996-03-15
3069,Kavya,Kapoor,kavya.kapoor3069@yahoo.com,Female,7300871718,United Kingdom,1987-02-01
3070,Mohit,Roy,mohit.roy3070@yahoo.com,Male,6679255938,UAE,1978-04-21
3071,Kavya,Mehta,kavya.mehta3071@mail.com,Male,7819186033,Germany,1984-12-05
3072,Vivaan,Malhotra,vivaan.malhotra3072@example.com,Female,6047138588,Germany,2002-08-16
3073,Vivaan,Bose,vivaan.bose3073@mail.com,Female,6397385058,Brazil,1994-08-19
3074,Mohit,Kumar,mohit.kumar3074@outlook.com,Female,7351042019,United States,1999-07-22
3075,Priya,Khan,priya.khan3075@outlook.com,Female,9554194342,India,1969-12-31
3076,Anil,Kumar,anil.kumar3076@outlook.com,Female,9560928626,Canada,2004-09-16
3077,Sara,Gupta,sara.gupta3077@outlook.com,Female,7780210961,United Kingdom,1974-05-19
3078,Priya,Khan,priya.khan3078@gmail.com,Female,7843448349,India,1985-02-04
3079,Anil,Pillai,anil.pillai3079@example.com,Female,7319827904,Australia,2007-01-04
3080,Rohan,Prasad,rohan.prasad3080@mail.com,Female,8688228165,Germany,1995-03-17
3081,Aanya,Singh,aanya.singh3081@mail.com,Male,9718736645,United Kingdom,1983-01-08
3082,Kiran,Prasad,kiran.prasad3082@gmail.com,Female,7657521649,UAE,1995-08-17
3083,Sara,Verma,sara.verma3083@mail.com,Male,9801514689,United States,1998-08-30
3084,Riya,Roy,riya.roy3084@mail.com,Female,7800135740,Canada,1992-04-05
3085,Reyansh,Joshi,reyansh.joshi3085@gmail.com,Male,8312828905,Brazil,1978-11-25
3086,Arjun,Bhatt,arjun.bhatt3086@yahoo.com,Male,9826314676,United Kingdom,1994-11-17
3087,Anil,Patel,anil.patel3087@mail.com,Male,9735841388,Brazil,1977-07-20
3088,Riya,Patel,riya.patel3088@mail.com,Female,7872010391,United Kingdom,1976-02-18
3089,Diya,Bose,diya.bose3089@outlook.com,Male,9048020447,India,2007-04-05
3090,Rohan,Shah,rohan.shah3090@yahoo.com,Male,7033408408,United Kingdom,1982-05-28
3091,Isha,Iyer,isha.iyer3091@yahoo.com,Female,8407350051,Brazil,1966-07-27
3092,Isha,Shah,isha.shah3092@example.com,Male,7630524180,Australia,2003-04-19
3093,Sunita,Agarwal,sunita.agarwal3093@yahoo.com,Male,7572615414,France,1971-08-08
3094,Aarav,Khan,aarav.khan3094@mail.com,Male,6638899074,United States,1993-10-05
3095,Kiran,Prasad,kiran.prasad3095@yahoo.com,Female,9126266062,Brazil,1987-01-19
3096,Kiran,Bhatia,kiran.bhatia3096@outlook.com,Female,9089759129,Brazil,1975-04-13
3097,Karthik,Prasad,karthik.prasad3097@example.com,Female,6910663991,UAE,1968-09-02
3098,Sara,Trivedi,sara.trivedi3098@example.com,Female,9088410217,UAE,1989-08-14
3099,Vivaan,Kumar,vivaan.kumar3099@outlook.com,Male,6101387218,UAE,1968-09-14
3100,Maya,Agarwal,maya.agarwal3100@example.com,Male,6336209464,Germany,1984-08-25
3101,Aarav,Patel,aarav.patel3101@outlook.com,Male,8460255261,South Africa,2004-05-26
3102,Aditya,Kapoor,aditya.kapoor3102@gmail.com,Male,8967430355,UAE,1966-09-22
3103,Tarun,Reddy,tarun.reddy3103@mail.com,Male,9459796131,Germany,1989-05-17
3104,Maya,Naidu,maya.naidu3104@mail.com,Female,9833891655,Canada,1972-12-31
3105,Sahil,Singh,sahil.singh3105@gmail.com,Male,7458614441,India,1980-05-17
3106,Krishna,Kapoor,krishna.kapoor3106@example.com,Female,6986358338,Germany,1982-05-19
3107,Kiran,Bhatia,kiran.bhatia3107@yahoo.com,Female,6382929344,UAE,1966-06-16
3108,Vihaan,Menon,vihaan.menon3108@mail.com,Male,9055700279,United States,1991-04-13
3109,Isha,Joshi,isha.joshi3109@gmail.com,Female,7611118151,Germany,1987-02-24
3110,Kavya,Singh,kavya.singh3110@yahoo.com,Male,8445226273,Canada,1992-07-08
3111,Aditya,Chauhan,aditya.chauhan3111@mail.com,Male,7505193263,Brazil,1969-10-04
3112,Karthik,Bhatia,karthik.bhatia3112@yahoo.com,Male,9406554846,Australia,1968-04-23
3113,Rohan,Agarwal,rohan.agarwal3113@yahoo.com,Female,6138497367,Australia,1975-09-27
3114,Sneha,Bhatt,sneha.bhatt3114@yahoo.com,Female,8072992823,India,1980-05-10
3115,Priya,Mehta,priya.mehta3115@outlook.com,Female,6401052785,United States,2006-11-27
3116,Sara,Verma,sara.verma3116@example.com,Female,9169695282,United Kingdom,2007-06-06
3117,Sara,Agarwal,sara.agarwal3117@yahoo.com,Female,8661085369,France,1999-03-07
3118,Sunita,Bose,sunita.bose3118@outlook.com,Female,6006696985,Canada,1986-10-20
3119,Sara,Nair,sara.nair3119@yahoo.com,Female,6378382866,France,2006-06-09
3120,Ananya,Menon,ananya.menon3120@yahoo.com,Male,7688350193,Canada,1998-08-09
3121,Mohit,Khan,mohit.khan3121@outlook.com,Male,8447476482,Canada,1994-01-05
3122,Sahil,Das,sahil.das3122@gmail.com,Female,9148091206,India,1996-03-12
3123,Diya,Malhotra,diya.malhotra3123@mail.com,Male,7760165946,Brazil,1979-06-21
3124,Vihaan,Patel,vihaan.patel3124@outlook.com,Female,6040637520,United States,2002-11-01
3125,Tarun,Bose,tarun.bose3125@example.com,Male,8240871234,Germany,1995-01-15
3126,Myra,Bhatt,myra.bhatt3126@example.com,Male,8716529881,Germany,1979-06-06
3127,Reyansh,Bhatt,reyansh.bhatt3127@example.com,Female,9137093563,Australia,2006-01-01
3128,Priya,Kashyap,priya.kashyap3128@outlook.com,Male,6427989012,South Africa,1996-08-14
3129,Aanya,Bhatia,aanya.bhatia3129@gmail.com,Male,8720826858,United States,1989-01-19
3130,Arjun,Roy,arjun.roy3130@mail.com,Female,6231361047,South Africa,2004-12-17
3131,Sunita,Menon,sunita.menon3131@yahoo.com,Male,7893964285,UAE,1982-08-21
3132,Tarun,Prasad,tarun.prasad3132@mail.com,Female,9215309035,Canada,1974-12-28
3133,Diya,Joshi,diya.joshi3133@gmail.com,Male,9716643365,UAE,1987-08-21
3134,Diya,Nair,diya.nair3134@gmail.com,Female,9728739942,UAE,1976-10-20
3135,Mohit,Khan,mohit.khan3135@mail.com,Male,7081875130,Brazil,2000-10-30
3136,Aarav,Kashyap,aarav.kashyap3136@mail.com,Female,6864939258,Germany,1974-12-04
3137,Kavya,Shah,kavya.shah3137@yahoo.com,Male,8263906114,Canada,1996-11-03
3138,Karthik,Das,karthik.das3138@gmail.com,Male,6797655773,United States,1986-04-28
3139,Aarav,Mehta,aarav.mehta3139@gmail.com,Male,6190694432,UAE,1968-07-06
3140,Tarun,Reddy,tarun.reddy3140@yahoo.com,Male,7635629112,South Africa,1970-03-16
3141,Arjun,Bhatia,arjun.bhatia3141@gmail.com,Female,7531566650,Germany,2003-02-09
3142,Maya,Verma,maya.verma3142@outlook.com,Male,9809639527,Canada,1983-02-03
3143,Maya,Bose,maya.bose3143@gmail.com,Female,9995879582,Australia,2006-07-21
3144,Nisha,Menon,nisha.menon3144@yahoo.com,Male,9815110656,United States,1970-04-29
3145,Diya,Das,diya.das3145@mail.com,Male,7522633552,Brazil,1995-12-24
3146,Aarav,Sharma,aarav.sharma3146@gmail.com,Female,7131086130,UAE,1966-10-20
3147,Mohit,Yadav,mohit.yadav3147@gmail.com,Male,7142262641,United Kingdom,1997-03-03
3148,Sai,Reddy,sai.reddy3148@gmail.com,Male,9054344144,United States,1991-12-27
3149,Mohit,Nair,mohit.nair3149@outlook.com,Male,9555678355,Germany,1992-10-12
3150,Mohit,Yadav,mohit.yadav3150@gmail.com,Male,9433790510,Australia,1995-03-02
3151,Nisha,Singh,nisha.singh3151@example.com,Male,9489138481,Brazil,1994-07-10
3152,Tarun,Mehta,tarun.mehta3152@gmail.com,Female,9623958359,United Kingdom,1987-10-29
3153,Sai,Khan,sai.khan3153@mail.com,Female,7315618478,South Africa,1989-01-05
3154,Sahil,Trivedi,sahil.trivedi3154@example.com,Female,9918486833,Canada,1994-06-19
3155,Aarav,Joshi,aarav.joshi3155@example.com,Female,8907982941,Australia,1997-07-19
3156,Sneha,Kumar,sneha.kumar3156@example.com,Male,8991213365,Australia,1986-09-01
3157,Isha,Kashyap,isha.kashyap3157@gmail.com,Female,7007698736,France,1976-10-13
3158,Ananya,Sharma,ananya.sharma3158@example.com,Female,6655840477,South Africa,1971-05-14
3159,Reyansh,Prasad,reyansh.prasad3159@outlook.com,Female,7515328361,Canada,2006-02-14
3160,Vihaan,Verma,vihaan.verma3160@yahoo.com,Female,9574738900,United States,1990-02-11
3161,Sara,Roy,sara.roy3161@example.com,Male,6235511488,Brazil,1995-02-18
3162,Sai,Bhatt,sai.bhatt3162@gmail.com,Female,7985598713,France,1973-10-21
3163,Aditya,Reddy,aditya.reddy3163@gmail.com,Female,7420972897,United States,1989-09-29
3164,Diya,Gupta,diya.gupta3164@yahoo.com,Male,7989059893,Germany,1986-06-06
3165,Maya,Kashyap,maya.kashyap3165@example.com,Male,9989834277,United Kingdom,1974-11-20
3166,Isha,Shah,isha.shah3166@example.com,Female,9500890064,Brazil,2002-10-14
3167,Vivaan,Nair,vivaan.nair3167@mail.com,Male,9718295808,Australia,1999-02-19
3168,Tarun,Verma,tarun.verma3168@gmail.com,Male,9771207237,United States,1970-09-08
3169,Sunita,Joshi,sunita.joshi3169@outlook.com,Male,7654672429,France,1966-04-27
3170,Pooja,Yadav,pooja.yadav3170@mail.com,Female,8614104267,Germany,2004-09-16
3171,Diya,Reddy,diya.reddy3171@mail.com,Male,6785929152,UAE,1997-12-29
3172,Kavya,Joshi,kavya.joshi3172@outlook.com,Male,7295932977,United States,1997-08-30
3173,Arjun,Menon,arjun.menon3173@gmail.com,Male,9844114909,UAE,1992-10-05
3174,Kiran,Bose,kiran.bose3174@yahoo.com,Female,7627749957,France,1975-03-20
3175,Rohan,Khan,rohan.khan3175@example.com,Female,8765051434,Canada,1999-07-16
3176,Anil,Menon,anil.menon3176@outlook.com,Male,8544359851,South Africa,2001-10-11
3177,Myra,Nair,myra.nair3177@example.com,Female,9353425656,UAE,1978-01-20
3178,Ananya,Bose,ananya.bose3178@example.com,Male,8521402570,Germany,1974-03-29
3179,Anil,Naidu,anil.naidu3179@gmail.com,Female,6360397918,Australia,2001-08-30
3180,Krishna,Naidu,krishna.naidu3180@mail.com,Female,7289969362,United Kingdom,2000-05-24
3181,Rohan,Patel,rohan.patel3181@outlook.com,Male,8188105868,Australia,1968-08-18
3182,Reyansh,Mehta,reyansh.mehta3182@example.com,Male,7579301992,Australia,2003-05-18
3183,Aarav,Khan,aarav.khan3183@yahoo.com,Female,9306115486,Canada,1986-02-27
3184,Aditya,Trivedi,aditya.trivedi3184@yahoo.com,Female,9286977028,Brazil,1978-09-12
3185,Sneha,Patel,sneha.patel3185@example.com,Female,6451389647,United Kingdom,2004-04-26
3186,Ananya,Pillai,ananya.pillai3186@mail.com,Female,8628166755,Brazil,2003-04-06
3187,Myra,Trivedi,myra.trivedi3187@outlook.com,Male,7929446298,Canada,2002-07-19
3188,Ritu,Bose,ritu.bose3188@gmail.com,Female,7442783973,India,1974-02-26
3189,Nisha,Trivedi,nisha.trivedi3189@mail.com,Female,7848640127,UAE,2004-09-06
3190,Tarun,Naidu,tarun.naidu3190@gmail.com,Female,6398048066,France,1966-11-11
3191,Sahil,Iyer,sahil.iyer3191@outlook.com,Female,7424983875,Germany,1985-09-19
3192,Arjun,Yadav,arjun.yadav3192@yahoo.com,Male,7389513097,India,1980-05-05
3193,Priya,Yadav,priya.yadav3193@gmail.com,Female,9493124991,UAE,2006-04-06
3194,Rohan,Khan,rohan.khan3194@yahoo.com,Male,9336317575,United Kingdom,1984-10-13
3195,Aditya,Nair,aditya.nair3195@mail.com,Male,7887426606,India,1985-08-23
3196,Sneha,Das,sneha.das3196@gmail.com,Female,9306190005,Australia,1971-08-04
3197,Myra,Bhatt,myra.bhatt3197@gmail.com,Female,9598314773,South Africa,1995-03-12
3198,Ritu,Das,ritu.das3198@outlook.com,Male,9052693210,Australia,1969-11-19
3199,Kavya,Ghosh,kavya.ghosh3199@mail.com,Female,7935122144,Germany,2002-01-07
3200,Priya,Das,priya.das3200@example.com,Female,8042091529,Canada,2004-05-25
3201,Diya,Agarwal,diya.agarwal3201@outlook.com,Female,7708923055,Canada,1973-11-27
3202,Sahil,Bhatia,sahil.bhatia3202@gmail.com,Female,8131107913,South Africa,1970-10-27
3203,Aanya,Shah,aanya.shah3203@mail.com,Female,7149531647,United States,1979-08-02
3204,Anil,Naidu,anil.naidu3204@mail.com,Male,6703490747,France,1979-10-21
3205,Isha,Singh,isha.singh3205@yahoo.com,Male,7790868717,Germany,1991-01-09
3206,Tarun,Kashyap,tarun.kashyap3206@gmail.com,Male,9729455865,UAE,2004-07-01
3207,Krishna,Nair,krishna.nair3207@yahoo.com,Male,8285604700,United Kingdom,1997-11-10
3208,Diya,Bhatt,diya.bhatt3208@yahoo.com,Male,9821540206,Brazil,1998-04-19
3209,Mohit,Kumar,mohit.kumar3209@outlook.com,Female,7271111640,South Africa,1987-04-29
3210,Krishna,Khan,krishna.khan3210@mail.com,Female,9219069665,India,1991-10-31
3211,Tarun,Bhatt,tarun.bhatt3211@outlook.com,Male,7632982585,Australia,1972-03-23
3212,Anil,Chauhan,anil.chauhan3212@outlook.com,Male,9350679188,United Kingdom,2001-12-20
3213,Ananya,Bhatt,ananya.bhatt3213@yahoo.com,Male,6797640692,Australia,1972-11-20
3214,Aanya,Sharma,aanya.sharma3214@gmail.com,Male,6199717033,United States,2006-05-04
3215,Tarun,Menon,tarun.menon3215@example.com,Female,9603447764,United Kingdom,1997-04-08
3216,Anil,Kumar,anil.kumar3216@outlook.com,Female,6203783210,Germany,1981-09-20
3217,Arjun,Prasad,arjun.prasad3217@gmail.com,Female,9984393286,Germany,2005-05-09
3218,Arjun,Roy,arjun.roy3218@outlook.com,Female,7126651567,United Kingdom,1991-11-30
3219,Sunita,Shah,sunita.shah3219@mail.com,Male,7026793651,Canada,1967-10-20
3220,Sara,Chauhan,sara.chauhan3220@mail.com,Female,6362067610,United Kingdom,1976-10-01
3221,Pooja,Trivedi,pooja.trivedi3221@example.com,Male,9269619191,France,1970-02-08
3222,Reyansh,Agarwal,reyansh.agarwal3222@gmail.com,Female,7609616598,Australia,1991-03-31
3223,Sneha,Mehta,sneha.mehta3223@yahoo.com,Male,7786481078,United Kingdom,1976-08-15
3224,Kavya,Chauhan,kavya.chauhan3224@yahoo.com,Male,9492794893,India,1987-08-21
3225,Isha,Malhotra,isha.malhotra3225@outlook.com,Female,7127950801,South Africa,1975-11-01
3226,Tarun,Reddy,tarun.reddy3226@gmail.com,Female,7250714140,Brazil,1992-11-25
3227,Sunita,Kapoor,sunita.kapoor3227@yahoo.com,Male,6914245007,Brazil,1999-01-27
3228,Riya,Patel,riya.patel3228@outlook.com,Male,7804363690,Canada,1973-10-30
3229,Krishna,Naidu,krishna.naidu3229@gmail.com,Male,8863768845,Canada,2002-08-26
3230,Sara,Chauhan,sara.chauhan3230@example.com,Male,8108162320,United States,2000-04-26
3231,Kiran,Iyer,kiran.iyer3231@mail.com,Male,8908335493,France,1978-12-22
3232,Vivaan,Roy,vivaan.roy3232@outlook.com,Female,6776283143,France,1970-10-02
3233,Kavya,Sharma,kavya.sharma3233@mail.com,Male,8766330241,Brazil,1998-07-08
3234,Sneha,Agarwal,sneha.agarwal3234@yahoo.com,Female,8495741201,France,1970-11-26
3235,Pooja,Reddy,pooja.reddy3235@outlook.com,Female,6578462842,France,2002-03-19
3236,Pooja,Shah,pooja.shah3236@yahoo.com,Female,8786340234,France,1989-11-14
3237,Priya,Kashyap,priya.kashyap3237@yahoo.com,Female,9545126465,Australia,1987-10-31
3238,Riya,Nair,riya.nair3238@outlook.com,Male,9946165708,United States,1985-09-16
3239,Kavya,Patel,kavya.patel3239@gmail.com,Male,6015608202,Canada,1983-03-02
3240,Nisha,Patel,nisha.patel3240@gmail.com,Female,9861491425,Brazil,1984-11-24
3241,Kiran,Yadav,kiran.yadav3241@mail.com,Male,9096411120,United States,1983-10-30
3242,Pooja,Kashyap,pooja.kashyap3242@gmail.com,Male,9010683094,United States,2001-06-04
3243,Aditya,Iyer,aditya.iyer3243@mail.com,Male,8616451180,Canada,1985-10-11
3244,Sai,Prasad,sai.prasad3244@example.com,Male,8066549639,United Kingdom,1993-01-10
3245,Krishna,Joshi,krishna.joshi3245@gmail.com,Male,9371371944,United States,1974-12-27
3246,Kiran,Kapoor,kiran.kapoor3246@example.com,Female,8043446985,UAE,1972-11-04
3247,Kavya,Bhatt,kavya.bhatt3247@yahoo.com,Female,6444393559,South Africa,1975-01-17
3248,Aarav,Mehta,aarav.mehta3248@gmail.com,Male,7217862215,Germany,2000-03-26
3249,Vivaan,Bhatia,vivaan.bhatia3249@outlook.com,Female,8889376192,UAE,2002-10-18
3250,Vihaan,Bose,vihaan.bose3250@mail.com,Female,9394739515,South Africa,1972-09-28
3251,Maya,Khan,maya.khan3251@mail.com,Male,9128201931,Brazil,1971-06-17
3252,Aanya,Kashyap,aanya.kashyap3252@example.com,Male,9455452482,United Kingdom,1974-04-09
3253,Vihaan,Pillai,vihaan.pillai3253@mail.com,Female,9991900316,United Kingdom,1971-03-29
3254,Diya,Pillai,diya.pillai3254@mail.com,Female,7128205875,United States,1983-06-27
3255,Diya,Singh,diya.singh3255@example.com,Male,9154998300,Germany,1976-06-03
3256,Mohit,Bhatt,mohit.bhatt3256@outlook.com,Female,7234663392,Australia,1996-10-03
3257,Aanya,Yadav,aanya.yadav3257@gmail.com,Female,8160112986,United States,1971-12-24
3258,Diya,Gupta,diya.gupta3258@yahoo.com,Male,6957130361,India,1968-06-17
3259,Arjun,Gupta,arjun.gupta3259@yahoo.com,Male,9369039188,South Africa,1984-03-13
3260,Sara,Agarwal,sara.agarwal3260@outlook.com,Female,8939045064,Germany,1980-10-16
3261,Tarun,Bhatia,tarun.bhatia3261@mail.com,Male,8669599671,Brazil,1975-07-14
3262,Isha,Bhatt,isha.bhatt3262@yahoo.com,Male,7125352645,United Kingdom,1994-07-12
3263,Vivaan,Sharma,vivaan.sharma3263@outlook.com,Female,8212828450,UAE,1968-12-14
3264,Arjun,Khan,arjun.khan3264@mail.com,Male,9358918266,UAE,1989-08-30
3265,Vihaan,Joshi,vihaan.joshi3265@yahoo.com,Female,8970899365,UAE,1994-07-23
3266,Tarun,Joshi,tarun.joshi3266@outlook.com,Female,7215606729,United Kingdom,1998-04-14
3267,Sara,Prasad,sara.prasad3267@example.com,Female,9405230182,South Africa,1968-01-08
3268,Sahil,Bhatia,sahil.bhatia3268@example.com,Male,7148339839,India,1975-04-09
3269,Riya,Sharma,riya.sharma3269@yahoo.com,Male,8416786978,United States,1985-08-01
3270,Sahil,Joshi,sahil.joshi3270@gmail.com,Female,6928457584,Brazil,1983-06-16
3271,Riya,Mehta,riya.mehta3271@gmail.com,Male,7108438921,United States,1967-02-28
3272,Myra,Bhatt,myra.bhatt3272@outlook.com,Female,6546226335,France,1996-03-04
3273,Ritu,Das,ritu.das3273@outlook.com,Male,7772703125,Canada,1979-12-04
3274,Aditya,Nair,aditya.nair3274@example.com,Female,8248594426,United Kingdom,2000-12-29
3275,Vihaan,Bose,vihaan.bose3275@example.com,Male,9303860259,Brazil,1969-08-22
3276,Myra,Mehta,myra.mehta3276@mail.com,Female,7310701929,India,1987-04-03
3277,Anil,Nair,anil.nair3277@mail.com,Female,7075855758,France,2002-01-15
3278,Sahil,Trivedi,sahil.trivedi3278@example.com,Female,6544554674,United States,1990-03-21
3279,Sahil,Singh,sahil.singh3279@mail.com,Male,7003821601,France,1984-05-10
3280,Sunita,Bose,sunita.bose3280@example.com,Male,6797105121,UAE,1987-06-06
3281,Maya,Khan,maya.khan3281@example.com,Male,7142592588,United States,1993-01-10
3282,Pooja,Sharma,pooja.sharma3282@gmail.com,Female,9103773417,Germany,2000-05-06
3283,Sneha,Pillai,sneha.pillai3283@example.com,Male,9443885539,South Africa,1970-08-25
3284,Priya,Verma,priya.verma3284@mail.com,Female,9703846861,Brazil,2001-07-16
3285,Mohit,Bhatt,mohit.bhatt3285@gmail.com,Male,6748821129,Canada,1989-06-03
3286,Tarun,Naidu,tarun.naidu3286@yahoo.com,Male,6824189470,Canada,1985-02-17
3287,Nisha,Ghosh,nisha.ghosh3287@mail.com,Male,7168929180,South Africa,1972-12-22
3288,Maya,Nair,maya.nair3288@yahoo.com,Female,8142502114,Germany,1966-11-29
3289,Vivaan,Verma,vivaan.verma3289@gmail.com,Female,8706448340,France,1968-12-18
3290,Priya,Joshi,priya.joshi3290@mail.com,Male,8941428912,France,1987-09-09
3291,Sahil,Chauhan,sahil.chauhan3291@yahoo.com,Female,8758846107,South Africa,1984-06-04
3292,Kiran,Das,kiran.das3292@gmail.com,Female,8408431218,United States,1982-04-20
3293,Tarun,Ghosh,tarun.ghosh3293@example.com,Female,6790407441,UAE,1987-03-01
3294,Tarun,Nair,tarun.nair3294@outlook.com,Female,8399401961,Germany,2005-10-11
3295,Sunita,Sharma,sunita.sharma3295@outlook.com,Female,7841000704,United Kingdom,1995-03-20
3296,Aanya,Prasad,aanya.prasad3296@example.com,Male,9392472071,Brazil,1979-12-03
3297,Isha,Ghosh,isha.ghosh3297@outlook.com,Female,9914621489,Canada,1999-08-13
3298,Karthik,Mehta,karthik.mehta3298@example.com,Male,9408721419,South Africa,1988-03-10
3299,Karthik,Reddy,karthik.reddy3299@yahoo.com,Female,8968731834,India,1972-06-05
3300,Isha,Yadav,isha.yadav3300@mail.com,Male,7272950373,France,1967-06-19
3301,Rohan,Verma,rohan.verma3301@example.com,Male,7842325945,France,1985-09-27
3302,Ananya,Khan,ananya.khan3302@yahoo.com,Female,8433535886,South Africa,1972-06-16
3303,Tarun,Iyer,tarun.iyer3303@outlook.com,Female,9586750531,South Africa,1999-02-03
3304,Riya,Khan,riya.khan3304@yahoo.com,Female,7771885320,Australia,1971-05-17
3305,Riya,Gupta,riya.gupta3305@example.com,Male,8572853193,Germany,1980-09-27
3306,Pooja,Agarwal,pooja.agarwal3306@yahoo.com,Male,9225349025,Australia,1991-07-22
3307,Nisha,Kashyap,nisha.kashyap3307@mail.com,Male,9863220164,India,2004-05-24
3308,Kavya,Bhatia,kavya.bhatia3308@example.com,Male,7453629855,Canada,1986-01-31
3309,Kiran,Prasad,kiran.prasad3309@mail.com,Male,7648311348,South Africa,1975-09-26
3310,Maya,Nair,maya.nair3310@gmail.com,Male,9061743719,Germany,1976-08-11
3311,Arjun,Singh,arjun.singh3311@mail.com,Male,9766812720,UAE,1988-06-24
3312,Riya,Ghosh,riya.ghosh3312@outlook.com,Female,6172214741,France,1997-04-26
3313,Karthik,Patel,karthik.patel3313@example.com,Male,7804573988,Brazil,1980-02-01
3314,Mohit,Bhatia,mohit.bhatia3314@example.com,Male,6595142118,Brazil,1977-03-15
3315,Anil,Malhotra,anil.malhotra3315@yahoo.com,Male,8679173494,UAE,1995-10-26
3316,Tarun,Mehta,tarun.mehta3316@mail.com,Male,7092538254,UAE,1969-03-17
3317,Pooja,Ghosh,pooja.ghosh3317@gmail.com,Female,7083935936,Brazil,1966-09-20
3318,Aanya,Trivedi,aanya.trivedi3318@outlook.com,Male,8814964553,United States,2000-10-24
3319,Riya,Malhotra,riya.malhotra3319@yahoo.com,Male,7710342878,France,1968-08-02
3320,Vihaan,Ghosh,vihaan.ghosh3320@gmail.com,Female,8622512158,Canada,1967-06-07
3321,Maya,Ghosh,maya.ghosh3321@yahoo.com,Female,6267202821,South Africa,1998-08-11
3322,Tarun,Joshi,tarun.joshi3322@outlook.com,Female,7740638515,Canada,1978-12-29
3323,Aditya,Pillai,aditya.pillai3323@gmail.com,Male,7047009323,UAE,2006-01-09
3324,Kavya,Gupta,kavya.gupta3324@example.com,Female,9514243163,France,1974-12-17
3325,Myra,Shah,myra.shah3325@example.com,Male,8570801062,UAE,1994-12-28
3326,Arjun,Pillai,arjun.pillai3326@outlook.com,Male,6614551072,UAE,1980-05-30
3327,Ritu,Prasad,ritu.prasad3327@example.com,Male,6039950480,UAE,2006-05-22
3328,Isha,Gupta,isha.gupta3328@example.com,Male,7705945526,France,1978-08-06
3329,Vihaan,Menon,vihaan.menon3329@mail.com,Male,8986618895,United States,1993-03-02
3330,Ananya,Khan,ananya.khan3330@mail.com,Female,9975875369,Australia,1982-06-03
3331,Diya,Naidu,diya.naidu3331@yahoo.com,Female,7865030105,South Africa,2001-02-03
3332,Rohan,Gupta,rohan.gupta3332@example.com,Male,9012400865,South Africa,1995-01-27
3333,Priya,Bhatia,priya.bhatia3333@example.com,Female,9630253307,United Kingdom,1972-10-01
3334,Sara,Ghosh,sara.ghosh3334@outlook.com,Female,6639196874,United Kingdom,1972-12-07
3335,Sara,Khan,sara.khan3335@mail.com,Male,6539204425,France,1977-11-08
3336,Sai,Naidu,sai.naidu3336@yahoo.com,Male,6540265833,India,1983-05-17
3337,Kiran,Malhotra,kiran.malhotra3337@mail.com,Male,7048656873,India,1973-06-16
3338,Sunita,Prasad,sunita.prasad3338@mail.com,Female,6698833536,Germany,2002-12-21
3339,Pooja,Bhatt,pooja.bhatt3339@gmail.com,Male,6031712405,UAE,1983-05-27
3340,Priya,Gupta,priya.gupta3340@mail.com,Female,7368238507,UAE,2001-03-24
3341,Arjun,Iyer,arjun.iyer3341@gmail.com,Male,9349406864,India,2000-06-23
3342,Kiran,Yadav,kiran.yadav3342@yahoo.com,Female,8802282735,Brazil,1987-12-14
3343,Arjun,Nair,arjun.nair3343@example.com,Male,9644608231,India,1998-03-15
3344,Pooja,Chauhan,pooja.chauhan3344@outlook.com,Male,9481637246,Brazil,1984-06-28
3345,Ritu,Iyer,ritu.iyer3345@example.com,Female,6142558779,Brazil,1991-12-05
3346,Myra,Iyer,myra.iyer3346@gmail.com,Female,9459074818,South Africa,1987-10-21
3347,Sunita,Shah,sunita.shah3347@outlook.com,Male,8951946163,Australia,2002-09-23
3348,Mohit,Shah,mohit.shah3348@outlook.com,Female,8369909158,Brazil,1966-03-27
3349,Karthik,Bhatia,karthik.bhatia3349@mail.com,Male,6890323433,India,1999-03-06
3350,Karthik,Kashyap,karthik.kashyap3350@example.com,Male,8555034363,Germany,1999-12-20
3351,Aanya,Iyer,aanya.iyer3351@example.com,Male,9437863717,United States,1969-05-20
3352,Krishna,Menon,krishna.menon3352@mail.com,Female,8767872539,Brazil,1992-10-28
3353,Kiran,Ghosh,kiran.ghosh3353@mail.com,Female,7382189461,India,2007-05-24
3354,Vihaan,Sharma,vihaan.sharma3354@mail.com,Female,7390841859,UAE,1982-12-11
3355,Karthik,Singh,karthik.singh3355@mail.com,Female,6860134741,South Africa,1977-09-18
3356,Sunita,Naidu,sunita.naidu3356@outlook.com,Female,6802910531,UAE,2004-10-22
3357,Sai,Iyer,sai.iyer3357@yahoo.com,Male,6526035936,United States,1973-09-17
3358,Kiran,Kapoor,kiran.kapoor3358@mail.com,Female,6265023326,India,1998-01-27
3359,Reyansh,Bhatt,reyansh.bhatt3359@yahoo.com,Female,7545123033,Australia,1991-04-17
3360,Sunita,Agarwal,sunita.agarwal3360@yahoo.com,Male,8479307114,South Africa,1967-04-08
3361,Ritu,Kashyap,ritu.kashyap3361@outlook.com,Female,7461460367,India,2001-11-09
3362,Myra,Trivedi,myra.trivedi3362@gmail.com,Female,8106886606,United Kingdom,1969-02-14
3363,Sunita,Menon,sunita.menon3363@example.com,Male,9838441525,Brazil,1991-01-23
3364,Nisha,Sharma,nisha.sharma3364@example.com,Female,6629517287,France,1979-03-02
3365,Kiran,Bhatt,kiran.bhatt3365@yahoo.com,Female,9830429218,South Africa,1996-07-07
3366,Isha,Bhatt,isha.bhatt3366@gmail.com,Female,7476620411,Australia,1999-09-26
3367,Sneha,Khan,sneha.khan3367@mail.com,Female,7545462583,India,1977-07-28
3368,Pooja,Bose,pooja.bose3368@outlook.com,Female,8064270711,United States,1994-05-10
3369,Vihaan,Bhatia,vihaan.bhatia3369@outlook.com,Male,7542983664,India,1995-06-12
3370,Krishna,Pillai,krishna.pillai3370@yahoo.com,Female,7484824050,Germany,1997-08-25
3371,Ananya,Roy,ananya.roy3371@mail.com,Female,7775238865,United States,2002-01-21
3372,Aarav,Malhotra,aarav.malhotra3372@mail.com,Male,9038269075,France,1988-02-16
3373,Sahil,Kumar,sahil.kumar3373@yahoo.com,Female,6617926716,France,1987-05-22
3374,Arjun,Bhatia,arjun.bhatia3374@mail.com,Male,9808731480,France,1979-04-21
3375,Arjun,Kumar,arjun.kumar3375@example.com,Female,6381380252,UAE,1975-07-26
3376,Maya,Roy,maya.roy3376@mail.com,Male,6310680260,France,1995-11-12
3377,Maya,Verma,maya.verma3377@gmail.com,Male,7575498746,Canada,1983-03-16
3378,Karthik,Kapoor,karthik.kapoor3378@example.com,Female,8329182476,Germany,1977-07-05
3379,Karthik,Trivedi,karthik.trivedi3379@gmail.com,Female,8898583692,Brazil,1977-07-02
3380,Pooja,Kashyap,pooja.kashyap3380@gmail.com,Male,9194806062,Germany,1994-09-18
3381,Nisha,Prasad,nisha.prasad3381@yahoo.com,Male,7600438704,South Africa,1969-06-30
3382,Aanya,Menon,aanya.menon3382@mail.com,Female,6318379030,United States,1983-01-05
3383,Ritu,Shah,ritu.shah3383@mail.com,Female,7374351576,Canada,1993-04-17
3384,Mohit,Menon,mohit.menon3384@example.com,Male,8401669057,France,1996-03-15
3385,Sahil,Khan,sahil.khan3385@outlook.com,Male,9787925929,South Africa,1974-08-04
3386,Isha,Agarwal,isha.agarwal3386@gmail.com,Male,8195058150,Germany,1999-07-17
3387,Diya,Menon,diya.menon3387@gmail.com,Female,7805517859,Australia,2007-06-21
3388,Kiran,Naidu,kiran.naidu3388@gmail.com,Female,9296920274,Canada,1995-11-17
3389,Sai,Yadav,sai.yadav3389@gmail.com,Female,7102672548,United States,1974-02-23
3390,Sara,Prasad,sara.prasad3390@mail.com,Male,7217798255,UAE,1999-11-14
3391,Anil,Nair,anil.nair3391@example.com,Female,8859686088,United States,1988-09-06
3392,Rohan,Chauhan,rohan.chauhan3392@mail.com,Female,6492738344,Brazil,1985-10-13
3393,Kavya,Shah,kavya.shah3393@gmail.com,Male,7313977038,Canada,1972-02-11
3394,Tarun,Yadav,tarun.yadav3394@example.com,Male,6605465699,United States,1996-01-18
3395,Aanya,Bose,aanya.bose3395@outlook.com,Female,7952812817,South Africa,1988-11-22
3396,Karthik,Kumar,karthik.kumar3396@mail.com,Female,9560569274,France,1983-12-23
3397,Riya,Verma,riya.verma3397@example.com,Male,7528570722,India,1972-02-06
3398,Vihaan,Yadav,vihaan.yadav3398@example.com,Male,6114349784,UAE,1985-05-17
3399,Aarav,Iyer,aarav.iyer3399@example.com,Male,7650719233,Brazil,1995-07-08
3400,Mohit,Bose,mohit.bose3400@gmail.com,Male,8079153268,Germany,1995-04-23
3401,Sai,Kapoor,sai.kapoor3401@example.com,Female,9494158800,Germany,1982-04-19
3402,Aanya,Verma,aanya.verma3402@outlook.com,Male,9858808092,Germany,1967-07-28
3403,Isha,Gupta,isha.gupta3403@yahoo.com,Female,6777140789,France,1977-04-07
3404,Vivaan,Patel,vivaan.patel3404@outlook.com,Male,7024395926,South Africa,1986-04-29
3405,Anil,Iyer,anil.iyer3405@outlook.com,Female,8773377108,United Kingdom,1981-01-04
3406,Sai,Kashyap,sai.kashyap3406@mail.com,Male,8689772992,India,1987-03-09
3407,Isha,Trivedi,isha.trivedi3407@gmail.com,Female,8124428534,Australia,1982-10-10
3408,Ritu,Ghosh,ritu.ghosh3408@outlook.com,Female,8757309210,France,1966-02-19
3409,Mohit,Verma,mohit.verma3409@outlook.com,Male,6334786885,India,1981-08-27
3410,Sunita,Naidu,sunita.naidu3410@yahoo.com,Female,9439773024,South Africa,1967-03-21
3411,Ananya,Iyer,ananya.iyer3411@outlook.com,Male,9948214556,United Kingdom,1984-03-24
3412,Reyansh,Naidu,reyansh.naidu3412@example.com,Male,9953575531,United Kingdom,1999-05-14
3413,Ritu,Patel,ritu.patel3413@example.com,Male,6909669597,Brazil,1979-02-17
3414,Aarav,Bose,aarav.bose3414@mail.com,Female,6186798222,Brazil,2002-01-06
3415,Sunita,Malhotra,sunita.malhotra3415@mail.com,Male,6336743227,UAE,2001-08-19
3416,Ananya,Joshi,ananya.joshi3416@outlook.com,Female,9004993939,India,1979-12-21
3417,Aarav,Chauhan,aarav.chauhan3417@mail.com,Female,7792302344,Australia,2001-10-10
3418,Kavya,Joshi,kavya.joshi3418@mail.com,Male,8303665508,Germany,1992-10-04
3419,Arjun,Malhotra,arjun.malhotra3419@mail.com,Male,7507770847,India,2000-01-18
3420,Aanya,Kashyap,aanya.kashyap3420@gmail.com,Male,7668439281,Germany,1997-04-17
3421,Sai,Bose,sai.bose3421@outlook.com,Male,6307123443,South Africa,1984-03-31
3422,Anil,Gupta,anil.gupta3422@example.com,Female,7539243777,UAE,2000-09-07
3423,Kiran,Menon,kiran.menon3423@yahoo.com,Male,7381158083,India,1996-10-26
3424,Myra,Joshi,myra.joshi3424@mail.com,Male,8055625529,South Africa,1988-01-12
3425,Ritu,Pillai,ritu.pillai3425@mail.com,Female,9588844528,UAE,1979-06-01
3426,Reyansh,Prasad,reyansh.prasad3426@mail.com,Female,8029818222,United Kingdom,1978-07-14
3427,Aanya,Bhatt,aanya.bhatt3427@outlook.com,Male,6193591301,India,1977-05-09
3428,Pooja,Pillai,pooja.pillai3428@example.com,Male,7417104473,Australia,1977-06-29
3429,Sunita,Kashyap,sunita.kashyap3429@yahoo.com,Male,7852491533,India,1973-11-13
3430,Riya,Ghosh,riya.ghosh3430@gmail.com,Female,6606314147,Australia,1968-08-14
3431,Ananya,Verma,ananya.verma3431@yahoo.com,Female,6789155567,South Africa,1988-11-10
3432,Aarav,Nair,aarav.nair3432@example.com,Female,7564581645,United Kingdom,1966-03-24
3433,Sunita,Bose,sunita.bose3433@yahoo.com,Male,6381234057,Canada,1992-11-23
3434,Krishna,Reddy,krishna.reddy3434@outlook.com,Female,7578878075,UAE,1985-08-23
3435,Riya,Sharma,riya.sharma3435@example.com,Female,8706338935,United States,1972-01-18
3436,Priya,Bose,priya.bose3436@yahoo.com,Male,8033563634,Brazil,1983-02-11
3437,Vivaan,Malhotra,vivaan.malhotra3437@gmail.com,Female,6870335704,UAE,1983-06-19
3438,Priya,Malhotra,priya.malhotra3438@example.com,Male,8420961787,Brazil,1984-01-03
3439,Sneha,Kashyap,sneha.kashyap3439@example.com,Male,6821782148,South Africa,1972-06-13
3440,Priya,Trivedi,priya.trivedi3440@gmail.com,Female,7892089397,Australia,1996-06-15
3441,Sunita,Trivedi,sunita.trivedi3441@gmail.com,Female,7566335198,India,1965-12-18
3442,Maya,Nair,maya.nair3442@mail.com,Female,8065522486,United States,2000-05-19
3443,Anil,Iyer,anil.iyer3443@example.com,Male,6100548103,France,1968-02-07
3444,Reyansh,Patel,reyansh.patel3444@gmail.com,Female,6339975691,Australia,1985-12-21
3445,Aanya,Mehta,aanya.mehta3445@mail.com,Male,8136721340,South Africa,2005-10-15
3446,Isha,Prasad,isha.prasad3446@outlook.com,Male,6441462109,India,2001-02-26
3447,Rohan,Prasad,rohan.prasad3447@outlook.com,Male,7853919910,United States,1997-08-28
3448,Sunita,Kumar,sunita.kumar3448@outlook.com,Male,7603765860,Canada,1995-06-04
3449,Ritu,Bose,ritu.bose3449@example.com,Male,8154901111,UAE,1976-02-05
3450,Sara,Verma,sara.verma3450@yahoo.com,Male,6439331917,South Africa,1991-03-09
3451,Kiran,Agarwal,kiran.agarwal3451@yahoo.com,Female,6552500415,UAE,2004-07-27
3452,Ananya,Nair,ananya.nair3452@gmail.com,Male,6000756077,United Kingdom,1971-11-05
3453,Ritu,Ghosh,ritu.ghosh3453@mail.com,Male,8569894650,United Kingdom,1979-04-15
3454,Sahil,Kapoor,sahil.kapoor3454@gmail.com,Male,6163037370,Brazil,1973-10-15
3455,Arjun,Roy,arjun.roy3455@outlook.com,Female,9300992714,Australia,1982-10-27
3456,Arjun,Naidu,arjun.naidu3456@gmail.com,Male,6283889198,India,1990-01-23
3457,Vihaan,Roy,vihaan.roy3457@example.com,Male,7273606605,Germany,1975-05-01
3458,Sara,Khan,sara.khan3458@gmail.com,Female,7152977250,South Africa,1994-09-19
3459,Kiran,Sharma,kiran.sharma3459@mail.com,Female,8153547944,Canada,1997-05-31
3460,Sara,Bhatt,sara.bhatt3460@mail.com,Male,7500077441,Australia,1978-02-13
3461,Diya,Nair,diya.nair3461@yahoo.com,Female,9449153498,South Africa,1990-04-25
3462,Mohit,Pillai,mohit.pillai3462@outlook.com,Female,9567356438,United States,1989-04-12
3463,Reyansh,Ghosh,reyansh.ghosh3463@example.com,Male,9826778657,United Kingdom,1983-10-15
3464,Vihaan,Bhatt,vihaan.bhatt3464@yahoo.com,Female,8788132479,Australia,1987-05-08
3465,Kavya,Iyer,kavya.iyer3465@outlook.com,Male,9350375809,South Africa,1969-08-26
3466,Ritu,Agarwal,ritu.agarwal3466@yahoo.com,Male,7317544002,United Kingdom,1987-01-13
3467,Reyansh,Verma,reyansh.verma3467@gmail.com,Female,7061589975,United Kingdom,1974-11-30
3468,Kavya,Agarwal,kavya.agarwal3468@outlook.com,Male,8185804234,UAE,1965-11-26
3469,Mohit,Bhatia,mohit.bhatia3469@mail.com,Male,9728360641,France,2002-06-26
3470,Myra,Singh,myra.singh3470@gmail.com,Female,6379113897,France,1986-04-07
3471,Sai,Kapoor,sai.kapoor3471@yahoo.com,Male,6565724430,Germany,1979-12-20
3472,Myra,Verma,myra.verma3472@outlook.com,Male,6791386342,Australia,1978-09-28
3473,Rohan,Yadav,rohan.yadav3473@yahoo.com,Female,7431127836,Germany,1991-08-04
3474,Isha,Verma,isha.verma3474@mail.com,Female,8437759259,Germany,1996-06-17
3475,Rohan,Bhatt,rohan.bhatt3475@yahoo.com,Female,6187292103,United Kingdom,1992-09-11
3476,Kiran,Bhatt,kiran.bhatt3476@gmail.com,Male,8890341059,Germany,1979-09-08
3477,Rohan,Pillai,rohan.pillai3477@mail.com,Female,8847184621,Germany,2007-09-13
3478,Sai,Khan,sai.khan3478@outlook.com,Female,8727606116,France,1982-07-31
3479,Nisha,Patel,nisha.patel3479@gmail.com,Female,9345876310,Germany,1972-07-30
3480,Rohan,Prasad,rohan.prasad3480@outlook.com,Male,9637615470,United Kingdom,1984-01-13
3481,Arjun,Prasad,arjun.prasad3481@mail.com,Male,9731005888,Australia,1970-03-07
3482,Reyansh,Kumar,reyansh.kumar3482@gmail.com,Female,7925517633,Canada,1968-08-28
3483,Mohit,Chauhan,mohit.chauhan3483@yahoo.com,Female,7121281616,India,1980-04-30
3484,Sneha,Khan,sneha.khan3484@gmail.com,Female,6066816299,Australia,2002-09-26
3485,Pooja,Yadav,pooja.yadav3485@outlook.com,Male,6187766255,Canada,1976-11-20
3486,Sahil,Singh,sahil.singh3486@gmail.com,Male,8932652500,Brazil,1979-06-15
3487,Krishna,Kapoor,krishna.kapoor3487@outlook.com,Female,6737599483,UAE,1987-10-14
3488,Maya,Patel,maya.patel3488@outlook.com,Male,8857422974,Canada,2006-05-20
3489,Krishna,Bose,krishna.bose3489@outlook.com,Female,7588501574,United States,1980-08-02
3490,Kiran,Menon,kiran.menon3490@example.com,Male,6585739608,United Kingdom,2003-08-27
3491,Arjun,Kapoor,arjun.kapoor3491@mail.com,Male,8365844506,Australia,1997-11-12
3492,Vivaan,Mehta,vivaan.mehta3492@outlook.com,Female,6085464183,France,2005-05-15
3493,Sneha,Khan,sneha.khan3493@mail.com,Male,8296893073,South Africa,1971-05-04
3494,Aarav,Sharma,aarav.sharma3494@mail.com,Female,7353643955,United States,1985-08-15
3495,Myra,Patel,myra.patel3495@example.com,Female,9695086564,Canada,1975-02-03
3496,Vivaan,Reddy,vivaan.reddy3496@outlook.com,Male,6316665769,United Kingdom,1983-12-29
3497,Aanya,Agarwal,aanya.agarwal3497@yahoo.com,Male,8626177976,United Kingdom,2005-06-05
3498,Aanya,Bose,aanya.bose3498@example.com,Male,7748039851,Australia,1966-10-20
3499,Vivaan,Das,vivaan.das3499@yahoo.com,Female,9646292722,Germany,1997-03-21
3500,Ritu,Pillai,ritu.pillai3500@yahoo.com,Male,7411367362,India,1973-11-12
3501,Isha,Kumar,isha.kumar3501@yahoo.com,Female,9528353295,United States,2006-02-05
3502,Karthik,Kumar,karthik.kumar3502@example.com,Male,7972942455,United States,2001-03-04
3503,Pooja,Verma,pooja.verma3503@outlook.com,Male,8895965434,UAE,1991-05-29
3504,Diya,Gupta,diya.gupta3504@yahoo.com,Male,7111083526,India,1966-11-18
3505,Myra,Shah,myra.shah3505@outlook.com,Female,7491591897,Germany,2001-03-29
3506,Riya,Bhatia,riya.bhatia3506@example.com,Female,8906932154,Canada,1981-10-23
3507,Aarav,Joshi,aarav.joshi3507@yahoo.com,Female,7077288322,South Africa,1968-08-05
3508,Ritu,Sharma,ritu.sharma3508@yahoo.com,Male,7667413920,Brazil,1992-06-18
3509,Pooja,Ghosh,pooja.ghosh3509@example.com,Male,8848182108,Germany,1978-11-16
3510,Sahil,Bhatt,sahil.bhatt3510@gmail.com,Male,7449456354,Australia,1993-12-30
3511,Reyansh,Nair,reyansh.nair3511@gmail.com,Male,7518173889,Canada,1973-05-01
3512,Aditya,Sharma,aditya.sharma3512@mail.com,Male,6940076678,Canada,1982-05-03
3513,Diya,Kapoor,diya.kapoor3513@outlook.com,Female,7097482920,United States,1978-09-25
3514,Riya,Reddy,riya.reddy3514@example.com,Female,8352573484,United Kingdom,1984-07-27
3515,Sunita,Iyer,sunita.iyer3515@yahoo.com,Female,9029032853,South Africa,1973-01-12
3516,Arjun,Chauhan,arjun.chauhan3516@outlook.com,Male,7060809888,UAE,1971-09-17
3517,Sai,Singh,sai.singh3517@outlook.com,Male,8420646168,Brazil,1985-03-26
3518,Pooja,Roy,pooja.roy3518@example.com,Female,6436081758,Australia,1983-02-20
3519,Kiran,Malhotra,kiran.malhotra3519@gmail.com,Male,9686205493,Canada,2006-09-08
3520,Riya,Naidu,riya.naidu3520@yahoo.com,Male,8061938814,United States,1965-10-29
3521,Nisha,Nair,nisha.nair3521@example.com,Female,6406162957,UAE,1988-03-19
3522,Krishna,Kumar,krishna.kumar3522@mail.com,Male,9045047665,Brazil,1970-11-12
3523,Aditya,Patel,aditya.patel3523@yahoo.com,Female,6601610117,UAE,1969-07-06
3524,Tarun,Shah,tarun.shah3524@gmail.com,Male,6017066188,United States,1974-05-03
3525,Sunita,Das,sunita.das3525@example.com,Female,9811003079,South Africa,1977-11-09
3526,Mohit,Prasad,mohit.prasad3526@mail.com,Female,6119480617,France,1981-07-09
3527,Sunita,Malhotra,sunita.malhotra3527@example.com,Male,9374683789,South Africa,1973-12-13
3528,Sahil,Iyer,sahil.iyer3528@example.com,Male,8639283789,Canada,1991-02-24
3529,Ritu,Patel,ritu.patel3529@example.com,Female,9843252954,United Kingdom,1993-11-24
3530,Sai,Kumar,sai.kumar3530@example.com,Male,6727545922,South Africa,1998-10-25
3531,Karthik,Patel,karthik.patel3531@gmail.com,Female,7031604024,Canada,1975-08-09
3532,Priya,Ghosh,priya.ghosh3532@yahoo.com,Female,9654657306,India,1982-02-28
3533,Riya,Das,riya.das3533@yahoo.com,Male,9997591392,Canada,2005-08-16
3534,Priya,Trivedi,priya.trivedi3534@gmail.com,Female,9238027826,Australia,1971-03-03
3535,Aanya,Roy,aanya.roy3535@outlook.com,Female,6777571695,South Africa,1977-07-27
3536,Krishna,Yadav,krishna.yadav3536@outlook.com,Male,7922453674,Australia,2003-12-25
3537,Mohit,Iyer,mohit.iyer3537@outlook.com,Female,9056131806,Brazil,1976-04-05
3538,Tarun,Shah,tarun.shah3538@outlook.com,Female,8884365069,UAE,2006-03-18
3539,Pooja,Bhatia,pooja.bhatia3539@example.com,Female,9868122033,United States,2006-07-25
3540,Ananya,Nair,ananya.nair3540@yahoo.com,Male,9517092394,United States,1995-09-12
3541,Kavya,Mehta,kavya.mehta3541@outlook.com,Male,9876667643,France,1971-10-16
3542,Nisha,Menon,nisha.menon3542@example.com,Male,6115986758,Brazil,2003-10-28
3543,Sahil,Khan,sahil.khan3543@gmail.com,Female,9474549780,United States,1971-09-08
3544,Rohan,Trivedi,rohan.trivedi3544@mail.com,Female,9156477999,United States,1972-09-12
3545,Maya,Nair,maya.nair3545@outlook.com,Male,9202369013,South Africa,1995-05-31
3546,Sneha,Chauhan,sneha.chauhan3546@outlook.com,Female,8908082456,United Kingdom,1975-12-10
3547,Aanya,Ghosh,aanya.ghosh3547@yahoo.com,Male,8047380167,Brazil,1988-01-30
3548,Rohan,Chauhan,rohan.chauhan3548@gmail.com,Female,6448814750,Canada,1981-01-08
3549,Aarav,Mehta,aarav.mehta3549@example.com,Female,9374160033,France,2007-10-07
3550,Sahil,Patel,sahil.patel3550@gmail.com,Male,9066855063,United Kingdom,2006-09-08
3551,Diya,Bhatia,diya.bhatia3551@mail.com,Female,8814515693,United States,1985-02-08
3552,Nisha,Nair,nisha.nair3552@mail.com,Female,8221865957,UAE,1969-04-19
3553,Ananya,Roy,ananya.roy3553@example.com,Female,8698642499,Brazil,1998-08-10
3554,Reyansh,Reddy,reyansh.reddy3554@yahoo.com,Female,9221917919,Australia,1968-09-27
3555,Krishna,Nair,krishna.nair3555@outlook.com,Male,9010644450,Australia,1966-09-27
3556,Karthik,Gupta,karthik.gupta3556@outlook.com,Female,9444671197,South Africa,1983-04-16
3557,Krishna,Patel,krishna.patel3557@yahoo.com,Female,8244644328,India,1991-02-14
3558,Vihaan,Trivedi,vihaan.trivedi3558@mail.com,Male,7319732113,United States,2006-12-17
3559,Diya,Shah,diya.shah3559@gmail.com,Male,7350985901,South Africa,1985-05-26
3560,Sai,Iyer,sai.iyer3560@outlook.com,Female,8806632270,India,1973-11-17
3561,Ananya,Mehta,ananya.mehta3561@gmail.com,Female,7927194602,United States,1989-12-01
3562,Rohan,Menon,rohan.menon3562@outlook.com,Female,9582713257,Germany,1969-02-05
3563,Sara,Prasad,sara.prasad3563@example.com,Female,6673518927,Brazil,2002-12-13
3564,Aanya,Singh,aanya.singh3564@mail.com,Female,9990734446,Brazil,1983-07-01
3565,Sara,Patel,sara.patel3565@mail.com,Female,6331196922,India,1989-03-04
3566,Krishna,Menon,krishna.menon3566@mail.com,Female,7233751585,South Africa,1986-08-11
3567,Kavya,Iyer,kavya.iyer3567@yahoo.com,Female,6372251897,United States,1990-04-25
3568,Krishna,Verma,krishna.verma3568@example.com,Male,7918627840,France,1977-06-09
3569,Krishna,Yadav,krishna.yadav3569@mail.com,Male,9452909567,France,1994-09-20
3570,Rohan,Mehta,rohan.mehta3570@mail.com,Female,6863426869,Canada,1982-09-26
3571,Nisha,Trivedi,nisha.trivedi3571@yahoo.com,Male,9045566466,Canada,1970-05-07
3572,Sunita,Prasad,sunita.prasad3572@outlook.com,Male,8715831207,South Africa,1984-04-26
3573,Myra,Kapoor,myra.kapoor3573@example.com,Female,9818863045,Germany,1993-01-01
3574,Myra,Kumar,myra.kumar3574@gmail.com,Male,9779552656,India,2001-07-01
3575,Aditya,Prasad,aditya.prasad3575@gmail.com,Male,8546098537,UAE,2005-05-04
3576,Kiran,Yadav,kiran.yadav3576@mail.com,Male,6899448394,Brazil,1969-06-10
3577,Sunita,Sharma,sunita.sharma3577@yahoo.com,Male,8670480105,UAE,1971-07-10
3578,Nisha,Yadav,nisha.yadav3578@outlook.com,Female,8788126455,South Africa,1992-06-26
3579,Sneha,Chauhan,sneha.chauhan3579@gmail.com,Female,6584673506,Germany,1989-06-16
3580,Riya,Iyer,riya.iyer3580@example.com,Male,6048285663,Canada,2006-10-25
3581,Kavya,Bose,kavya.bose3581@yahoo.com,Female,8389410384,Canada,1987-08-08
3582,Rohan,Gupta,rohan.gupta3582@yahoo.com,Male,6275245310,Canada,1988-10-22
3583,Arjun,Yadav,arjun.yadav3583@outlook.com,Male,6130635196,UAE,2003-11-18
3584,Pooja,Shah,pooja.shah3584@mail.com,Female,6111319359,United States,2005-05-14
3585,Krishna,Trivedi,krishna.trivedi3585@outlook.com,Female,7111250135,UAE,1966-02-20
3586,Diya,Yadav,diya.yadav3586@example.com,Female,8719154333,Australia,1997-08-13
3587,Maya,Agarwal,maya.agarwal3587@gmail.com,Male,8154832082,United Kingdom,2001-11-16
3588,Anil,Iyer,anil.iyer3588@mail.com,Male,8418623910,South Africa,1998-10-12
3589,Arjun,Verma,arjun.verma3589@gmail.com,Female,6072743074,South Africa,2000-05-01
3590,Pooja,Bhatia,pooja.bhatia3590@gmail.com,Female,8318328088,South Africa,1971-09-14
3591,Sahil,Naidu,sahil.naidu3591@outlook.com,Male,8521991107,United States,1970-10-15
3592,Reyansh,Bhatia,reyansh.bhatia3592@outlook.com,Female,9835313544,India,2007-01-23
3593,Pooja,Ghosh,pooja.ghosh3593@outlook.com,Male,6517000253,France,1997-11-29
3594,Priya,Mehta,priya.mehta3594@outlook.com,Female,6121289463,United States,1977-08-18
3595,Ritu,Pillai,ritu.pillai3595@gmail.com,Female,8168044947,South Africa,2007-08-20
3596,Tarun,Menon,tarun.menon3596@yahoo.com,Female,6517272575,India,1974-03-19
3597,Nisha,Singh,nisha.singh3597@outlook.com,Male,9237795598,United States,1982-02-09
3598,Reyansh,Kapoor,reyansh.kapoor3598@mail.com,Male,6860555877,United States,1984-07-04
3599,Ananya,Gupta,ananya.gupta3599@example.com,Male,7494822157,United States,1987-08-05
3600,Vihaan,Pillai,vihaan.pillai3600@yahoo.com,Male,7565506817,Canada,2002-06-15
3601,Karthik,Kapoor,karthik.kapoor3601@gmail.com,Female,6935793025,United Kingdom,1971-11-04
3602,Maya,Malhotra,maya.malhotra3602@gmail.com,Female,6916523694,United States,2007-06-01
3603,Pooja,Bhatt,pooja.bhatt3603@example.com,Male,7905678603,India,1970-01-03
3604,Kiran,Shah,kiran.shah3604@example.com,Female,6698672385,Canada,2002-06-29
3605,Diya,Pillai,diya.pillai3605@outlook.com,Male,7422639528,Canada,1986-10-14
3606,Krishna,Gupta,krishna.gupta3606@gmail.com,Female,8889112323,United Kingdom,1990-07-25
3607,Sahil,Roy,sahil.roy3607@example.com,Female,6794399352,South Africa,1990-02-03
3608,Pooja,Gupta,pooja.gupta3608@yahoo.com,Female,7872114238,France,1988-10-07
3609,Vivaan,Agarwal,vivaan.agarwal3609@example.com,Male,9194476993,Brazil,1973-02-01
3610,Nisha,Nair,nisha.nair3610@yahoo.com,Male,6569041422,UAE,1966-03-07
3611,Aditya,Agarwal,aditya.agarwal3611@yahoo.com,Male,6301693930,UAE,1995-04-18
3612,Mohit,Bhatia,mohit.bhatia3612@yahoo.com,Female,8117974114,Brazil,1987-03-24
3613,Karthik,Pillai,karthik.pillai3613@yahoo.com,Male,9962680462,UAE,1979-11-27
3614,Kavya,Iyer,kavya.iyer3614@yahoo.com,Male,8940480805,Australia,1979-02-18
3615,Sara,Patel,sara.patel3615@gmail.com,Male,8524760730,United States,2007-06-21
3616,Mohit,Mehta,mohit.mehta3616@example.com,Male,8282694612,United Kingdom,1989-10-17
3617,Karthik,Patel,karthik.patel3617@outlook.com,Male,7913018381,South Africa,1985-07-28
3618,Diya,Malhotra,diya.malhotra3618@yahoo.com,Female,9720320015,South Africa,1979-05-01
3619,Pooja,Verma,pooja.verma3619@outlook.com,Male,9622163811,Brazil,1975-09-24
3620,Nisha,Pillai,nisha.pillai3620@example.com,Male,6602057239,Germany,1985-05-30
3621,Myra,Nair,myra.nair3621@mail.com,Male,8631219177,United Kingdom,2006-07-07
3622,Kiran,Bose,kiran.bose3622@outlook.com,Male,7742914884,UAE,1972-12-24
3623,Kiran,Pillai,kiran.pillai3623@example.com,Female,6595843113,Canada,2004-06-16
3624,Ananya,Menon,ananya.menon3624@yahoo.com,Male,9463815515,Brazil,2007-06-25
3625,Sneha,Reddy,sneha.reddy3625@outlook.com,Female,6492732344,Australia,1989-05-02
3626,Vihaan,Shah,vihaan.shah3626@outlook.com,Male,7640172524,UAE,1968-08-23
3627,Sahil,Pillai,sahil.pillai3627@outlook.com,Male,7847986262,United States,1967-07-08
3628,Kavya,Pillai,kavya.pillai3628@outlook.com,Female,8034538722,United States,1971-03-16
3629,Pooja,Patel,pooja.patel3629@gmail.com,Male,8864556707,India,1977-04-02
3630,Ritu,Verma,ritu.verma3630@yahoo.com,Male,8619728311,Australia,1981-03-10
3631,Sara,Patel,sara.patel3631@outlook.com,Male,8848443363,Brazil,1970-09-18
3632,Kiran,Bhatt,kiran.bhatt3632@outlook.com,Male,6037284397,Canada,2000-07-28
3633,Rohan,Trivedi,rohan.trivedi3633@outlook.com,Male,6593909354,Germany,1983-04-09
3634,Sneha,Shah,sneha.shah3634@mail.com,Female,6870080192,United States,1992-01-18
3635,Ritu,Pillai,ritu.pillai3635@gmail.com,Male,8596170798,Australia,2005-07-24
3636,Vihaan,Singh,vihaan.singh3636@mail.com,Female,7918382373,France,1998-08-23
3637,Isha,Pillai,isha.pillai3637@outlook.com,Male,6263097224,United States,1968-12-20
3638,Sunita,Patel,sunita.patel3638@gmail.com,Male,6602245028,Germany,1983-05-23
3639,Maya,Kumar,maya.kumar3639@yahoo.com,Male,7846191733,South Africa,2005-09-28
3640,Sahil,Naidu,sahil.naidu3640@gmail.com,Female,7782879171,United States,1995-09-07
3641,Sahil,Kumar,sahil.kumar3641@example.com,Male,8801597658,United States,2006-04-18
3642,Ritu,Gupta,ritu.gupta3642@outlook.com,Male,9092117010,Brazil,1971-08-30
3643,Sahil,Kapoor,sahil.kapoor3643@outlook.com,Female,7827594151,South Africa,1967-08-09
3644,Priya,Gupta,priya.gupta3644@outlook.com,Male,6468982622,Brazil,2002-07-07
3645,Riya,Gupta,riya.gupta3645@yahoo.com,Female,6516984683,Canada,2004-09-22
3646,Mohit,Das,mohit.das3646@example.com,Female,9705976508,South Africa,2003-05-08
3647,Isha,Malhotra,isha.malhotra3647@example.com,Male,9850691453,UAE,1992-05-11
3648,Vivaan,Joshi,vivaan.joshi3648@example.com,Female,6846593016,United States,1968-06-01
3649,Aarav,Nair,aarav.nair3649@mail.com,Female,9215212830,UAE,1994-05-09
3650,Sunita,Bhatia,sunita.bhatia3650@outlook.com,Male,8793418396,South Africa,1988-11-24
3651,Sneha,Kashyap,sneha.kashyap3651@outlook.com,Female,9882275913,France,1974-07-06
3652,Mohit,Khan,mohit.khan3652@mail.com,Male,8402797967,South Africa,1984-12-03
3653,Tarun,Verma,tarun.verma3653@mail.com,Female,7820933330,UAE,2003-12-13
3654,Priya,Patel,priya.patel3654@example.com,Female,8505873799,France,1993-05-24
3655,Pooja,Pillai,pooja.pillai3655@gmail.com,Male,8729371382,Canada,1969-01-31
3656,Riya,Yadav,riya.yadav3656@gmail.com,Female,8347294568,South Africa,1982-03-31
3657,Isha,Bose,isha.bose3657@gmail.com,Male,9093850624,Brazil,1990-12-28
3658,Ananya,Ghosh,ananya.ghosh3658@outlook.com,Female,9107968029,India,1997-03-08
3659,Isha,Nair,isha.nair3659@mail.com,Female,9348989432,Canada,1967-02-03
3660,Aditya,Shah,aditya.shah3660@outlook.com,Female,7918316315,South Africa,2002-04-02
3661,Ananya,Bhatt,ananya.bhatt3661@mail.com,Male,7734544521,India,1996-07-28
3662,Pooja,Sharma,pooja.sharma3662@outlook.com,Male,6467289496,United States,1980-02-26
3663,Mohit,Pillai,mohit.pillai3663@outlook.com,Male,7682385019,India,1977-08-19
3664,Sahil,Mehta,sahil.mehta3664@outlook.com,Male,7043554509,United Kingdom,1997-12-07
3665,Kiran,Gupta,kiran.gupta3665@yahoo.com,Male,8971372598,Australia,1988-12-22
3666,Sara,Kumar,sara.kumar3666@mail.com,Male,7736127304,UAE,1978-04-20
3667,Krishna,Reddy,krishna.reddy3667@outlook.com,Female,6942959938,United Kingdom,1999-06-15
3668,Vihaan,Nair,vihaan.nair3668@outlook.com,Male,7134603884,Brazil,1986-03-11
3669,Aanya,Pillai,aanya.pillai3669@example.com,Male,8806018284,United States,2005-08-18
3670,Anil,Bhatia,anil.bhatia3670@mail.com,Male,7624337069,South Africa,1990-05-05
3671,Sunita,Prasad,sunita.prasad3671@yahoo.com,Female,7040384032,Australia,1996-10-30
3672,Ritu,Das,ritu.das3672@example.com,Female,8700060498,Brazil,2001-07-03
3673,Kavya,Prasad,kavya.prasad3673@gmail.com,Female,6636167808,South Africa,2005-07-16
3674,Karthik,Sharma,karthik.sharma3674@outlook.com,Male,8803889001,United Kingdom,1992-11-21
3675,Maya,Nair,maya.nair3675@yahoo.com,Male,7749497746,UAE,1997-11-19
3676,Reyansh,Bose,reyansh.bose3676@gmail.com,Male,8580686221,India,1992-05-23
3677,Sara,Patel,sara.patel3677@example.com,Female,6412130401,UAE,1991-12-21
3678,Sahil,Kapoor,sahil.kapoor3678@outlook.com,Female,8420597820,France,1975-09-15
3679,Diya,Nair,diya.nair3679@mail.com,Male,9567262250,South Africa,1998-10-05
3680,Anil,Ghosh,anil.ghosh3680@outlook.com,Female,7246468489,South Africa,1992-06-29
3681,Kavya,Gupta,kavya.gupta3681@example.com,Female,9150963103,United States,1969-08-14
3682,Myra,Trivedi,myra.trivedi3682@gmail.com,Male,6607696155,United Kingdom,1998-06-16
3683,Riya,Prasad,riya.prasad3683@example.com,Male,7185394143,Germany,1976-07-27
3684,Maya,Shah,maya.shah3684@gmail.com,Female,6344788014,India,1987-12-14
3685,Diya,Singh,diya.singh3685@gmail.com,Female,8406546598,United States,2000-09-18
3686,Aditya,Menon,aditya.menon3686@gmail.com,Male,9100483562,Australia,2000-12-26
3687,Reyansh,Gupta,reyansh.gupta3687@example.com,Female,9337364364,South Africa,1990-01-09
3688,Vivaan,Bhatt,vivaan.bhatt3688@gmail.com,Female,8773449790,United States,1987-03-15
3689,Myra,Naidu,myra.naidu3689@gmail.com,Female,9667601737,UAE,1996-06-15
3690,Aditya,Gupta,aditya.gupta3690@outlook.com,Female,8428052150,Brazil,1991-02-28
3691,Reyansh,Patel,reyansh.patel3691@gmail.com,Male,7288582162,India,1972-01-20
3692,Kavya,Agarwal,kavya.agarwal3692@example.com,Female,9575638101,France,2005-08-23
3693,Tarun,Patel,tarun.patel3693@outlook.com,Female,8755670224,United States,1972-06-25
3694,Mohit,Prasad,mohit.prasad3694@mail.com,Male,7178923322,United Kingdom,2006-03-03
3695,Krishna,Nair,krishna.nair3695@mail.com,Male,7539278833,Brazil,2001-10-27
3696,Anil,Pillai,anil.pillai3696@mail.com,Female,6567128059,United States,1971-01-05
3697,Sara,Patel,sara.patel3697@outlook.com,Female,8822921962,India,1987-01-16
3698,Kiran,Bose,kiran.bose3698@example.com,Female,9549537080,Canada,1983-07-10
3699,Nisha,Shah,nisha.shah3699@yahoo.com,Male,8449552810,Germany,1994-04-29
3700,Aarav,Kapoor,aarav.kapoor3700@yahoo.com,Male,6990807176,Brazil,1968-07-11
3701,Mohit,Patel,mohit.patel3701@outlook.com,Female,9732413785,Germany,1980-11-08
3702,Riya,Nair,riya.nair3702@yahoo.com,Female,7484861540,Canada,1986-10-10
3703,Arjun,Yadav,arjun.yadav3703@gmail.com,Female,7096207596,India,1967-11-29
3704,Maya,Kashyap,maya.kashyap3704@outlook.com,Male,9694436033,France,1972-07-18
3705,Sunita,Shah,sunita.shah3705@mail.com,Female,9177504452,France,1972-06-28
3706,Kiran,Gupta,kiran.gupta3706@example.com,Male,6119826988,Australia,1990-07-27
3707,Kiran,Mehta,kiran.mehta3707@outlook.com,Female,7890788305,Germany,1994-04-12
3708,Aditya,Menon,aditya.menon3708@example.com,Female,9722942913,Brazil,2007-09-02
3709,Isha,Verma,isha.verma3709@gmail.com,Female,6098634754,Australia,1968-09-28
3710,Reyansh,Chauhan,reyansh.chauhan3710@mail.com,Male,7599846313,United Kingdom,1992-08-11
3711,Isha,Menon,isha.menon3711@yahoo.com,Female,6922513151,Germany,1967-12-28
3712,Isha,Chauhan,isha.chauhan3712@example.com,Female,7998119591,France,1992-11-10
3713,Aanya,Das,aanya.das3713@yahoo.com,Female,8807745480,United States,1971-11-22
3714,Aanya,Patel,aanya.patel3714@yahoo.com,Male,8713584433,Canada,1983-07-06
3715,Reyansh,Roy,reyansh.roy3715@example.com,Female,7945612594,Brazil,1981-08-24
3716,Mohit,Nair,mohit.nair3716@gmail.com,Male,9378990719,Australia,1993-09-01
3717,Nisha,Naidu,nisha.naidu3717@gmail.com,Female,8588504476,Brazil,1972-05-11
3718,Isha,Nair,isha.nair3718@gmail.com,Male,9750101771,Australia,1972-04-13
3719,Vivaan,Kashyap,vivaan.kashyap3719@example.com,Male,8803309670,Brazil,1983-07-19
3720,Kiran,Singh,kiran.singh3720@example.com,Male,7036467994,United Kingdom,1966-02-13
3721,Arjun,Iyer,arjun.iyer3721@outlook.com,Female,9980260455,United Kingdom,1975-10-26
3722,Anil,Trivedi,anil.trivedi3722@yahoo.com,Female,8077033090,United States,2004-09-13
3723,Pooja,Chauhan,pooja.chauhan3723@mail.com,Female,8539637355,France,1984-07-20
3724,Ritu,Chauhan,ritu.chauhan3724@outlook.com,Female,7854609815,India,1977-06-19
3725,Ananya,Malhotra,ananya.malhotra3725@outlook.com,Male,9175330520,United States,1988-11-08
3726,Aanya,Kumar,aanya.kumar3726@outlook.com,Female,9581138859,Germany,1975-01-08
3727,Anil,Khan,anil.khan3727@mail.com,Male,6352368518,United Kingdom,1979-05-23
3728,Krishna,Kashyap,krishna.kashyap3728@mail.com,Male,6122268511,United Kingdom,1973-10-12
3729,Reyansh,Sharma,reyansh.sharma3729@example.com,Female,9785507615,Australia,1973-09-02
3730,Riya,Yadav,riya.yadav3730@example.com,Female,9094313780,UAE,1997-09-26
3731,Sahil,Chauhan,sahil.chauhan3731@yahoo.com,Male,9693248022,Canada,1969-05-02
3732,Diya,Reddy,diya.reddy3732@outlook.com,Female,8504764922,Australia,1972-12-24
3733,Rohan,Reddy,rohan.reddy3733@example.com,Female,8007870097,Brazil,1999-12-25
3734,Mohit,Sharma,mohit.sharma3734@mail.com,Male,7189425177,Germany,1998-12-12
3735,Diya,Malhotra,diya.malhotra3735@mail.com,Male,7023459735,Brazil,1990-01-25
3736,Sahil,Ghosh,sahil.ghosh3736@gmail.com,Female,9899351651,Australia,1994-05-12
3737,Sara,Sharma,sara.sharma3737@mail.com,Female,7343219600,Australia,1998-08-07
3738,Reyansh,Bhatia,reyansh.bhatia3738@example.com,Male,9675273684,Australia,1989-06-28
3739,Kiran,Menon,kiran.menon3739@mail.com,Male,9151873765,Canada,1967-09-19
3740,Diya,Kashyap,diya.kashyap3740@example.com,Male,9946348753,France,1994-10-30
3741,Karthik,Reddy,karthik.reddy3741@outlook.com,Female,8432867122,UAE,1984-05-02
3742,Tarun,Kashyap,tarun.kashyap3742@mail.com,Male,9943099856,South Africa,1971-05-13
3743,Kavya,Bhatia,kavya.bhatia3743@gmail.com,Male,7158329974,United Kingdom,1988-12-16
3744,Priya,Agarwal,priya.agarwal3744@yahoo.com,Male,7006272972,Canada,1969-07-26
3745,Aanya,Yadav,aanya.yadav3745@example.com,Female,8180491436,UAE,1975-09-03
3746,Aarav,Bhatia,aarav.bhatia3746@yahoo.com,Male,8891285923,United States,1992-08-27
3747,Kavya,Naidu,kavya.naidu3747@mail.com,Male,7620636915,India,1988-02-18
3748,Arjun,Prasad,arjun.prasad3748@outlook.com,Male,6051453931,Canada,1981-04-07
3749,Riya,Bhatia,riya.bhatia3749@outlook.com,Male,9203967199,France,1976-08-29
3750,Sneha,Shah,sneha.shah3750@outlook.com,Female,9012057190,South Africa,2006-02-19
3751,Diya,Naidu,diya.naidu3751@gmail.com,Male,9562070900,United Kingdom,1990-11-02
3752,Kavya,Menon,kavya.menon3752@example.com,Male,9783563960,India,1978-10-16
3753,Sunita,Shah,sunita.shah3753@mail.com,Male,7436847540,United States,1969-11-06
3754,Vihaan,Bhatia,vihaan.bhatia3754@gmail.com,Male,8623076451,South Africa,1974-08-06
3755,Riya,Kapoor,riya.kapoor3755@outlook.com,Male,9799310062,UAE,1969-07-15
3756,Aanya,Mehta,aanya.mehta3756@example.com,Male,7500001829,Brazil,2002-11-15
3757,Pooja,Verma,pooja.verma3757@mail.com,Male,9609458892,India,1982-08-19
3758,Krishna,Shah,krishna.shah3758@mail.com,Male,6645800097,India,1998-04-03
3759,Nisha,Nair,nisha.nair3759@example.com,Male,6610345618,South Africa,1991-09-30
3760,Arjun,Joshi,arjun.joshi3760@mail.com,Female,9013738471,Brazil,1990-04-27
3761,Isha,Shah,isha.shah3761@example.com,Male,9182409656,Brazil,1980-01-25
3762,Aarav,Prasad,aarav.prasad3762@yahoo.com,Female,7891968201,South Africa,1987-04-09
3763,Pooja,Reddy,pooja.reddy3763@yahoo.com,Female,8481021132,Australia,1997-12-12
3764,Vivaan,Malhotra,vivaan.malhotra3764@outlook.com,Male,6378293199,United Kingdom,1970-08-22
3765,Isha,Prasad,isha.prasad3765@outlook.com,Male,6325582358,South Africa,1992-02-26
3766,Pooja,Kashyap,pooja.kashyap3766@outlook.com,Female,9585252805,Germany,1991-01-02
3767,Kiran,Menon,kiran.menon3767@example.com,Male,8387976978,Brazil,2001-02-16
3768,Anil,Das,anil.das3768@example.com,Female,9236948561,United States,1980-05-04
3769,Ritu,Iyer,ritu.iyer3769@example.com,Male,9840966182,South Africa,2004-06-12
3770,Nisha,Bhatt,nisha.bhatt3770@mail.com,Male,8719078577,Australia,1967-09-07
3771,Sahil,Chauhan,sahil.chauhan3771@outlook.com,Female,9078849743,South Africa,2005-08-14
3772,Ananya,Shah,ananya.shah3772@mail.com,Female,6032758732,Canada,1987-03-26
3773,Isha,Shah,isha.shah3773@outlook.com,Male,7107330946,South Africa,1982-12-16
3774,Riya,Prasad,riya.prasad3774@gmail.com,Female,6140791967,Brazil,1989-05-14
3775,Sai,Nair,sai.nair3775@yahoo.com,Female,8867928069,Brazil,1973-10-16
3776,Kiran,Ghosh,kiran.ghosh3776@example.com,Male,7242213172,Brazil,1994-06-17
3777,Pooja,Kumar,pooja.kumar3777@outlook.com,Female,8962868115,Australia,1975-01-21
3778,Karthik,Trivedi,karthik.trivedi3778@gmail.com,Male,7451187768,France,1976-01-22
3779,Tarun,Trivedi,tarun.trivedi3779@yahoo.com,Male,7161436721,Brazil,2006-08-12
3780,Ritu,Joshi,ritu.joshi3780@gmail.com,Female,9108859797,India,1995-02-15
3781,Sneha,Prasad,sneha.prasad3781@yahoo.com,Male,6056478520,India,1990-06-23
3782,Reyansh,Chauhan,reyansh.chauhan3782@yahoo.com,Female,9264181614,United Kingdom,1996-07-14
3783,Vihaan,Mehta,vihaan.mehta3783@example.com,Male,8888979396,South Africa,1976-12-02
3784,Priya,Yadav,priya.yadav3784@outlook.com,Male,6530941220,Australia,2007-01-16
3785,Sai,Gupta,sai.gupta3785@yahoo.com,Male,6024988338,South Africa,1972-11-05
3786,Sahil,Kapoor,sahil.kapoor3786@mail.com,Male,9678656810,Brazil,1976-07-29
3787,Krishna,Agarwal,krishna.agarwal3787@outlook.com,Male,6517915025,Germany,2005-09-06
3788,Aanya,Verma,aanya.verma3788@outlook.com,Male,7395171560,UAE,1981-02-10
3789,Vivaan,Mehta,vivaan.mehta3789@yahoo.com,Male,6739169010,France,2002-10-27
3790,Pooja,Khan,pooja.khan3790@yahoo.com,Male,8643295263,United Kingdom,1991-05-27
3791,Aanya,Iyer,aanya.iyer3791@yahoo.com,Male,9661647668,United States,1981-08-26
3792,Diya,Trivedi,diya.trivedi3792@mail.com,Male,7508397435,Brazil,2006-07-22
3793,Krishna,Joshi,krishna.joshi3793@example.com,Female,8541863931,Australia,2005-04-11
3794,Ananya,Joshi,ananya.joshi3794@gmail.com,Female,8708539004,UAE,1967-01-17
3795,Riya,Naidu,riya.naidu3795@outlook.com,Male,8702653438,UAE,2007-06-29
3796,Reyansh,Prasad,reyansh.prasad3796@gmail.com,Male,8282209205,UAE,1978-11-15
3797,Ritu,Roy,ritu.roy3797@mail.com,Female,7183110241,Canada,1994-03-16
3798,Mohit,Chauhan,mohit.chauhan3798@outlook.com,Male,6605775706,United Kingdom,1990-05-29
3799,Ananya,Ghosh,ananya.ghosh3799@gmail.com,Female,9646935586,Canada,1982-07-09
3800,Sunita,Das,sunita.das3800@gmail.com,Male,8964884556,France,1974-04-20
3801,Kiran,Khan,kiran.khan3801@outlook.com,Male,7503658955,Brazil,1993-11-08
3802,Vivaan,Chauhan,vivaan.chauhan3802@outlook.com,Female,7628575759,Brazil,1967-10-15
3803,Aditya,Mehta,aditya.mehta3803@mail.com,Male,8448053688,Brazil,1973-08-25
3804,Sara,Verma,sara.verma3804@yahoo.com,Male,7150965705,United Kingdom,1978-02-18
3805,Vivaan,Sharma,vivaan.sharma3805@outlook.com,Male,8555259959,Germany,2004-02-17
3806,Sunita,Verma,sunita.verma3806@outlook.com,Female,7695891721,Brazil,1970-05-27
3807,Aditya,Patel,aditya.patel3807@yahoo.com,Male,9255277421,United States,1986-09-21
3808,Ritu,Naidu,ritu.naidu3808@gmail.com,Male,9021428618,France,1985-10-01
3809,Krishna,Verma,krishna.verma3809@mail.com,Male,6584608898,United States,1977-04-12
3810,Vihaan,Bhatia,vihaan.bhatia3810@yahoo.com,Male,9645891480,UAE,1999-11-02
3811,Krishna,Sharma,krishna.sharma3811@yahoo.com,Male,9916774886,Australia,1992-12-02
3812,Kavya,Kashyap,kavya.kashyap3812@outlook.com,Male,8490036325,Canada,1973-11-17
3813,Anil,Sharma,anil.sharma3813@outlook.com,Female,9686050993,Canada,1988-05-15
3814,Pooja,Trivedi,pooja.trivedi3814@mail.com,Female,8944615854,France,1981-05-02
3815,Sneha,Malhotra,sneha.malhotra3815@outlook.com,Female,8759754072,United Kingdom,1999-11-18
3816,Krishna,Das,krishna.das3816@outlook.com,Female,9917354787,Brazil,1968-04-27
3817,Sara,Kashyap,sara.kashyap3817@mail.com,Male,8599641006,South Africa,1979-05-19
3818,Tarun,Agarwal,tarun.agarwal3818@example.com,Female,6572739136,Canada,1998-12-21
3819,Anil,Iyer,anil.iyer3819@yahoo.com,Male,9083303990,Germany,1992-04-23
3820,Anil,Reddy,anil.reddy3820@gmail.com,Male,8811056067,Germany,1995-05-01
3821,Rohan,Mehta,rohan.mehta3821@yahoo.com,Male,8445707420,Germany,1992-06-11
3822,Vivaan,Malhotra,vivaan.malhotra3822@yahoo.com,Female,7974444033,Australia,2004-12-15
3823,Vihaan,Bose,vihaan.bose3823@gmail.com,Male,6354924844,Brazil,1969-01-21
3824,Ananya,Roy,ananya.roy3824@outlook.com,Female,9170609717,United Kingdom,2003-09-07
3825,Ananya,Verma,ananya.verma3825@gmail.com,Male,6128695848,France,1999-04-20
3826,Ritu,Malhotra,ritu.malhotra3826@mail.com,Female,9838921802,France,1972-11-11
3827,Sneha,Kashyap,sneha.kashyap3827@gmail.com,Male,9117761996,France,1996-03-21
3828,Maya,Das,maya.das3828@mail.com,Male,7461420490,Canada,1981-09-29
3829,Nisha,Pillai,nisha.pillai3829@gmail.com,Male,8505409691,Canada,1982-12-12
3830,Kiran,Reddy,kiran.reddy3830@mail.com,Female,7300570343,South Africa,1972-08-06
3831,Krishna,Patel,krishna.patel3831@outlook.com,Female,6248350736,France,1981-11-14
3832,Arjun,Naidu,arjun.naidu3832@outlook.com,Female,7204162519,United States,2000-12-31
3833,Anil,Reddy,anil.reddy3833@outlook.com,Male,9128516702,India,1968-06-14
3834,Myra,Reddy,myra.reddy3834@mail.com,Male,6478378998,Canada,2005-01-28
3835,Nisha,Das,nisha.das3835@gmail.com,Male,7809866956,Brazil,1977-08-04
3836,Sneha,Roy,sneha.roy3836@example.com,Male,8615245770,United States,1984-06-05
3837,Arjun,Kumar,arjun.kumar3837@example.com,Male,8937026798,South Africa,2007-08-17
3838,Vihaan,Chauhan,vihaan.chauhan3838@yahoo.com,Male,7603125539,United Kingdom,1977-08-09
3839,Sara,Reddy,sara.reddy3839@example.com,Male,9614859355,South Africa,1973-10-09
3840,Ananya,Kumar,ananya.kumar3840@outlook.com,Male,6236455826,Germany,1994-01-05
3841,Ritu,Naidu,ritu.naidu3841@gmail.com,Female,7803472822,India,2002-07-09
3842,Krishna,Sharma,krishna.sharma3842@gmail.com,Male,6449732310,Australia,1972-04-02
3843,Kiran,Malhotra,kiran.malhotra3843@gmail.com,Female,9831229748,Brazil,1994-09-14
3844,Arjun,Joshi,arjun.joshi3844@outlook.com,Male,8921022533,South Africa,1992-07-05
3845,Kiran,Gupta,kiran.gupta3845@mail.com,Male,9563694154,Australia,1980-02-05
3846,Priya,Iyer,priya.iyer3846@example.com,Male,7901800850,South Africa,1976-04-27
3847,Sunita,Khan,sunita.khan3847@example.com,Male,6287746154,Canada,1981-10-11
3848,Diya,Gupta,diya.gupta3848@example.com,Female,9112114737,South Africa,1983-05-23
3849,Nisha,Ghosh,nisha.ghosh3849@gmail.com,Female,6271885696,Brazil,1996-12-22
3850,Kavya,Roy,kavya.roy3850@example.com,Female,9971143095,India,2006-06-13
3851,Nisha,Roy,nisha.roy3851@gmail.com,Male,6866409780,UAE,1969-04-03
3852,Myra,Kashyap,myra.kashyap3852@yahoo.com,Female,7254484586,South Africa,1966-04-03
3853,Aditya,Prasad,aditya.prasad3853@example.com,Female,7107526901,India,1997-10-14
3854,Kiran,Gupta,kiran.gupta3854@example.com,Female,7995378459,South Africa,1979-05-09
3855,Tarun,Shah,tarun.shah3855@yahoo.com,Female,9831285755,Germany,1973-09-12
3856,Anil,Roy,anil.roy3856@outlook.com,Male,9498258864,Australia,2000-02-16
3857,Ritu,Verma,ritu.verma3857@gmail.com,Female,8478311439,United Kingdom,2006-11-07
3858,Sahil,Kapoor,sahil.kapoor3858@yahoo.com,Female,6710078149,France,1981-01-21
3859,Aditya,Yadav,aditya.yadav3859@outlook.com,Female,7751196036,United Kingdom,1980-03-10
3860,Ritu,Verma,ritu.verma3860@example.com,Female,6547273165,India,1983-02-01
3861,Sneha,Pillai,sneha.pillai3861@gmail.com,Female,7665128227,UAE,1986-08-01
3862,Anil,Chauhan,anil.chauhan3862@outlook.com,Male,8749900315,UAE,2005-06-12
3863,Anil,Shah,anil.shah3863@outlook.com,Male,9203694155,United Kingdom,2005-03-19
3864,Arjun,Malhotra,arjun.malhotra3864@example.com,Male,7559600963,Australia,1979-08-02
3865,Rohan,Singh,rohan.singh3865@mail.com,Female,8621728802,Canada,1990-04-08
3866,Ananya,Trivedi,ananya.trivedi3866@example.com,Female,7607567811,UAE,1968-04-16
3867,Ananya,Reddy,ananya.reddy3867@outlook.com,Female,6171519930,Brazil,1971-07-04
3868,Ritu,Prasad,ritu.prasad3868@example.com,Female,7081692133,India,1988-04-14
3869,Tarun,Yadav,tarun.yadav3869@gmail.com,Female,9891938362,Australia,1983-09-07
3870,Diya,Sharma,diya.sharma3870@outlook.com,Male,8828936488,Canada,2006-11-11
3871,Isha,Singh,isha.singh3871@yahoo.com,Female,6602364444,UAE,1997-05-24
3872,Sahil,Naidu,sahil.naidu3872@gmail.com,Female,7466569545,Canada,1971-01-15
3873,Karthik,Kashyap,karthik.kashyap3873@example.com,Male,6241800305,South Africa,1999-04-12
3874,Myra,Malhotra,myra.malhotra3874@gmail.com,Male,7910989452,South Africa,1985-01-03
3875,Sunita,Reddy,sunita.reddy3875@mail.com,Female,6388041644,United States,1978-09-21
3876,Aanya,Iyer,aanya.iyer3876@outlook.com,Male,9270268330,UAE,1966-11-16
3877,Pooja,Shah,pooja.shah3877@mail.com,Female,9438092249,United States,1968-08-10
3878,Vivaan,Trivedi,vivaan.trivedi3878@example.com,Female,6969995128,UAE,1986-01-08
3879,Ananya,Bhatia,ananya.bhatia3879@yahoo.com,Female,9400878004,United States,2002-06-22
3880,Sahil,Patel,sahil.patel3880@outlook.com,Female,7960404740,Australia,1989-09-09
3881,Reyansh,Verma,reyansh.verma3881@gmail.com,Male,7173697565,United Kingdom,2001-12-07
3882,Myra,Khan,myra.khan3882@yahoo.com,Female,8307700125,France,2005-10-14
3883,Sahil,Patel,sahil.patel3883@example.com,Male,6105090577,United Kingdom,1998-11-12
3884,Sunita,Prasad,sunita.prasad3884@example.com,Male,6792862781,South Africa,1990-12-30
3885,Mohit,Iyer,mohit.iyer3885@yahoo.com,Female,8199157048,India,1971-09-28
3886,Rohan,Kapoor,rohan.kapoor3886@gmail.com,Male,7007326041,South Africa,1982-01-12
3887,Sahil,Ghosh,sahil.ghosh3887@yahoo.com,Female,7239654780,United States,1985-04-01
3888,Aditya,Reddy,aditya.reddy3888@mail.com,Female,9396977438,United Kingdom,1973-08-07
3889,Kiran,Sharma,kiran.sharma3889@example.com,Male,6291050505,UAE,1967-03-31
3890,Pooja,Shah,pooja.shah3890@gmail.com,Female,9639141883,United States,1975-03-29
3891,Maya,Kashyap,maya.kashyap3891@outlook.com,Male,9855525622,South Africa,1976-08-07
3892,Sneha,Sharma,sneha.sharma3892@outlook.com,Male,8505718376,France,1972-08-30
3893,Karthik,Pillai,karthik.pillai3893@yahoo.com,Male,7415994463,Brazil,1997-07-12
3894,Vihaan,Malhotra,vihaan.malhotra3894@example.com,Female,8786561964,United States,1982-08-01
3895,Isha,Trivedi,isha.trivedi3895@yahoo.com,Male,9564713648,France,2003-11-19
3896,Priya,Kapoor,priya.kapoor3896@mail.com,Male,6074072541,Germany,1975-09-13
3897,Sara,Shah,sara.shah3897@mail.com,Male,6429798280,Germany,1998-07-18
3898,Karthik,Patel,karthik.patel3898@outlook.com,Female,6273857150,Germany,2007-04-02
3899,Diya,Ghosh,diya.ghosh3899@gmail.com,Male,8237436945,UAE,1987-04-07
3900,Aanya,Joshi,aanya.joshi3900@gmail.com,Male,6565483184,South Africa,1979-02-11
3901,Reyansh,Sharma,reyansh.sharma3901@gmail.com,Male,6862807282,India,1988-05-03
3902,Karthik,Bhatt,karthik.bhatt3902@yahoo.com,Male,6501475791,France,1984-01-07
3903,Pooja,Agarwal,pooja.agarwal3903@gmail.com,Female,6031067028,India,1984-07-13
3904,Kavya,Patel,kavya.patel3904@gmail.com,Female,8170444119,UAE,1993-03-24
3905,Sara,Chauhan,sara.chauhan3905@yahoo.com,Male,8818764061,United Kingdom,1991-12-28
3906,Aanya,Reddy,aanya.reddy3906@example.com,Male,6739370424,Germany,1992-04-20
3907,Sara,Singh,sara.singh3907@example.com,Female,7628763362,Australia,1981-02-04
3908,Sai,Gupta,sai.gupta3908@gmail.com,Male,9127883613,South Africa,1972-03-03
3909,Myra,Kashyap,myra.kashyap3909@mail.com,Female,9839925486,Canada,2007-07-19
3910,Sara,Yadav,sara.yadav3910@yahoo.com,Female,7976700712,United Kingdom,1986-03-13
3911,Aanya,Yadav,aanya.yadav3911@mail.com,Male,6866392881,France,1981-10-24
3912,Kiran,Reddy,kiran.reddy3912@mail.com,Female,9601845793,Australia,1985-10-18
3913,Rohan,Iyer,rohan.iyer3913@mail.com,Male,6416038890,India,1999-09-22
3914,Kiran,Pillai,kiran.pillai3914@mail.com,Female,7224641578,United States,1973-01-17
3915,Sneha,Chauhan,sneha.chauhan3915@yahoo.com,Female,9295337038,Canada,1995-10-22
3916,Karthik,Gupta,karthik.gupta3916@mail.com,Male,9765626957,UAE,1981-04-02
3917,Tarun,Bhatia,tarun.bhatia3917@example.com,Female,6510771811,United States,1997-08-25
3918,Sunita,Nair,sunita.nair3918@yahoo.com,Male,7631225940,India,1979-01-24
3919,Aarav,Sharma,aarav.sharma3919@yahoo.com,Female,8544183190,United Kingdom,1973-11-08
3920,Myra,Ghosh,myra.ghosh3920@mail.com,Female,9166480615,Brazil,1973-01-19
3921,Karthik,Bose,karthik.bose3921@outlook.com,Female,9330328613,UAE,1980-03-13
3922,Kavya,Kapoor,kavya.kapoor3922@gmail.com,Female,8434007754,Germany,1974-08-28
3923,Sara,Kashyap,sara.kashyap3923@outlook.com,Female,8683216033,United States,1966-12-24
3924,Karthik,Verma,karthik.verma3924@mail.com,Female,7409188603,India,1972-11-08
3925,Myra,Kumar,myra.kumar3925@example.com,Male,9158628087,Germany,1997-07-05
3926,Diya,Patel,diya.patel3926@outlook.com,Male,6544031725,France,1995-05-27
3927,Sahil,Menon,sahil.menon3927@mail.com,Female,9698971244,Australia,1986-06-17
3928,Aanya,Verma,aanya.verma3928@outlook.com,Male,8459148042,Australia,1989-12-28
3929,Nisha,Bhatia,nisha.bhatia3929@example.com,Male,9868716020,United Kingdom,1996-01-14
3930,Sara,Trivedi,sara.trivedi3930@gmail.com,Female,9065225689,Germany,2006-11-12
3931,Vivaan,Verma,vivaan.verma3931@mail.com,Female,6073247820,United Kingdom,2001-08-15
3932,Sara,Bhatt,sara.bhatt3932@outlook.com,Male,9558051419,United Kingdom,1986-09-15
3933,Myra,Joshi,myra.joshi3933@gmail.com,Female,6575398759,UAE,1983-11-17
3934,Diya,Ghosh,diya.ghosh3934@example.com,Female,6159456748,UAE,1966-05-25
3935,Aanya,Mehta,aanya.mehta3935@gmail.com,Male,8518045089,UAE,1968-06-06
3936,Ananya,Verma,ananya.verma3936@yahoo.com,Female,9063868985,South Africa,1969-06-02
3937,Pooja,Pillai,pooja.pillai3937@example.com,Male,7310810140,United States,1989-02-21
3938,Sara,Prasad,sara.prasad3938@yahoo.com,Male,7764153392,United Kingdom,1999-11-14
3939,Mohit,Bhatt,mohit.bhatt3939@yahoo.com,Female,7548073500,UAE,1977-03-26
3940,Tarun,Roy,tarun.roy3940@example.com,Female,8161353134,United States,1977-03-24
3941,Riya,Trivedi,riya.trivedi3941@mail.com,Male,7226320039,Canada,1973-10-27
3942,Vivaan,Kapoor,vivaan.kapoor3942@example.com,Female,7439608312,United Kingdom,2002-09-02
3943,Reyansh,Trivedi,reyansh.trivedi3943@mail.com,Female,6967435720,France,2002-07-08
3944,Sunita,Malhotra,sunita.malhotra3944@gmail.com,Male,6596543224,United States,1982-11-11
3945,Sara,Khan,sara.khan3945@yahoo.com,Male,6728872078,Canada,1983-11-16
3946,Diya,Shah,diya.shah3946@example.com,Male,7889061563,Germany,1995-11-01
3947,Aanya,Prasad,aanya.prasad3947@yahoo.com,Female,7863444604,United Kingdom,2003-05-26
3948,Vivaan,Prasad,vivaan.prasad3948@outlook.com,Female,6447033784,South Africa,1983-08-31
3949,Kiran,Reddy,kiran.reddy3949@yahoo.com,Male,7230008986,India,2005-07-15
3950,Aarav,Sharma,aarav.sharma3950@gmail.com,Male,9170429006,India,1998-06-06
3951,Sneha,Reddy,sneha.reddy3951@yahoo.com,Male,7013119913,United Kingdom,1986-03-14
3952,Mohit,Prasad,mohit.prasad3952@mail.com,Female,6354751698,Australia,2007-01-22
3953,Myra,Chauhan,myra.chauhan3953@outlook.com,Female,7530420388,Canada,1987-04-06
3954,Vihaan,Kapoor,vihaan.kapoor3954@mail.com,Female,9860115079,Brazil,2001-03-11
3955,Maya,Singh,maya.singh3955@example.com,Female,8659156839,UAE,1972-07-31
3956,Sneha,Nair,sneha.nair3956@mail.com,Male,8005587820,UAE,1997-11-16
3957,Sneha,Menon,sneha.menon3957@gmail.com,Female,7786299154,Brazil,2001-07-08
3958,Karthik,Chauhan,karthik.chauhan3958@yahoo.com,Male,7671323579,United States,1967-02-21
3959,Riya,Agarwal,riya.agarwal3959@outlook.com,Female,8905909841,Brazil,1987-10-28
3960,Kavya,Trivedi,kavya.trivedi3960@gmail.com,Male,9580474042,Brazil,1969-03-02
3961,Vihaan,Malhotra,vihaan.malhotra3961@example.com,Male,9681431797,United Kingdom,1996-10-27
3962,Sunita,Agarwal,sunita.agarwal3962@example.com,Male,8823351995,Germany,2001-01-22
3963,Arjun,Pillai,arjun.pillai3963@yahoo.com,Female,9570499412,UAE,1986-03-25
3964,Rohan,Bhatt,rohan.bhatt3964@gmail.com,Female,8717325091,France,1995-10-30
3965,Sai,Roy,sai.roy3965@example.com,Male,9071720435,Brazil,1993-01-07
3966,Reyansh,Roy,reyansh.roy3966@outlook.com,Male,7746375500,Australia,1990-07-22
3967,Myra,Agarwal,myra.agarwal3967@gmail.com,Female,9353213009,Australia,1972-01-27
3968,Sunita,Malhotra,sunita.malhotra3968@yahoo.com,Male,6773895292,United Kingdom,1979-02-08
3969,Reyansh,Mehta,reyansh.mehta3969@gmail.com,Female,7707883877,Brazil,1985-07-11
3970,Riya,Das,riya.das3970@mail.com,Male,7083569037,India,2003-12-15
3971,Vivaan,Malhotra,vivaan.malhotra3971@outlook.com,Female,8946788561,United Kingdom,1978-04-14
3972,Ananya,Singh,ananya.singh3972@example.com,Male,9585698300,Brazil,1987-02-03
3973,Diya,Patel,diya.patel3973@mail.com,Female,9405632218,India,1984-10-31
3974,Myra,Malhotra,myra.malhotra3974@example.com,Female,6996470926,Germany,2004-07-26
3975,Aarav,Reddy,aarav.reddy3975@yahoo.com,Male,7251899955,United States,1992-03-07
3976,Arjun,Sharma,arjun.sharma3976@gmail.com,Male,7501680392,France,2001-12-31
3977,Sahil,Kumar,sahil.kumar3977@yahoo.com,Female,7345020379,Australia,1985-03-27
3978,Krishna,Kashyap,krishna.kashyap3978@yahoo.com,Female,9176604163,France,1970-05-02
3979,Isha,Pillai,isha.pillai3979@outlook.com,Female,6522156182,South Africa,1991-04-09
3980,Aanya,Joshi,aanya.joshi3980@example.com,Male,6479029898,Brazil,1997-11-28
3981,Anil,Malhotra,anil.malhotra3981@gmail.com,Female,6472817093,Australia,1977-06-10
3982,Mohit,Nair,mohit.nair3982@yahoo.com,Male,8052951945,Germany,1983-06-02
3983,Aditya,Bose,aditya.bose3983@outlook.com,Female,7446609944,United States,2001-05-13
3984,Vihaan,Menon,vihaan.menon3984@outlook.com,Female,9839687037,India,2007-01-10
3985,Rohan,Sharma,rohan.sharma3985@gmail.com,Female,6295979798,Germany,1993-10-31
3986,Sahil,Trivedi,sahil.trivedi3986@yahoo.com,Male,8420250802,Brazil,1968-03-13
3987,Aarav,Bose,aarav.bose3987@mail.com,Male,9086440231,United Kingdom,1995-04-24
3988,Vivaan,Bhatt,vivaan.bhatt3988@gmail.com,Male,6893148819,Germany,2006-05-28
3989,Maya,Menon,maya.menon3989@yahoo.com,Male,7032742221,Germany,1990-07-03
3990,Karthik,Kumar,karthik.kumar3990@outlook.com,Male,9558634091,Germany,2005-09-27
3991,Isha,Patel,isha.patel3991@example.com,Female,9014438232,UAE,1996-02-10
3992,Riya,Khan,riya.khan3992@example.com,Male,7898411342,Canada,1978-05-10
3993,Aarav,Verma,aarav.verma3993@mail.com,Female,6375226881,Canada,2005-10-30
3994,Sara,Patel,sara.patel3994@outlook.com,Female,9214455447,Germany,1988-11-22
3995,Diya,Malhotra,diya.malhotra3995@example.com,Female,9410988587,Germany,1985-09-19
3996,Vivaan,Iyer,vivaan.iyer3996@gmail.com,Female,7438410546,South Africa,2007-06-15
3997,Kiran,Kapoor,kiran.kapoor3997@gmail.com,Male,9533963019,India,1982-05-17
3998,Sara,Kapoor,sara.kapoor3998@gmail.com,Female,9478001327,Germany,1995-01-19
3999,Pooja,Prasad,pooja.prasad3999@outlook.com,Female,7861715176,United Kingdom,1985-02-16
4000,Vivaan,Bose,vivaan.bose4000@outlook.com,Male,7855090913,Australia,1982-06-20
4001,Nisha,Yadav,nisha.yadav4001@outlook.com,Female,9401377688,South Africa,1991-08-30
4002,Rohan,Shah,rohan.shah4002@example.com,Female,7158590538,Brazil,1994-01-18
4003,Aditya,Prasad,aditya.prasad4003@mail.com,Female,7802408592,Australia,1993-12-25
4004,Rohan,Das,rohan.das4004@mail.com,Female,9803454268,South Africa,1990-03-22
4005,Karthik,Sharma,karthik.sharma4005@gmail.com,Female,7932609713,United States,2006-05-07
4006,Pooja,Iyer,pooja.iyer4006@mail.com,Male,9810829569,India,1979-05-03
4007,Aditya,Das,aditya.das4007@gmail.com,Female,6921312502,United Kingdom,1973-02-07
4008,Priya,Naidu,priya.naidu4008@outlook.com,Male,8986210291,United States,1989-04-14
4009,Myra,Verma,myra.verma4009@gmail.com,Female,9189204725,France,1975-02-22
4010,Sneha,Gupta,sneha.gupta4010@outlook.com,Female,7768378709,India,2005-11-19
4011,Aanya,Prasad,aanya.prasad4011@gmail.com,Male,8588031506,United Kingdom,1997-07-23
4012,Aanya,Verma,aanya.verma4012@mail.com,Female,6109188349,United States,1998-04-21
4013,Aditya,Yadav,aditya.yadav4013@gmail.com,Female,6971639378,France,1975-09-01
4014,Kiran,Prasad,kiran.prasad4014@yahoo.com,Female,6261036621,France,1990-03-24
4015,Riya,Das,riya.das4015@mail.com,Male,8393950452,Brazil,2003-11-01
4016,Arjun,Joshi,arjun.joshi4016@example.com,Female,8637598922,South Africa,2007-06-07
4017,Reyansh,Khan,reyansh.khan4017@example.com,Female,7524809911,UAE,1978-03-09
4018,Sai,Chauhan,sai.chauhan4018@gmail.com,Female,9444339479,South Africa,1987-09-03
4019,Rohan,Roy,rohan.roy4019@outlook.com,Female,6886982705,Brazil,1969-03-17
4020,Ananya,Naidu,ananya.naidu4020@mail.com,Female,6953063698,UAE,2005-08-30
4021,Sneha,Reddy,sneha.reddy4021@outlook.com,Male,6280172479,India,1993-12-20
4022,Nisha,Bhatt,nisha.bhatt4022@outlook.com,Female,8814844540,United Kingdom,1977-02-18
4023,Anil,Yadav,anil.yadav4023@outlook.com,Male,6533981037,France,1991-04-18
4024,Sneha,Trivedi,sneha.trivedi4024@outlook.com,Male,8677801806,Germany,1991-05-10
4025,Nisha,Iyer,nisha.iyer4025@gmail.com,Male,8413683586,UAE,1979-04-07
4026,Sunita,Mehta,sunita.mehta4026@example.com,Male,8843689739,South Africa,1967-03-10
4027,Sara,Pillai,sara.pillai4027@gmail.com,Male,9583425811,United Kingdom,1994-01-17
4028,Ananya,Kumar,ananya.kumar4028@outlook.com,Male,9863621711,France,1978-11-18
4029,Ananya,Kashyap,ananya.kashyap4029@gmail.com,Male,6017299530,Australia,1994-07-16
4030,Kiran,Bose,kiran.bose4030@yahoo.com,Female,9132126535,Brazil,2004-08-13
4031,Isha,Chauhan,isha.chauhan4031@outlook.com,Male,7098344559,South Africa,1990-09-04
4032,Riya,Pillai,riya.pillai4032@example.com,Female,7554294201,India,1997-12-25
4033,Aarav,Bhatt,aarav.bhatt4033@yahoo.com,Male,9110673052,United Kingdom,2004-04-11
4034,Krishna,Prasad,krishna.prasad4034@example.com,Female,9068909630,United States,1997-11-21
4035,Maya,Sharma,maya.sharma4035@yahoo.com,Male,6292890327,United States,2006-01-05
4036,Reyansh,Roy,reyansh.roy4036@gmail.com,Female,7798163669,United Kingdom,1997-12-09
4037,Aanya,Das,aanya.das4037@example.com,Female,6789175344,Brazil,1973-08-03
4038,Mohit,Nair,mohit.nair4038@gmail.com,Female,9989990134,UAE,1979-02-23
4039,Nisha,Joshi,nisha.joshi4039@mail.com,Male,9148637227,Canada,1990-02-23
4040,Maya,Bhatt,maya.bhatt4040@example.com,Female,7097802704,Germany,1992-08-20
4041,Rohan,Chauhan,rohan.chauhan4041@example.com,Male,7580164111,United States,1969-10-03
4042,Aditya,Menon,aditya.menon4042@mail.com,Female,8744741016,France,1986-07-07
4043,Vihaan,Roy,vihaan.roy4043@yahoo.com,Female,9306216788,UAE,1970-08-05
4044,Kavya,Singh,kavya.singh4044@mail.com,Male,8335376707,France,1976-07-08
4045,Sneha,Singh,sneha.singh4045@gmail.com,Female,7675011517,France,1984-08-18
4046,Ananya,Das,ananya.das4046@gmail.com,Female,8384357732,Brazil,1992-09-25
4047,Pooja,Sharma,pooja.sharma4047@outlook.com,Female,9577270879,Brazil,1966-10-08
4048,Isha,Yadav,isha.yadav4048@gmail.com,Female,8732146646,Canada,1965-12-05
4049,Myra,Menon,myra.menon4049@gmail.com,Male,8908784024,France,1987-10-30
4050,Ritu,Malhotra,ritu.malhotra4050@yahoo.com,Female,6691423585,Canada,2005-06-11
4051,Pooja,Kumar,pooja.kumar4051@outlook.com,Female,9776742388,Australia,1979-04-01
4052,Priya,Iyer,priya.iyer4052@outlook.com,Male,6478634244,Australia,1967-09-16
4053,Reyansh,Khan,reyansh.khan4053@outlook.com,Male,8901530239,UAE,1997-12-19
4054,Sunita,Shah,sunita.shah4054@gmail.com,Male,6878578419,Canada,2007-03-05
4055,Aarav,Reddy,aarav.reddy4055@example.com,Male,7277267418,UAE,1978-02-10
4056,Karthik,Mehta,karthik.mehta4056@outlook.com,Male,8229536638,Brazil,1974-07-24
4057,Sunita,Bhatia,sunita.bhatia4057@example.com,Male,7422355280,Australia,1970-11-07
4058,Myra,Ghosh,myra.ghosh4058@gmail.com,Male,6536128859,Australia,1988-07-27
4059,Priya,Ghosh,priya.ghosh4059@example.com,Male,6608686549,Brazil,1985-07-31
4060,Sahil,Joshi,sahil.joshi4060@mail.com,Female,6757291962,Germany,1966-08-07
4061,Priya,Naidu,priya.naidu4061@outlook.com,Male,8795497604,South Africa,1999-09-27
4062,Kavya,Prasad,kavya.prasad4062@outlook.com,Female,7366533462,Australia,1982-08-20
4063,Nisha,Agarwal,nisha.agarwal4063@yahoo.com,Male,9351055352,France,1973-10-15
4064,Anil,Joshi,anil.joshi4064@example.com,Male,7603722250,United Kingdom,2003-10-05
4065,Arjun,Kashyap,arjun.kashyap4065@yahoo.com,Male,9114378584,United States,1970-04-29
4066,Sahil,Khan,sahil.khan4066@mail.com,Male,9493963446,Brazil,2005-07-11
4067,Anil,Das,anil.das4067@gmail.com,Female,6847672906,UAE,2002-05-17
4068,Priya,Pillai,priya.pillai4068@yahoo.com,Male,9478262746,United Kingdom,2000-11-30
4069,Pooja,Naidu,pooja.naidu4069@gmail.com,Male,7265620423,Brazil,1978-04-27
4070,Aarav,Patel,aarav.patel4070@example.com,Female,9407126442,United Kingdom,1990-07-19
4071,Priya,Malhotra,priya.malhotra4071@mail.com,Female,6938641442,United States,1977-09-11
4072,Sai,Bhatia,sai.bhatia4072@example.com,Female,7698334449,United Kingdom,2002-11-21
4073,Mohit,Malhotra,mohit.malhotra4073@yahoo.com,Female,7015032332,Canada,1969-11-30
4074,Sahil,Das,sahil.das4074@example.com,Male,8476622099,United States,1994-05-29
4075,Kavya,Patel,kavya.patel4075@yahoo.com,Female,9894551205,India,1975-12-07
4076,Isha,Shah,isha.shah4076@gmail.com,Male,6297129279,South Africa,1994-06-28
4077,Karthik,Menon,karthik.menon4077@gmail.com,Female,6847860828,Australia,1987-03-24
4078,Arjun,Singh,arjun.singh4078@yahoo.com,Male,8777594011,Australia,1997-05-20
4079,Krishna,Kapoor,krishna.kapoor4079@gmail.com,Female,7149867855,United States,1993-04-28
4080,Pooja,Roy,pooja.roy4080@yahoo.com,Female,7111515301,France,1993-10-14
4081,Diya,Bose,diya.bose4081@outlook.com,Male,7339171607,South Africa,1970-02-17
4082,Rohan,Pillai,rohan.pillai4082@yahoo.com,Female,6657159125,France,1986-02-14
4083,Maya,Roy,maya.roy4083@outlook.com,Male,6863372330,UAE,1987-03-17
4084,Pooja,Bhatia,pooja.bhatia4084@example.com,Male,6265143032,United Kingdom,2003-01-19
4085,Vivaan,Prasad,vivaan.prasad4085@example.com,Female,8947157982,Australia,2000-12-09
4086,Ritu,Agarwal,ritu.agarwal4086@gmail.com,Male,6691438862,Brazil,2002-02-05
4087,Riya,Kumar,riya.kumar4087@gmail.com,Female,7731434979,United States,1997-06-30
4088,Anil,Roy,anil.roy4088@mail.com,Male,7424973139,Germany,1980-05-12
4089,Kiran,Yadav,kiran.yadav4089@mail.com,Female,7232589075,United States,1985-07-12
4090,Ritu,Sharma,ritu.sharma4090@outlook.com,Female,6350712424,India,1976-02-01
4091,Kavya,Ghosh,kavya.ghosh4091@mail.com,Female,6485241218,UAE,2001-04-17
4092,Aditya,Iyer,aditya.iyer4092@example.com,Female,6094059831,Australia,1987-05-02
4093,Kavya,Shah,kavya.shah4093@example.com,Male,6234434637,Brazil,2007-04-28
4094,Sara,Agarwal,sara.agarwal4094@yahoo.com,Male,7003876223,UAE,1974-04-14
4095,Ananya,Kapoor,ananya.kapoor4095@gmail.com,Female,9825394520,Germany,1992-12-13
4096,Diya,Patel,diya.patel4096@yahoo.com,Female,7124690448,Australia,2004-10-29
4097,Kavya,Kashyap,kavya.kashyap4097@gmail.com,Female,9845925989,South Africa,1993-12-25
4098,Tarun,Prasad,tarun.prasad4098@outlook.com,Female,6505659172,Canada,1976-07-26
4099,Sneha,Prasad,sneha.prasad4099@yahoo.com,Male,9661244283,Australia,1992-11-09
4100,Reyansh,Pillai,reyansh.pillai4100@gmail.com,Male,9822984254,India,1989-11-16
4101,Krishna,Gupta,krishna.gupta4101@outlook.com,Male,6116256985,United Kingdom,1996-05-22
4102,Aanya,Prasad,aanya.prasad4102@yahoo.com,Male,6511728465,United Kingdom,1971-10-29
4103,Kavya,Kapoor,kavya.kapoor4103@yahoo.com,Male,9586730980,United States,2001-01-11
4104,Nisha,Pillai,nisha.pillai4104@outlook.com,Female,7862171308,South Africa,1998-11-08
4105,Krishna,Ghosh,krishna.ghosh4105@gmail.com,Female,6398169974,United States,1982-08-26
4106,Sneha,Bhatia,sneha.bhatia4106@yahoo.com,Male,8569027708,Brazil,1986-03-18
4107,Maya,Khan,maya.khan4107@example.com,Female,7720422429,Australia,1991-07-21
4108,Isha,Reddy,isha.reddy4108@example.com,Male,7487831536,Germany,1986-05-08
4109,Isha,Ghosh,isha.ghosh4109@gmail.com,Male,6722735835,France,1972-10-16
4110,Riya,Kashyap,riya.kashyap4110@example.com,Male,9898875895,United States,1981-07-27
4111,Sunita,Iyer,sunita.iyer4111@gmail.com,Male,9306816169,South Africa,1999-05-11
4112,Mohit,Malhotra,mohit.malhotra4112@gmail.com,Male,7167766401,South Africa,1980-07-10
4113,Ritu,Kapoor,ritu.kapoor4113@example.com,Male,7231289840,Brazil,1976-02-13
4114,Arjun,Verma,arjun.verma4114@mail.com,Male,7361132258,Canada,1972-08-28
4115,Riya,Ghosh,riya.ghosh4115@gmail.com,Male,7861496447,United Kingdom,1981-06-04
4116,Mohit,Gupta,mohit.gupta4116@outlook.com,Female,7743959801,France,1973-06-24
4117,Priya,Das,priya.das4117@example.com,Male,6184176392,India,1987-05-16
4118,Nisha,Gupta,nisha.gupta4118@gmail.com,Female,9301977283,South Africa,1986-02-22
4119,Vihaan,Gupta,vihaan.gupta4119@gmail.com,Female,7000168339,United Kingdom,1997-05-24
4120,Krishna,Agarwal,krishna.agarwal4120@mail.com,Male,9381043960,Canada,1980-06-03
4121,Aarav,Patel,aarav.patel4121@example.com,Male,6922489916,United States,1992-08-15
4122,Kavya,Mehta,kavya.mehta4122@outlook.com,Female,6736966100,France,1967-01-18
4123,Diya,Prasad,diya.prasad4123@example.com,Male,7395602276,India,1987-04-11
4124,Sunita,Bhatt,sunita.bhatt4124@yahoo.com,Male,6155238694,United States,1970-08-27
4125,Krishna,Kumar,krishna.kumar4125@gmail.com,Female,8125073653,South Africa,1974-12-17
4126,Vivaan,Khan,vivaan.khan4126@yahoo.com,Female,9699584817,Germany,1994-05-23
4127,Maya,Kapoor,maya.kapoor4127@yahoo.com,Male,6721420053,South Africa,1975-12-15
4128,Aarav,Prasad,aarav.prasad4128@gmail.com,Male,8607199062,Brazil,1981-03-06
4129,Myra,Iyer,myra.iyer4129@example.com,Male,6368429947,Brazil,2003-06-19
4130,Karthik,Reddy,karthik.reddy4130@outlook.com,Male,6995347971,India,1997-07-16
4131,Reyansh,Bose,reyansh.bose4131@yahoo.com,Female,7604960076,Germany,1975-01-10
4132,Sunita,Sharma,sunita.sharma4132@gmail.com,Female,9262422517,Canada,1973-11-18
4133,Karthik,Malhotra,karthik.malhotra4133@mail.com,Female,9617867358,Brazil,1996-09-07
4134,Nisha,Pillai,nisha.pillai4134@yahoo.com,Male,9150564250,Australia,2002-12-16
4135,Mohit,Roy,mohit.roy4135@gmail.com,Female,6290207826,United Kingdom,1983-06-21
4136,Isha,Prasad,isha.prasad4136@gmail.com,Female,8107179324,India,1981-05-26
4137,Ananya,Pillai,ananya.pillai4137@example.com,Male,8409597134,Australia,1995-12-31
4138,Sara,Sharma,sara.sharma4138@gmail.com,Female,8340290211,UAE,2007-09-07
4139,Mohit,Pillai,mohit.pillai4139@example.com,Female,6852752926,United Kingdom,2005-09-23
4140,Diya,Chauhan,diya.chauhan4140@mail.com,Female,8906910355,India,1982-07-04
4141,Sai,Bose,sai.bose4141@gmail.com,Female,6341946097,France,1998-01-05
4142,Rohan,Kapoor,rohan.kapoor4142@outlook.com,Female,6357743686,United States,1990-03-14
4143,Aanya,Singh,aanya.singh4143@gmail.com,Female,8490078095,Brazil,1986-04-21
4144,Ritu,Prasad,ritu.prasad4144@example.com,Male,9307869296,France,1980-04-02
4145,Maya,Malhotra,maya.malhotra4145@example.com,Female,8006685596,India,1984-01-22
4146,Krishna,Bose,krishna.bose4146@yahoo.com,Male,8425064022,Canada,1986-08-24
4147,Rohan,Shah,rohan.shah4147@gmail.com,Female,7087989489,France,1973-02-20
4148,Vivaan,Iyer,vivaan.iyer4148@gmail.com,Female,7807416694,Brazil,1965-11-17
4149,Sai,Khan,sai.khan4149@yahoo.com,Female,9400646907,United States,1987-09-21
4150,Aarav,Pillai,aarav.pillai4150@mail.com,Male,9741075074,Australia,1968-01-09
4151,Sai,Das,sai.das4151@yahoo.com,Female,8752582550,Canada,1971-06-11
4152,Ananya,Patel,ananya.patel4152@example.com,Female,7210544577,Canada,2007-07-17
4153,Nisha,Kapoor,nisha.kapoor4153@example.com,Male,7287609886,South Africa,1980-04-16
4154,Sai,Sharma,sai.sharma4154@mail.com,Female,6568273617,France,1982-05-01
4155,Vivaan,Ghosh,vivaan.ghosh4155@yahoo.com,Male,9687169961,India,1991-11-04
4156,Aditya,Kashyap,aditya.kashyap4156@mail.com,Male,6610274286,France,1967-04-07
4157,Diya,Menon,diya.menon4157@outlook.com,Male,8660362676,France,2003-05-09
4158,Sara,Kumar,sara.kumar4158@yahoo.com,Male,9093398550,United States,1984-07-19
4159,Riya,Iyer,riya.iyer4159@gmail.com,Female,9968285482,Brazil,2007-05-01
4160,Myra,Mehta,myra.mehta4160@outlook.com,Female,6109721871,South Africa,1990-10-03
4161,Ritu,Nair,ritu.nair4161@mail.com,Female,6694206612,South Africa,1984-12-25
4162,Aditya,Mehta,aditya.mehta4162@example.com,Male,6512198231,UAE,2001-01-18
4163,Reyansh,Verma,reyansh.verma4163@example.com,Female,7572583138,United Kingdom,1991-09-15
4164,Kiran,Bose,kiran.bose4164@mail.com,Female,8739564617,UAE,2003-02-09
4165,Nisha,Bhatia,nisha.bhatia4165@mail.com,Female,6509405602,Germany,1981-10-05
4166,Karthik,Joshi,karthik.joshi4166@yahoo.com,Male,7472808834,France,1997-05-28
4167,Kiran,Trivedi,kiran.trivedi4167@mail.com,Female,7362061293,India,1973-06-09
4168,Myra,Kapoor,myra.kapoor4168@mail.com,Male,6638212701,United Kingdom,1984-08-29
4169,Kiran,Joshi,kiran.joshi4169@outlook.com,Male,9612990227,Australia,2003-07-16
4170,Krishna,Kumar,krishna.kumar4170@yahoo.com,Female,7788804673,Brazil,1984-01-27
4171,Vivaan,Khan,vivaan.khan4171@yahoo.com,Male,7150695625,France,1979-09-07
4172,Ananya,Chauhan,ananya.chauhan4172@gmail.com,Female,7099260220,Australia,1973-05-02
4173,Pooja,Naidu,pooja.naidu4173@example.com,Male,8714510035,South Africa,1981-08-27
4174,Nisha,Prasad,nisha.prasad4174@gmail.com,Female,8929187784,India,1994-06-03
4175,Aanya,Joshi,aanya.joshi4175@outlook.com,Male,8483044517,UAE,1986-05-26
4176,Arjun,Roy,arjun.roy4176@yahoo.com,Female,9091289664,Germany,1969-08-21
4177,Aarav,Yadav,aarav.yadav4177@gmail.com,Female,9618027209,Canada,2001-08-25
4178,Riya,Yadav,riya.yadav4178@mail.com,Male,7062521246,United Kingdom,1974-04-18
4179,Arjun,Bhatia,arjun.bhatia4179@outlook.com,Female,7349027297,France,1991-07-21
4180,Aditya,Ghosh,aditya.ghosh4180@mail.com,Male,7650079728,Canada,1990-05-16
4181,Ritu,Prasad,ritu.prasad4181@yahoo.com,Male,8011389166,United States,1968-04-01
4182,Tarun,Prasad,tarun.prasad4182@outlook.com,Male,9722390150,United States,2000-04-10
4183,Isha,Shah,isha.shah4183@yahoo.com,Male,9188928998,UAE,1989-02-08
4184,Kiran,Bhatt,kiran.bhatt4184@gmail.com,Male,9726473483,United States,2006-11-03
4185,Pooja,Bhatia,pooja.bhatia4185@yahoo.com,Male,7678447775,India,1993-05-28
4186,Aditya,Ghosh,aditya.ghosh4186@yahoo.com,Female,6891873679,South Africa,1968-06-14
4187,Myra,Sharma,myra.sharma4187@mail.com,Female,8047551307,Germany,1969-03-15
4188,Rohan,Iyer,rohan.iyer4188@gmail.com,Female,8370570265,India,1998-09-27
4189,Arjun,Patel,arjun.patel4189@mail.com,Male,8164552337,Canada,1988-05-24
4190,Kiran,Das,kiran.das4190@example.com,Female,8726624418,United Kingdom,1989-06-05
4191,Tarun,Prasad,tarun.prasad4191@example.com,Female,6611862359,India,1999-04-24
4192,Nisha,Reddy,nisha.reddy4192@example.com,Male,8194509156,United States,1975-07-03
4193,Karthik,Reddy,karthik.reddy4193@yahoo.com,Female,7747352642,Brazil,1993-05-23
4194,Krishna,Sharma,krishna.sharma4194@outlook.com,Female,8572905162,Germany,1980-06-22
4195,Ritu,Pillai,ritu.pillai4195@mail.com,Female,8924943770,India,1972-01-19
4196,Sai,Roy,sai.roy4196@mail.com,Female,9560153216,United Kingdom,1988-02-24
4197,Tarun,Yadav,tarun.yadav4197@mail.com,Male,8643805625,Germany,2002-10-22
4198,Aarav,Chauhan,aarav.chauhan4198@mail.com,Female,7899647769,India,2002-03-27
4199,Aditya,Nair,aditya.nair4199@gmail.com,Female,8563305586,Australia,1995-02-07
4200,Rohan,Chauhan,rohan.chauhan4200@yahoo.com,Male,7075565018,Germany,2001-02-08
4201,Priya,Bhatia,priya.bhatia4201@yahoo.com,Male,9922040620,India,2006-06-17
4202,Sunita,Trivedi,sunita.trivedi4202@outlook.com,Male,9714485849,South Africa,1995-07-18
4203,Priya,Verma,priya.verma4203@yahoo.com,Male,8671524489,Canada,1983-02-13
4204,Vivaan,Khan,vivaan.khan4204@example.com,Male,9127389984,United Kingdom,1967-04-02
4205,Diya,Prasad,diya.prasad4205@yahoo.com,Male,6638304861,Germany,1979-06-05
4206,Ananya,Bhatia,ananya.bhatia4206@gmail.com,Male,7552253172,Canada,1993-01-08
4207,Isha,Pillai,isha.pillai4207@example.com,Female,7136564022,United Kingdom,1999-01-21
4208,Ananya,Das,ananya.das4208@gmail.com,Female,6900971419,South Africa,1990-11-11
4209,Maya,Trivedi,maya.trivedi4209@yahoo.com,Female,9510674360,United States,1973-06-03
4210,Vivaan,Shah,vivaan.shah4210@example.com,Female,6959766707,France,1984-08-11
4211,Sunita,Kapoor,sunita.kapoor4211@example.com,Female,7103766994,South Africa,1993-10-11
4212,Aditya,Verma,aditya.verma4212@mail.com,Male,8560234163,United Kingdom,2001-03-18
4213,Riya,Verma,riya.verma4213@outlook.com,Female,7027069654,United Kingdom,1977-11-05
4214,Ritu,Patel,ritu.patel4214@mail.com,Female,6440229030,France,1981-08-25
4215,Aditya,Prasad,aditya.prasad4215@example.com,Female,9249475043,United States,1972-05-19
4216,Diya,Shah,diya.shah4216@mail.com,Male,7896155287,Germany,1975-01-08
4217,Isha,Roy,isha.roy4217@example.com,Female,9892268449,France,2003-03-03
4218,Vivaan,Roy,vivaan.roy4218@gmail.com,Female,9857701708,United States,1992-02-21
4219,Maya,Ghosh,maya.ghosh4219@gmail.com,Female,7863285129,India,1986-02-28
4220,Vivaan,Joshi,vivaan.joshi4220@yahoo.com,Female,7668816554,South Africa,1995-12-29
4221,Sunita,Roy,sunita.roy4221@gmail.com,Male,7276618581,South Africa,1968-01-28
4222,Kavya,Chauhan,kavya.chauhan4222@mail.com,Male,8226304978,Australia,2004-09-02
4223,Kavya,Iyer,kavya.iyer4223@gmail.com,Male,6276451326,Australia,2003-08-15
4224,Anil,Prasad,anil.prasad4224@gmail.com,Female,7758778421,South Africa,1986-11-17
4225,Mohit,Agarwal,mohit.agarwal4225@outlook.com,Male,9016382883,Canada,1980-02-25
4226,Anil,Singh,anil.singh4226@gmail.com,Female,9773817734,Australia,2004-11-19
4227,Aditya,Patel,aditya.patel4227@mail.com,Male,6346772917,India,2003-08-24
4228,Reyansh,Chauhan,reyansh.chauhan4228@example.com,Male,6751388863,Germany,1987-07-16
4229,Arjun,Ghosh,arjun.ghosh4229@mail.com,Female,9912520998,Canada,1984-10-07
4230,Aarav,Yadav,aarav.yadav4230@example.com,Female,9068129332,France,1985-06-10
4231,Ananya,Joshi,ananya.joshi4231@outlook.com,Male,6172243710,Brazil,1978-10-27
4232,Vihaan,Pillai,vihaan.pillai4232@gmail.com,Male,8733802165,Germany,1997-06-09
4233,Aditya,Agarwal,aditya.agarwal4233@yahoo.com,Male,6700401534,Germany,1992-06-25
4234,Anil,Mehta,anil.mehta4234@outlook.com,Female,8174835654,UAE,1967-05-26
4235,Ritu,Bhatia,ritu.bhatia4235@outlook.com,Female,7037762222,South Africa,1980-04-06
4236,Mohit,Bose,mohit.bose4236@example.com,Female,9244690112,India,1992-01-08
4237,Isha,Bhatt,isha.bhatt4237@example.com,Female,7145741267,Brazil,1984-10-04
4238,Anil,Prasad,anil.prasad4238@example.com,Male,8787096428,UAE,2000-12-25
4239,Sai,Kumar,sai.kumar4239@example.com,Male,8448225799,France,1968-10-30
4240,Sara,Bose,sara.bose4240@mail.com,Female,8694730277,Canada,1998-08-21
4241,Reyansh,Bhatt,reyansh.bhatt4241@gmail.com,Male,9307947555,Australia,2005-06-04
4242,Karthik,Mehta,karthik.mehta4242@mail.com,Male,7142960075,India,1992-05-16
4243,Anil,Bhatia,anil.bhatia4243@yahoo.com,Female,6165754595,South Africa,1999-03-26
4244,Aditya,Reddy,aditya.reddy4244@example.com,Male,8910954448,Germany,2006-12-28
4245,Rohan,Khan,rohan.khan4245@example.com,Female,7446599327,Canada,1971-06-26
4246,Krishna,Kumar,krishna.kumar4246@yahoo.com,Male,7462774119,South Africa,2005-08-26
4247,Anil,Naidu,anil.naidu4247@mail.com,Female,7076558969,India,2006-12-26
4248,Mohit,Gupta,mohit.gupta4248@yahoo.com,Female,7995144713,France,1996-11-30
4249,Sai,Menon,sai.menon4249@outlook.com,Female,9625422740,Australia,1994-03-05
4250,Arjun,Kumar,arjun.kumar4250@yahoo.com,Male,8343520071,Australia,1980-11-04
4251,Mohit,Bose,mohit.bose4251@example.com,Female,7018154481,France,1967-09-18
4252,Vihaan,Naidu,vihaan.naidu4252@mail.com,Female,9384378655,Canada,1999-10-09
4253,Nisha,Das,nisha.das4253@mail.com,Female,6232250270,India,1978-04-12
4254,Pooja,Khan,pooja.khan4254@yahoo.com,Female,8312623858,France,1975-05-24
4255,Sara,Nair,sara.nair4255@yahoo.com,Female,9189463807,South Africa,2005-08-12
4256,Sara,Pillai,sara.pillai4256@example.com,Male,6701555891,Canada,1977-06-27
4257,Vihaan,Bhatia,vihaan.bhatia4257@yahoo.com,Male,7162521026,France,1971-12-25
4258,Pooja,Mehta,pooja.mehta4258@gmail.com,Female,8443955439,South Africa,1975-02-25
4259,Sunita,Reddy,sunita.reddy4259@example.com,Male,7143754203,South Africa,1988-10-24
4260,Myra,Prasad,myra.prasad4260@gmail.com,Male,7388183583,United Kingdom,2000-12-01
4261,Isha,Das,isha.das4261@outlook.com,Female,7209205189,Brazil,2005-11-08
4262,Mohit,Yadav,mohit.yadav4262@gmail.com,Female,8642900147,Canada,2005-04-01
4263,Sneha,Roy,sneha.roy4263@outlook.com,Male,7868007145,Brazil,2000-05-02
4264,Sneha,Sharma,sneha.sharma4264@mail.com,Female,9209256902,UAE,1999-01-10
4265,Kavya,Singh,kavya.singh4265@outlook.com,Female,9764676501,Germany,1975-10-06
4266,Myra,Reddy,myra.reddy4266@yahoo.com,Female,7427050895,United Kingdom,1984-12-27
4267,Vihaan,Kashyap,vihaan.kashyap4267@yahoo.com,Female,8019965993,United Kingdom,2007-06-14
4268,Anil,Chauhan,anil.chauhan4268@outlook.com,Male,6311835487,Brazil,1966-12-25
4269,Sara,Reddy,sara.reddy4269@yahoo.com,Female,7753216560,Canada,1998-08-12
4270,Karthik,Joshi,karthik.joshi4270@mail.com,Male,6962325693,France,1999-04-16
4271,Anil,Shah,anil.shah4271@example.com,Male,7062844169,Germany,1984-08-08
4272,Karthik,Agarwal,karthik.agarwal4272@gmail.com,Male,7628678479,Canada,1997-12-28
4273,Kavya,Khan,kavya.khan4273@example.com,Female,9342560824,UAE,1976-06-11
4274,Riya,Roy,riya.roy4274@yahoo.com,Male,8555956927,UAE,2005-02-26
4275,Isha,Kumar,isha.kumar4275@gmail.com,Male,8531251518,United Kingdom,2003-04-11
4276,Sahil,Prasad,sahil.prasad4276@example.com,Male,9663407119,Germany,1989-01-25
4277,Aanya,Patel,aanya.patel4277@gmail.com,Female,9589791583,South Africa,1981-07-11
4278,Kavya,Mehta,kavya.mehta4278@yahoo.com,Male,6917624573,Australia,1969-04-08
4279,Rohan,Prasad,rohan.prasad4279@example.com,Male,9571524290,UAE,2002-11-09
4280,Tarun,Mehta,tarun.mehta4280@example.com,Female,6457153390,Brazil,1982-08-29
4281,Ananya,Bhatt,ananya.bhatt4281@yahoo.com,Female,6025578562,India,1975-01-06
4282,Sara,Kashyap,sara.kashyap4282@mail.com,Male,9887932132,United States,1982-09-26
4283,Isha,Bhatt,isha.bhatt4283@mail.com,Female,8124891801,Australia,1989-11-06
4284,Krishna,Reddy,krishna.reddy4284@yahoo.com,Female,6520498223,South Africa,2006-09-27
4285,Rohan,Menon,rohan.menon4285@gmail.com,Female,7311892439,Australia,1991-02-13
4286,Nisha,Kashyap,nisha.kashyap4286@example.com,Male,7488416930,Germany,1985-09-04
4287,Maya,Agarwal,maya.agarwal4287@yahoo.com,Female,7017698484,UAE,1992-01-16
4288,Aarav,Prasad,aarav.prasad4288@yahoo.com,Female,9990163904,Australia,1968-07-27
4289,Aanya,Kapoor,aanya.kapoor4289@example.com,Male,8259117359,Canada,1996-10-28
4290,Kavya,Iyer,kavya.iyer4290@example.com,Female,9076458234,United Kingdom,1992-09-28
4291,Reyansh,Kashyap,reyansh.kashyap4291@mail.com,Female,6596771437,France,1979-12-18
4292,Vivaan,Patel,vivaan.patel4292@example.com,Male,8521362681,France,2004-11-22
4293,Aarav,Singh,aarav.singh4293@mail.com,Male,6205412308,UAE,2003-06-24
4294,Arjun,Khan,arjun.khan4294@outlook.com,Female,9159241221,Canada,2003-11-13
4295,Ananya,Bhatt,ananya.bhatt4295@mail.com,Female,8149954550,Canada,1986-11-28
4296,Riya,Bose,riya.bose4296@example.com,Male,7074495173,Canada,1974-07-11
4297,Tarun,Ghosh,tarun.ghosh4297@mail.com,Male,9469062268,United States,1977-10-31
4298,Riya,Agarwal,riya.agarwal4298@yahoo.com,Male,8073717666,United Kingdom,1990-08-13
4299,Riya,Bhatia,riya.bhatia4299@gmail.com,Female,6350839100,United States,1983-01-22
4300,Krishna,Agarwal,krishna.agarwal4300@yahoo.com,Male,7772574011,France,1975-04-19
4301,Mohit,Bose,mohit.bose4301@example.com,Female,9837168882,Australia,1971-12-09
4302,Mohit,Menon,mohit.menon4302@yahoo.com,Female,7869689051,United States,1980-04-21
4303,Reyansh,Roy,reyansh.roy4303@gmail.com,Male,6588108093,United Kingdom,1998-10-08
4304,Ritu,Mehta,ritu.mehta4304@outlook.com,Male,7432937642,Canada,1978-02-13
4305,Sahil,Kashyap,sahil.kashyap4305@gmail.com,Male,8532559251,United States,1974-08-19
4306,Sahil,Naidu,sahil.naidu4306@example.com,Male,8295072413,South Africa,1996-03-13
4307,Vivaan,Malhotra,vivaan.malhotra4307@gmail.com,Female,6671675049,Canada,1988-09-18
4308,Tarun,Naidu,tarun.naidu4308@mail.com,Female,9718185101,South Africa,1978-06-19
4309,Mohit,Malhotra,mohit.malhotra4309@outlook.com,Male,7190094831,Germany,2005-05-29
4310,Sneha,Ghosh,sneha.ghosh4310@outlook.com,Male,7973179534,France,1968-06-03
4311,Kiran,Sharma,kiran.sharma4311@yahoo.com,Female,7796167589,United Kingdom,1992-08-09
4312,Myra,Nair,myra.nair4312@outlook.com,Male,8332163649,United States,1971-08-14
4313,Aarav,Pillai,aarav.pillai4313@example.com,Female,6995768790,France,2004-10-01
4314,Aanya,Ghosh,aanya.ghosh4314@yahoo.com,Male,9663530818,Australia,1989-02-25
4315,Ananya,Bose,ananya.bose4315@example.com,Female,7465921588,France,2001-01-25
4316,Myra,Khan,myra.khan4316@gmail.com,Male,7556036168,United Kingdom,1990-11-05
4317,Mohit,Bhatt,mohit.bhatt4317@gmail.com,Male,7149534074,South Africa,1986-01-25
4318,Karthik,Shah,karthik.shah4318@yahoo.com,Male,9838445240,France,1968-09-07
4319,Priya,Pillai,priya.pillai4319@mail.com,Male,6667385868,India,2002-09-02
4320,Karthik,Agarwal,karthik.agarwal4320@mail.com,Female,7015510010,Brazil,1983-09-22
4321,Kavya,Prasad,kavya.prasad4321@mail.com,Male,7587845549,Germany,1986-01-09
4322,Krishna,Kashyap,krishna.kashyap4322@outlook.com,Female,7634039242,Canada,2002-03-30
4323,Tarun,Shah,tarun.shah4323@yahoo.com,Female,9063982841,India,1969-12-16
4324,Myra,Yadav,myra.yadav4324@gmail.com,Male,8925684684,India,2007-02-24
4325,Aarav,Yadav,aarav.yadav4325@mail.com,Male,8469576648,India,1979-01-21
4326,Sunita,Mehta,sunita.mehta4326@mail.com,Male,6827436942,United Kingdom,2004-02-23
4327,Karthik,Singh,karthik.singh4327@example.com,Male,8704424486,United Kingdom,1997-03-17
4328,Nisha,Sharma,nisha.sharma4328@gmail.com,Male,8190079871,Australia,1968-07-13
4329,Vihaan,Shah,vihaan.shah4329@yahoo.com,Female,9790893756,Australia,1983-11-06
4330,Aanya,Agarwal,aanya.agarwal4330@mail.com,Female,6811813825,Australia,2001-04-29
4331,Nisha,Gupta,nisha.gupta4331@example.com,Male,7859445947,United States,1969-01-07
4332,Aanya,Prasad,aanya.prasad4332@yahoo.com,Male,9142361272,UAE,1982-12-03
4333,Aditya,Yadav,aditya.yadav4333@mail.com,Female,6887964238,India,1968-05-01
4334,Isha,Pillai,isha.pillai4334@yahoo.com,Male,9168903392,Australia,1992-05-05
4335,Diya,Bhatia,diya.bhatia4335@example.com,Female,7584727002,Brazil,1988-07-27
4336,Sara,Naidu,sara.naidu4336@mail.com,Female,8520438653,South Africa,1980-06-09
4337,Arjun,Trivedi,arjun.trivedi4337@yahoo.com,Female,8864671951,South Africa,1976-02-25
4338,Kavya,Menon,kavya.menon4338@example.com,Male,6867815696,Australia,1971-11-24
4339,Sai,Bose,sai.bose4339@gmail.com,Female,6981542516,Canada,1965-11-26
4340,Sneha,Chauhan,sneha.chauhan4340@gmail.com,Female,6270867158,India,1987-07-18
4341,Aarav,Nair,aarav.nair4341@yahoo.com,Female,9830838601,South Africa,1995-07-25
4342,Ananya,Bose,ananya.bose4342@example.com,Female,6950173998,Australia,1990-06-12
4343,Karthik,Roy,karthik.roy4343@mail.com,Female,8105248054,Canada,1971-07-25
4344,Diya,Verma,diya.verma4344@outlook.com,Male,6753859380,India,1975-12-22
4345,Riya,Malhotra,riya.malhotra4345@mail.com,Female,8536817120,United States,2003-05-15
4346,Sunita,Chauhan,sunita.chauhan4346@example.com,Male,6192216553,Canada,1969-04-21
4347,Isha,Das,isha.das4347@outlook.com,Male,6113000309,India,2005-02-14
4348,Arjun,Naidu,arjun.naidu4348@example.com,Female,7486397627,UAE,1995-07-13
4349,Anil,Gupta,anil.gupta4349@outlook.com,Male,8878703023,India,1970-08-15
4350,Rohan,Khan,rohan.khan4350@gmail.com,Female,6808183026,India,1989-01-16
4351,Anil,Yadav,anil.yadav4351@mail.com,Male,6518275167,Brazil,1970-04-05
4352,Priya,Prasad,priya.prasad4352@example.com,Male,8539256347,India,2004-05-21
4353,Riya,Patel,riya.patel4353@yahoo.com,Male,6352995287,Brazil,2003-04-09
4354,Vivaan,Malhotra,vivaan.malhotra4354@yahoo.com,Female,8027918881,South Africa,1985-07-13
4355,Riya,Menon,riya.menon4355@outlook.com,Female,6412715125,South Africa,1992-09-28
4356,Anil,Shah,anil.shah4356@yahoo.com,Male,9136505096,Germany,1992-06-26
4357,Aanya,Mehta,aanya.mehta4357@mail.com,Male,7266678601,Australia,1968-07-08
4358,Tarun,Gupta,tarun.gupta4358@mail.com,Female,6383994858,Australia,2005-11-05
4359,Maya,Naidu,maya.naidu4359@yahoo.com,Male,6800360240,United Kingdom,1980-07-24
4360,Sneha,Yadav,sneha.yadav4360@gmail.com,Male,8564891088,United States,1999-03-14
4361,Priya,Bose,priya.bose4361@yahoo.com,Female,6832657662,India,1980-08-31
4362,Priya,Bhatt,priya.bhatt4362@yahoo.com,Male,6173231632,Australia,1978-11-26
4363,Kiran,Reddy,kiran.reddy4363@mail.com,Female,6654267798,Germany,1972-07-27
4364,Ananya,Verma,ananya.verma4364@outlook.com,Female,8755065039,United States,1995-10-03
4365,Aditya,Kapoor,aditya.kapoor4365@gmail.com,Female,9651595125,United Kingdom,1991-01-29
4366,Tarun,Chauhan,tarun.chauhan4366@yahoo.com,Female,9390229989,France,2006-11-01
4367,Sara,Naidu,sara.naidu4367@outlook.com,Female,6540019824,Canada,1967-07-07
4368,Myra,Pillai,myra.pillai4368@example.com,Male,9361957110,India,2000-01-29
4369,Diya,Malhotra,diya.malhotra4369@outlook.com,Female,6254786718,United Kingdom,2001-02-23
4370,Ananya,Kashyap,ananya.kashyap4370@outlook.com,Male,6289157758,Canada,1970-09-21
4371,Maya,Pillai,maya.pillai4371@yahoo.com,Male,7720016109,UAE,1991-02-15
4372,Sara,Shah,sara.shah4372@yahoo.com,Female,7513777392,United States,1995-09-11
4373,Vivaan,Prasad,vivaan.prasad4373@yahoo.com,Female,7315644573,UAE,2005-11-12
4374,Aanya,Verma,aanya.verma4374@gmail.com,Female,6468603292,India,2007-10-03
4375,Myra,Nair,myra.nair4375@example.com,Male,6660581360,India,1969-07-08
4376,Vivaan,Singh,vivaan.singh4376@outlook.com,Female,7315360002,India,1999-02-06
4377,Nisha,Naidu,nisha.naidu4377@mail.com,Female,8587665154,Australia,1976-09-22
4378,Aditya,Bose,aditya.bose4378@gmail.com,Female,7781823940,UAE,1979-12-31
4379,Tarun,Pillai,tarun.pillai4379@outlook.com,Male,7083550854,United States,1970-12-18
4380,Isha,Mehta,isha.mehta4380@mail.com,Female,7469429474,France,1995-12-04
4381,Ananya,Roy,ananya.roy4381@mail.com,Male,6747047186,Brazil,1967-04-30
4382,Ananya,Naidu,ananya.naidu4382@mail.com,Female,8523262627,Canada,2007-10-18
4383,Rohan,Chauhan,rohan.chauhan4383@gmail.com,Female,6420942282,South Africa,1996-09-27
4384,Vivaan,Yadav,vivaan.yadav4384@yahoo.com,Male,8619934240,United States,2007-03-09
4385,Isha,Menon,isha.menon4385@gmail.com,Male,6327851757,Australia,1993-09-17
4386,Vivaan,Bhatia,vivaan.bhatia4386@mail.com,Male,7906382220,Australia,1981-12-19
4387,Sneha,Mehta,sneha.mehta4387@example.com,Female,9668015377,Germany,2005-12-17
4388,Karthik,Iyer,karthik.iyer4388@example.com,Male,8455583240,Germany,1987-01-27
4389,Karthik,Bhatt,karthik.bhatt4389@mail.com,Female,6377750600,Canada,1998-07-30
4390,Priya,Pillai,priya.pillai4390@yahoo.com,Female,8789878854,India,1983-03-21
4391,Tarun,Malhotra,tarun.malhotra4391@gmail.com,Female,9688748593,United States,2004-12-08
4392,Isha,Prasad,isha.prasad4392@yahoo.com,Male,6032028528,Australia,1987-04-15
4393,Kiran,Yadav,kiran.yadav4393@mail.com,Male,7851409978,Brazil,2003-03-16
4394,Sahil,Bhatia,sahil.bhatia4394@gmail.com,Male,8934223277,United States,1979-07-02
4395,Tarun,Agarwal,tarun.agarwal4395@example.com,Female,7479109810,United States,1972-01-21
4396,Ananya,Prasad,ananya.prasad4396@gmail.com,Male,8576988797,India,1992-11-27
4397,Myra,Kumar,myra.kumar4397@gmail.com,Female,9829821057,Germany,2005-05-02
4398,Anil,Chauhan,anil.chauhan4398@mail.com,Female,9355063563,France,1990-04-06
4399,Sai,Trivedi,sai.trivedi4399@example.com,Female,8381898841,South Africa,1976-05-02
4400,Sunita,Bose,sunita.bose4400@gmail.com,Male,6832895131,South Africa,2003-03-20
4401,Sara,Ghosh,sara.ghosh4401@mail.com,Female,7122296653,Brazil,1985-02-10
4402,Pooja,Mehta,pooja.mehta4402@gmail.com,Male,8125901614,United Kingdom,1969-03-24
4403,Reyansh,Kapoor,reyansh.kapoor4403@yahoo.com,Female,6837256605,France,1998-02-20
4404,Sneha,Agarwal,sneha.agarwal4404@outlook.com,Male,6591878045,United Kingdom,1988-07-02
4405,Sahil,Ghosh,sahil.ghosh4405@outlook.com,Male,8270092214,Australia,1978-05-10
4406,Diya,Mehta,diya.mehta4406@mail.com,Male,9230186866,UAE,1988-07-06
4407,Aditya,Roy,aditya.roy4407@yahoo.com,Female,8004458547,France,1981-08-15
4408,Ritu,Khan,ritu.khan4408@outlook.com,Female,6528497204,South Africa,1988-05-04
4409,Aditya,Chauhan,aditya.chauhan4409@yahoo.com,Male,7178887515,Brazil,1994-08-15
4410,Aarav,Iyer,aarav.iyer4410@yahoo.com,Female,6889943039,Australia,1970-10-23
4411,Aarav,Shah,aarav.shah4411@yahoo.com,Female,8304806049,France,1971-07-17
4412,Kiran,Patel,kiran.patel4412@example.com,Female,9854646972,United States,1996-12-01
4413,Mohit,Singh,mohit.singh4413@example.com,Female,6959573292,France,1994-07-20
4414,Diya,Singh,diya.singh4414@example.com,Female,8177764695,UAE,1967-06-04
4415,Ritu,Yadav,ritu.yadav4415@outlook.com,Male,9688720342,Australia,2005-06-07
4416,Vihaan,Joshi,vihaan.joshi4416@gmail.com,Female,7522517330,Australia,1982-10-06
4417,Anil,Patel,anil.patel4417@gmail.com,Male,6461894794,UAE,1998-01-19
4418,Ananya,Verma,ananya.verma4418@mail.com,Male,6843244398,South Africa,1974-03-10
4419,Arjun,Malhotra,arjun.malhotra4419@outlook.com,Male,6110591167,Canada,1987-05-18
4420,Aditya,Gupta,aditya.gupta4420@example.com,Female,6193585260,India,1975-01-13
4421,Diya,Kumar,diya.kumar4421@example.com,Male,6154678271,Australia,2000-03-15
4422,Rohan,Khan,rohan.khan4422@example.com,Male,9544653819,South Africa,1974-09-24
4423,Pooja,Mehta,pooja.mehta4423@example.com,Female,7878380181,France,1988-10-24
4424,Aarav,Sharma,aarav.sharma4424@outlook.com,Male,7850708791,UAE,1985-01-09
4425,Ritu,Joshi,ritu.joshi4425@gmail.com,Male,6416209084,UAE,1970-02-12
4426,Sunita,Malhotra,sunita.malhotra4426@mail.com,Male,7015159460,India,1987-04-04
4427,Krishna,Patel,krishna.patel4427@yahoo.com,Female,6916755200,Australia,1987-01-08
4428,Isha,Prasad,isha.prasad4428@gmail.com,Male,8657420405,South Africa,1987-11-25
4429,Kiran,Reddy,kiran.reddy4429@yahoo.com,Male,6340356771,Brazil,1994-11-29
4430,Sai,Nair,sai.nair4430@yahoo.com,Female,8394392400,UAE,1998-06-26
4431,Kavya,Roy,kavya.roy4431@mail.com,Male,6678139944,India,1995-08-11
4432,Aarav,Menon,aarav.menon4432@outlook.com,Male,8538104748,France,1976-05-25
4433,Rohan,Chauhan,rohan.chauhan4433@example.com,Female,9565409371,Australia,2007-09-29
4434,Rohan,Singh,rohan.singh4434@yahoo.com,Female,7833975577,Germany,1971-11-13
4435,Karthik,Naidu,karthik.naidu4435@example.com,Male,7254328396,United Kingdom,1991-06-10
4436,Aditya,Singh,aditya.singh4436@gmail.com,Male,8483429824,India,1974-10-07
4437,Sahil,Gupta,sahil.gupta4437@example.com,Female,8540559873,Brazil,2003-12-06
4438,Aanya,Khan,aanya.khan4438@example.com,Female,6584389014,Brazil,2001-07-01
4439,Anil,Prasad,anil.prasad4439@yahoo.com,Female,9261073422,United States,1997-05-31
4440,Vivaan,Sharma,vivaan.sharma4440@mail.com,Female,8851323478,Brazil,2001-10-20
4441,Sara,Ghosh,sara.ghosh4441@gmail.com,Male,8033285941,Brazil,1978-09-11
4442,Maya,Shah,maya.shah4442@gmail.com,Male,7603555218,United States,1966-05-31
4443,Karthik,Das,karthik.das4443@gmail.com,Male,7888391195,India,2003-12-15
4444,Tarun,Khan,tarun.khan4444@yahoo.com,Female,8360474256,South Africa,1966-02-15
4445,Sneha,Trivedi,sneha.trivedi4445@mail.com,Male,8439870564,Canada,1996-08-05
4446,Diya,Bhatia,diya.bhatia4446@outlook.com,Male,6502474277,South Africa,1987-10-27
4447,Kiran,Gupta,kiran.gupta4447@gmail.com,Male,8834409333,France,1993-07-02
4448,Arjun,Kapoor,arjun.kapoor4448@example.com,Female,8636233594,United Kingdom,1988-07-28
4449,Aarav,Das,aarav.das4449@example.com,Male,8752917223,Australia,1999-05-09
4450,Riya,Verma,riya.verma4450@outlook.com,Female,6371910953,India,2007-09-19
4451,Vivaan,Bhatia,vivaan.bhatia4451@example.com,Male,8579668732,South Africa,1987-12-28
4452,Krishna,Agarwal,krishna.agarwal4452@mail.com,Male,8857150308,South Africa,1977-10-04
4453,Rohan,Kapoor,rohan.kapoor4453@gmail.com,Male,9530353119,South Africa,1978-05-23
4454,Vivaan,Singh,vivaan.singh4454@mail.com,Female,6634495492,United Kingdom,2002-05-03
4455,Kavya,Singh,kavya.singh4455@gmail.com,Male,8293764147,UAE,1979-10-22
4456,Priya,Pillai,priya.pillai4456@outlook.com,Female,6081954909,UAE,2001-05-24
4457,Kiran,Iyer,kiran.iyer4457@outlook.com,Female,6374032766,Germany,2003-12-08
4458,Nisha,Sharma,nisha.sharma4458@gmail.com,Male,6826354348,Germany,1996-06-14
4459,Sneha,Sharma,sneha.sharma4459@gmail.com,Male,9920429045,Germany,2003-08-10
4460,Sneha,Trivedi,sneha.trivedi4460@yahoo.com,Male,7091982965,United States,1978-05-20
4461,Krishna,Kashyap,krishna.kashyap4461@yahoo.com,Male,8687652817,India,1985-10-02
4462,Sai,Patel,sai.patel4462@yahoo.com,Female,7599773048,Brazil,2001-10-30
4463,Maya,Bhatt,maya.bhatt4463@mail.com,Female,9582361541,Australia,1982-07-10
4464,Diya,Menon,diya.menon4464@mail.com,Male,7500052673,Germany,1997-12-25
4465,Aarav,Kashyap,aarav.kashyap4465@yahoo.com,Male,6886295127,UAE,1993-04-10
4466,Priya,Khan,priya.khan4466@yahoo.com,Male,9593208096,France,1972-09-07
4467,Sara,Kashyap,sara.kashyap4467@gmail.com,Male,8227205084,Germany,2006-11-30
4468,Sneha,Nair,sneha.nair4468@example.com,Female,6464895154,United States,1999-11-21
4469,Diya,Gupta,diya.gupta4469@yahoo.com,Male,9694366247,India,1994-04-06
4470,Mohit,Joshi,mohit.joshi4470@mail.com,Male,6692875996,Australia,1965-12-19
4471,Tarun,Kashyap,tarun.kashyap4471@gmail.com,Female,8954656522,Brazil,1987-07-23
4472,Krishna,Sharma,krishna.sharma4472@gmail.com,Female,6886507201,United States,1994-12-22
4473,Aanya,Nair,aanya.nair4473@example.com,Female,8076330672,France,2003-09-15
4474,Pooja,Ghosh,pooja.ghosh4474@outlook.com,Male,7937651883,UAE,2000-07-07
4475,Diya,Iyer,diya.iyer4475@outlook.com,Female,8054735708,United Kingdom,1991-06-19
4476,Sneha,Kashyap,sneha.kashyap4476@outlook.com,Male,6477586563,United Kingdom,1981-06-05
4477,Ananya,Singh,ananya.singh4477@gmail.com,Female,7177974221,France,1999-11-04
4478,Aarav,Gupta,aarav.gupta4478@mail.com,Female,9133248675,Brazil,1976-10-20
4479,Myra,Pillai,myra.pillai4479@gmail.com,Female,7899420431,Canada,1991-10-23
4480,Aanya,Prasad,aanya.prasad4480@outlook.com,Female,7955283383,United Kingdom,1982-11-06
4481,Aditya,Reddy,aditya.reddy4481@outlook.com,Male,9377266716,Brazil,1971-05-12
4482,Sai,Menon,sai.menon4482@outlook.com,Male,9259411683,UAE,1996-02-24
4483,Priya,Mehta,priya.mehta4483@example.com,Male,7785455660,France,1978-09-23
4484,Riya,Joshi,riya.joshi4484@outlook.com,Male,9065248417,Brazil,1970-07-15
4485,Kiran,Bose,kiran.bose4485@gmail.com,Female,8760028224,India,1992-05-13
4486,Diya,Mehta,diya.mehta4486@example.com,Male,7776092753,Germany,1986-01-09
4487,Reyansh,Prasad,reyansh.prasad4487@yahoo.com,Male,7466036278,United States,2003-06-16
4488,Sai,Mehta,sai.mehta4488@example.com,Female,8072268523,France,2005-05-15
4489,Riya,Chauhan,riya.chauhan4489@gmail.com,Female,8728229437,United States,1997-08-06
4490,Krishna,Kapoor,krishna.kapoor4490@example.com,Female,9704373320,France,1997-12-25
4491,Kiran,Joshi,kiran.joshi4491@example.com,Male,6553441276,South Africa,2005-11-14
4492,Aditya,Verma,aditya.verma4492@outlook.com,Male,6945378745,Australia,1975-12-18
4493,Rohan,Iyer,rohan.iyer4493@gmail.com,Male,8199984795,United States,2003-07-22
4494,Maya,Joshi,maya.joshi4494@gmail.com,Male,7839316868,Canada,1968-12-15
4495,Ananya,Kashyap,ananya.kashyap4495@example.com,Female,8408170161,Canada,2006-11-17
4496,Arjun,Singh,arjun.singh4496@gmail.com,Female,6133068095,United States,2004-08-18
4497,Priya,Singh,priya.singh4497@example.com,Male,9940924832,United States,1966-05-18
4498,Riya,Joshi,riya.joshi4498@example.com,Male,6696889863,UAE,1967-10-21
4499,Karthik,Malhotra,karthik.malhotra4499@example.com,Male,9874150049,United States,1986-09-05
4500,Aanya,Joshi,aanya.joshi4500@outlook.com,Female,8334393390,India,1994-03-04
4501,Sahil,Bhatia,sahil.bhatia4501@gmail.com,Female,6528366922,France,1992-09-01
4502,Ananya,Pillai,ananya.pillai4502@mail.com,Male,8319078375,Canada,1996-07-25
4503,Priya,Joshi,priya.joshi4503@mail.com,Female,7876047081,Germany,1991-06-28
4504,Diya,Bhatia,diya.bhatia4504@gmail.com,Male,9965068041,United Kingdom,2001-03-20
4505,Sneha,Gupta,sneha.gupta4505@yahoo.com,Female,6548732370,United Kingdom,2005-12-03
4506,Diya,Trivedi,diya.trivedi4506@gmail.com,Male,8203310810,United States,1985-04-18
4507,Sara,Pillai,sara.pillai4507@yahoo.com,Female,6143658926,UAE,1969-09-30
4508,Diya,Bose,diya.bose4508@yahoo.com,Male,8447606608,France,1966-04-14
4509,Karthik,Gupta,karthik.gupta4509@yahoo.com,Male,6138829833,South Africa,1982-09-07
4510,Sara,Sharma,sara.sharma4510@outlook.com,Male,6564595597,Germany,1971-07-14
4511,Aanya,Kashyap,aanya.kashyap4511@mail.com,Female,8658290063,India,1974-10-13
4512,Vivaan,Kashyap,vivaan.kashyap4512@example.com,Male,7145786187,United States,1977-07-18
4513,Sneha,Mehta,sneha.mehta4513@outlook.com,Male,7633157417,Canada,1980-01-15
4514,Pooja,Mehta,pooja.mehta4514@example.com,Female,9239485887,Canada,1971-10-11
4515,Sunita,Iyer,sunita.iyer4515@gmail.com,Female,8397879135,Brazil,2004-01-10
4516,Mohit,Bhatia,mohit.bhatia4516@example.com,Male,9666883376,United States,1990-03-26
4517,Sahil,Menon,sahil.menon4517@outlook.com,Female,8958320859,Germany,1966-06-13
4518,Pooja,Iyer,pooja.iyer4518@mail.com,Female,9836243414,India,2000-03-25
4519,Aarav,Shah,aarav.shah4519@yahoo.com,Male,6816986518,Germany,1985-11-03
4520,Maya,Malhotra,maya.malhotra4520@mail.com,Male,9751250577,United Kingdom,2001-12-25
4521,Vivaan,Kumar,vivaan.kumar4521@example.com,Female,9775377685,France,1969-02-06
4522,Isha,Naidu,isha.naidu4522@yahoo.com,Male,9107901236,South Africa,1976-02-09
4523,Krishna,Verma,krishna.verma4523@gmail.com,Male,6182482658,Australia,1989-02-18
4524,Rohan,Kumar,rohan.kumar4524@mail.com,Male,7996530866,Germany,1997-09-01
4525,Priya,Kapoor,priya.kapoor4525@outlook.com,Female,9529431007,United States,1985-09-02
4526,Ananya,Sharma,ananya.sharma4526@gmail.com,Female,6654328511,India,1983-01-20
4527,Mohit,Menon,mohit.menon4527@outlook.com,Male,6757438072,South Africa,1980-11-15
4528,Sneha,Trivedi,sneha.trivedi4528@example.com,Female,8940791835,United Kingdom,1989-02-04
4529,Tarun,Roy,tarun.roy4529@outlook.com,Male,9959156890,UAE,1978-02-06
4530,Sahil,Agarwal,sahil.agarwal4530@example.com,Female,6822741009,Canada,1978-02-13
4531,Aditya,Mehta,aditya.mehta4531@example.com,Female,8352585510,Canada,1979-12-23
4532,Rohan,Pillai,rohan.pillai4532@example.com,Male,9381287762,United States,1990-06-25
4533,Aanya,Agarwal,aanya.agarwal4533@mail.com,Male,9014719185,United States,2007-03-31
4534,Pooja,Malhotra,pooja.malhotra4534@yahoo.com,Female,7189889072,Brazil,1989-05-02
4535,Sneha,Verma,sneha.verma4535@mail.com,Male,7572385131,India,1989-07-06
4536,Sai,Prasad,sai.prasad4536@example.com,Male,7550110550,Brazil,2001-07-23
4537,Riya,Singh,riya.singh4537@mail.com,Male,9863070398,Brazil,2001-01-27
4538,Karthik,Kumar,karthik.kumar4538@outlook.com,Male,9719320502,France,2002-12-05
4539,Myra,Bhatt,myra.bhatt4539@yahoo.com,Female,7326519425,Canada,2005-06-30
4540,Reyansh,Prasad,reyansh.prasad4540@outlook.com,Female,8497330481,Australia,1992-06-02
4541,Pooja,Nair,pooja.nair4541@yahoo.com,Female,6721466826,India,1978-08-25
4542,Diya,Malhotra,diya.malhotra4542@yahoo.com,Female,7841159302,Germany,1970-12-16
4543,Isha,Roy,isha.roy4543@gmail.com,Male,9644921071,France,1998-09-29
4544,Ananya,Trivedi,ananya.trivedi4544@outlook.com,Female,8030195268,United States,1984-03-11
4545,Tarun,Kumar,tarun.kumar4545@gmail.com,Male,8074539232,Brazil,1995-03-08
4546,Sunita,Naidu,sunita.naidu4546@gmail.com,Male,9089511768,South Africa,1967-12-29
4547,Pooja,Ghosh,pooja.ghosh4547@example.com,Female,6892425771,United Kingdom,1998-11-30
4548,Rohan,Pillai,rohan.pillai4548@mail.com,Male,6775263066,Brazil,1999-08-24
4549,Vivaan,Chauhan,vivaan.chauhan4549@gmail.com,Male,7923526125,United Kingdom,1977-10-09
4550,Diya,Singh,diya.singh4550@mail.com,Female,9701373334,India,2003-07-15
4551,Karthik,Kumar,karthik.kumar4551@example.com,Female,6699772664,United States,1979-05-10
4552,Priya,Gupta,priya.gupta4552@outlook.com,Male,7986778631,Brazil,1965-12-13
4553,Isha,Gupta,isha.gupta4553@mail.com,Female,6292449497,United Kingdom,1966-06-18
4554,Reyansh,Pillai,reyansh.pillai4554@gmail.com,Female,8289062721,South Africa,1980-05-21
4555,Sunita,Bhatt,sunita.bhatt4555@outlook.com,Female,9921480494,France,1999-06-30
4556,Aditya,Bose,aditya.bose4556@outlook.com,Male,8887288935,Germany,1982-08-16
4557,Riya,Agarwal,riya.agarwal4557@yahoo.com,Male,7744859351,Australia,1992-01-22
4558,Sara,Das,sara.das4558@yahoo.com,Male,7741134381,Australia,1972-09-13
4559,Mohit,Roy,mohit.roy4559@example.com,Male,6075445258,Brazil,1975-11-04
4560,Sara,Shah,sara.shah4560@gmail.com,Male,6429933129,South Africa,1987-11-10
4561,Vihaan,Das,vihaan.das4561@example.com,Male,6669574667,South Africa,1968-11-02
4562,Aanya,Chauhan,aanya.chauhan4562@mail.com,Male,7811710265,India,1984-03-03
4563,Sneha,Chauhan,sneha.chauhan4563@example.com,Male,8817002260,France,1989-12-03
4564,Mohit,Gupta,mohit.gupta4564@outlook.com,Male,6047249211,United States,1970-02-24
4565,Krishna,Mehta,krishna.mehta4565@mail.com,Female,6086621104,Australia,2000-03-02
4566,Sneha,Reddy,sneha.reddy4566@mail.com,Male,8664271979,Brazil,1988-03-22
4567,Krishna,Verma,krishna.verma4567@yahoo.com,Male,7922110708,India,1981-06-19
4568,Nisha,Gupta,nisha.gupta4568@example.com,Male,6266180218,UAE,1978-12-28
4569,Kiran,Naidu,kiran.naidu4569@yahoo.com,Female,8226986097,Australia,1974-06-17
4570,Reyansh,Trivedi,reyansh.trivedi4570@example.com,Female,9258682213,Brazil,2004-05-09
4571,Rohan,Agarwal,rohan.agarwal4571@yahoo.com,Female,6686112379,Australia,1965-11-24
4572,Sai,Naidu,sai.naidu4572@example.com,Male,9265471918,United Kingdom,1990-12-12
4573,Aditya,Das,aditya.das4573@outlook.com,Female,6655091059,France,1996-10-30
4574,Kavya,Bose,kavya.bose4574@example.com,Male,8861981394,France,1973-06-07
4575,Diya,Roy,diya.roy4575@yahoo.com,Male,9799424119,Brazil,1970-09-15
4576,Kiran,Mehta,kiran.mehta4576@outlook.com,Female,6162604077,Canada,2006-04-26
4577,Anil,Chauhan,anil.chauhan4577@gmail.com,Female,9793439792,France,2002-06-14
4578,Nisha,Kapoor,nisha.kapoor4578@mail.com,Male,8105173505,UAE,1998-04-29
4579,Rohan,Naidu,rohan.naidu4579@outlook.com,Male,6439002592,France,2000-07-18
4580,Rohan,Verma,rohan.verma4580@outlook.com,Male,9412488122,United Kingdom,1990-08-28
4581,Anil,Patel,anil.patel4581@mail.com,Female,8532778021,Brazil,2002-01-26
4582,Riya,Menon,riya.menon4582@example.com,Male,9336403064,France,1986-11-23
4583,Rohan,Singh,rohan.singh4583@example.com,Female,8558621954,South Africa,1997-12-21
4584,Nisha,Menon,nisha.menon4584@gmail.com,Male,7369415172,United States,1996-03-27
4585,Mohit,Reddy,mohit.reddy4585@outlook.com,Female,6124009747,United Kingdom,1974-12-18
4586,Kavya,Naidu,kavya.naidu4586@mail.com,Female,6148160057,Germany,2007-06-26
4587,Vivaan,Bose,vivaan.bose4587@outlook.com,Male,7261232090,Brazil,1991-11-28
4588,Reyansh,Malhotra,reyansh.malhotra4588@gmail.com,Male,8178453321,Brazil,1981-02-05
4589,Sneha,Nair,sneha.nair4589@mail.com,Female,6236742757,Australia,1968-07-16
4590,Rohan,Menon,rohan.menon4590@yahoo.com,Male,7144638911,Germany,1984-07-27
4591,Kavya,Prasad,kavya.prasad4591@mail.com,Female,8447065646,South Africa,1992-04-30
4592,Krishna,Naidu,krishna.naidu4592@mail.com,Female,8612831397,Canada,1984-01-13
4593,Arjun,Shah,arjun.shah4593@yahoo.com,Female,9617494919,Canada,1980-10-02
4594,Sai,Naidu,sai.naidu4594@outlook.com,Female,8515581863,France,2002-05-26
4595,Sara,Bhatia,sara.bhatia4595@gmail.com,Male,7682377260,United Kingdom,1972-01-02
4596,Vihaan,Bhatt,vihaan.bhatt4596@outlook.com,Male,7538055558,United Kingdom,1972-10-21
4597,Vivaan,Trivedi,vivaan.trivedi4597@example.com,Female,7386857666,UAE,1983-02-03
4598,Anil,Pillai,anil.pillai4598@mail.com,Male,9713035613,South Africa,1977-06-05
4599,Rohan,Prasad,rohan.prasad4599@example.com,Female,6524880020,UAE,2001-05-25
4600,Ritu,Shah,ritu.shah4600@example.com,Male,9402796847,United States,1993-07-24
4601,Sara,Khan,sara.khan4601@outlook.com,Male,7217228358,United Kingdom,1989-05-01
4602,Krishna,Yadav,krishna.yadav4602@mail.com,Male,6737854402,Germany,1971-03-14
4603,Mohit,Gupta,mohit.gupta4603@yahoo.com,Female,8779307571,UAE,1991-12-09
4604,Vivaan,Gupta,vivaan.gupta4604@example.com,Female,9435849203,UAE,1983-03-27
4605,Aditya,Agarwal,aditya.agarwal4605@mail.com,Male,6921563963,India,1986-04-10
4606,Ananya,Kapoor,ananya.kapoor4606@outlook.com,Male,7776571430,Brazil,1978-06-04
4607,Isha,Menon,isha.menon4607@gmail.com,Male,9644781607,France,2005-08-05
4608,Sahil,Gupta,sahil.gupta4608@yahoo.com,Female,9226214511,United Kingdom,1999-03-17
4609,Aanya,Chauhan,aanya.chauhan4609@outlook.com,Male,9147951988,Canada,1981-09-23
4610,Sneha,Mehta,sneha.mehta4610@example.com,Male,9222918608,Germany,1969-10-08
4611,Mohit,Trivedi,mohit.trivedi4611@mail.com,Male,8681388851,India,1968-08-17
4612,Sunita,Kashyap,sunita.kashyap4612@example.com,Female,8082768353,Germany,1994-06-03
4613,Kiran,Menon,kiran.menon4613@gmail.com,Male,8359391088,Brazil,1966-11-17
4614,Aarav,Bhatia,aarav.bhatia4614@yahoo.com,Female,7493857176,South Africa,1997-11-13
4615,Vivaan,Mehta,vivaan.mehta4615@example.com,Female,6151126670,Australia,1993-04-11
4616,Reyansh,Trivedi,reyansh.trivedi4616@mail.com,Male,9764974129,United States,1991-06-30
4617,Aditya,Joshi,aditya.joshi4617@example.com,Male,6297558315,South Africa,1989-11-14
4618,Vivaan,Bose,vivaan.bose4618@example.com,Male,7461937472,United States,1975-10-13
4619,Nisha,Malhotra,nisha.malhotra4619@outlook.com,Male,8113817309,Australia,1971-04-27
4620,Karthik,Kumar,karthik.kumar4620@outlook.com,Female,7064784141,Brazil,2004-04-06
4621,Riya,Singh,riya.singh4621@yahoo.com,Male,6400434832,UAE,1981-05-17
4622,Mohit,Malhotra,mohit.malhotra4622@example.com,Male,9685904831,United Kingdom,1981-06-27
4623,Aarav,Bose,aarav.bose4623@yahoo.com,Male,9726696799,Australia,1982-05-22
4624,Arjun,Sharma,arjun.sharma4624@mail.com,Male,8980960258,Australia,1971-06-17
4625,Vihaan,Bhatt,vihaan.bhatt4625@outlook.com,Female,7874400194,France,1978-04-05
4626,Nisha,Gupta,nisha.gupta4626@yahoo.com,Female,7746657527,Germany,1968-09-10
4627,Myra,Agarwal,myra.agarwal4627@example.com,Female,8791202929,Canada,2006-12-04
4628,Karthik,Bhatia,karthik.bhatia4628@mail.com,Male,6644866548,Brazil,1979-02-17
4629,Mohit,Singh,mohit.singh4629@yahoo.com,Female,9625525001,UAE,1992-11-19
4630,Ritu,Sharma,ritu.sharma4630@outlook.com,Male,8570342591,France,1989-12-14
4631,Nisha,Verma,nisha.verma4631@example.com,Male,8038809451,Brazil,1996-04-27
4632,Kavya,Naidu,kavya.naidu4632@mail.com,Male,6972693043,Canada,1997-06-04
4633,Sneha,Bose,sneha.bose4633@mail.com,Male,7163955498,United Kingdom,2006-02-27
4634,Vivaan,Reddy,vivaan.reddy4634@gmail.com,Female,6004772857,South Africa,1995-01-20
4635,Sneha,Das,sneha.das4635@gmail.com,Female,7510656092,Australia,2007-03-13
4636,Krishna,Kapoor,krishna.kapoor4636@outlook.com,Male,6828755778,France,1993-09-02
4637,Kiran,Bose,kiran.bose4637@yahoo.com,Female,7386201390,France,1991-09-19
4638,Kiran,Ghosh,kiran.ghosh4638@mail.com,Female,7244593349,South Africa,1997-12-10
4639,Mohit,Menon,mohit.menon4639@mail.com,Female,6487449954,UAE,1983-12-01
4640,Sai,Joshi,sai.joshi4640@yahoo.com,Male,9094987021,Canada,1998-11-22
4641,Sai,Naidu,sai.naidu4641@gmail.com,Male,8970170692,Australia,1969-05-02
4642,Sahil,Kashyap,sahil.kashyap4642@yahoo.com,Female,6078388268,Brazil,1972-09-20
4643,Anil,Yadav,anil.yadav4643@yahoo.com,Female,9051146033,South Africa,1986-02-16
4644,Pooja,Reddy,pooja.reddy4644@gmail.com,Female,8918681713,France,1971-02-07
4645,Riya,Nair,riya.nair4645@mail.com,Female,8787488340,France,1985-08-03
4646,Vivaan,Prasad,vivaan.prasad4646@yahoo.com,Male,6288552551,India,1987-06-27
4647,Aarav,Bose,aarav.bose4647@yahoo.com,Male,9543813458,Germany,2001-09-14
4648,Reyansh,Menon,reyansh.menon4648@outlook.com,Female,9194505815,Canada,1994-06-08
4649,Aditya,Reddy,aditya.reddy4649@example.com,Female,8898750976,Brazil,1992-07-07
4650,Sara,Ghosh,sara.ghosh4650@gmail.com,Female,7040853607,South Africa,1981-11-09
4651,Rohan,Agarwal,rohan.agarwal4651@mail.com,Male,8521660367,United States,2000-05-17
4652,Priya,Kashyap,priya.kashyap4652@gmail.com,Female,6886857734,France,1971-10-15
4653,Krishna,Roy,krishna.roy4653@gmail.com,Female,6023541607,Brazil,1992-12-07
4654,Aditya,Agarwal,aditya.agarwal4654@outlook.com,Female,8093247330,Germany,2002-05-17
4655,Ritu,Joshi,ritu.joshi4655@mail.com,Male,7575499669,Australia,1983-07-29
4656,Reyansh,Malhotra,reyansh.malhotra4656@outlook.com,Female,7840746243,Canada,1984-07-02
4657,Sneha,Trivedi,sneha.trivedi4657@yahoo.com,Female,9832590020,India,1981-11-26
4658,Sunita,Menon,sunita.menon4658@outlook.com,Male,6943555123,Australia,1970-11-15
4659,Rohan,Gupta,rohan.gupta4659@yahoo.com,Female,8908396905,Canada,1992-06-13
4660,Sneha,Menon,sneha.menon4660@yahoo.com,Female,7009010754,Germany,1973-06-16
4661,Ananya,Gupta,ananya.gupta4661@example.com,Female,7315357486,India,1983-08-29
4662,Priya,Trivedi,priya.trivedi4662@mail.com,Female,8143995361,Canada,1995-01-19
4663,Pooja,Sharma,pooja.sharma4663@outlook.com,Male,8172590976,India,1987-06-29
4664,Arjun,Nair,arjun.nair4664@example.com,Female,8568050577,India,1966-05-13
4665,Karthik,Prasad,karthik.prasad4665@outlook.com,Male,7670875648,Germany,2003-04-06
4666,Ananya,Kapoor,ananya.kapoor4666@example.com,Male,6178756321,Canada,2006-08-27
4667,Vivaan,Bhatia,vivaan.bhatia4667@mail.com,Female,6310568546,United States,1968-10-22
4668,Vivaan,Reddy,vivaan.reddy4668@outlook.com,Female,6429088586,Germany,1987-09-16
4669,Rohan,Bose,rohan.bose4669@example.com,Female,8503186422,India,2000-01-09
4670,Pooja,Roy,pooja.roy4670@example.com,Female,7121317363,Australia,1992-05-18
4671,Vihaan,Iyer,vihaan.iyer4671@yahoo.com,Female,7103316019,United States,1990-09-24
4672,Maya,Malhotra,maya.malhotra4672@gmail.com,Female,6766308589,Canada,2006-11-12
4673,Sara,Kapoor,sara.kapoor4673@example.com,Female,6758351120,Brazil,1970-05-26
4674,Anil,Prasad,anil.prasad4674@mail.com,Male,7535099283,South Africa,1979-07-11
4675,Sunita,Bose,sunita.bose4675@yahoo.com,Male,7621264112,Brazil,1967-03-22
4676,Ananya,Pillai,ananya.pillai4676@yahoo.com,Female,9573132053,Australia,1972-02-12
4677,Maya,Pillai,maya.pillai4677@yahoo.com,Male,8585544613,France,2004-08-28
4678,Sai,Chauhan,sai.chauhan4678@gmail.com,Female,6378031560,United Kingdom,1983-11-25
4679,Myra,Verma,myra.verma4679@mail.com,Male,8280355126,Canada,1980-01-15
4680,Arjun,Yadav,arjun.yadav4680@example.com,Female,6799778830,Brazil,1989-06-29
4681,Sara,Patel,sara.patel4681@outlook.com,Female,8024852044,France,1998-06-20
4682,Diya,Roy,diya.roy4682@mail.com,Male,7315017109,UAE,1969-02-24
4683,Aanya,Sharma,aanya.sharma4683@mail.com,Male,9736338220,South Africa,1984-07-20
4684,Kavya,Sharma,kavya.sharma4684@gmail.com,Female,7722464491,Australia,2004-12-01
4685,Myra,Nair,myra.nair4685@mail.com,Female,9212150981,South Africa,1982-04-26
4686,Sneha,Yadav,sneha.yadav4686@outlook.com,Female,7825393025,Canada,1996-08-23
4687,Krishna,Das,krishna.das4687@mail.com,Male,9709503826,Australia,1974-02-14
4688,Sahil,Gupta,sahil.gupta4688@example.com,Female,6229020778,Australia,1997-11-21
4689,Riya,Mehta,riya.mehta4689@yahoo.com,Female,6568853182,Brazil,1971-09-02
4690,Sunita,Nair,sunita.nair4690@outlook.com,Female,6461832536,United Kingdom,2007-02-18
4691,Priya,Yadav,priya.yadav4691@example.com,Female,7635910042,France,1995-03-18
4692,Karthik,Das,karthik.das4692@gmail.com,Male,8555614942,Canada,1972-02-25
4693,Nisha,Kapoor,nisha.kapoor4693@outlook.com,Male,9067837812,United Kingdom,1991-02-17
4694,Riya,Bhatt,riya.bhatt4694@outlook.com,Male,7634603311,United States,1985-02-07
4695,Sai,Patel,sai.patel4695@outlook.com,Female,6401114520,France,1979-11-25
4696,Sahil,Gupta,sahil.gupta4696@outlook.com,Female,8153124324,Canada,2000-10-24
4697,Aanya,Prasad,aanya.prasad4697@yahoo.com,Female,8248097528,Canada,2000-08-09
4698,Vivaan,Kumar,vivaan.kumar4698@example.com,Male,9515134293,Canada,1967-12-04
4699,Nisha,Patel,nisha.patel4699@yahoo.com,Male,9786176160,Canada,1973-04-11
4700,Myra,Das,myra.das4700@example.com,Male,7664670694,South Africa,1988-07-08
4701,Myra,Shah,myra.shah4701@gmail.com,Male,8293786933,Germany,1996-03-03
4702,Aanya,Singh,aanya.singh4702@yahoo.com,Male,9214535326,United Kingdom,1965-12-25
4703,Krishna,Ghosh,krishna.ghosh4703@outlook.com,Female,6486473093,India,1977-07-11
4704,Anil,Kashyap,anil.kashyap4704@mail.com,Female,6692945527,Germany,1981-07-04
4705,Aarav,Khan,aarav.khan4705@outlook.com,Male,6186497730,Brazil,1969-10-13
4706,Nisha,Bhatt,nisha.bhatt4706@yahoo.com,Female,8458528319,India,1975-06-15
4707,Sahil,Bose,sahil.bose4707@yahoo.com,Female,7882780901,Canada,1973-09-16
4708,Anil,Roy,anil.roy4708@outlook.com,Female,8805163348,United Kingdom,1980-03-28
4709,Ritu,Bhatt,ritu.bhatt4709@yahoo.com,Female,9286062712,Brazil,1988-03-23
4710,Karthik,Sharma,karthik.sharma4710@outlook.com,Female,9829764664,Australia,1983-04-13
4711,Sneha,Roy,sneha.roy4711@example.com,Male,9578313795,United Kingdom,2004-11-13
4712,Sneha,Nair,sneha.nair4712@example.com,Male,6519615714,India,1981-08-20
4713,Kiran,Khan,kiran.khan4713@mail.com,Female,9603503691,India,1993-04-16
4714,Sai,Chauhan,sai.chauhan4714@gmail.com,Female,6403676629,United Kingdom,1996-07-31
4715,Sneha,Mehta,sneha.mehta4715@outlook.com,Female,8666765567,United Kingdom,2005-01-06
4716,Myra,Bose,myra.bose4716@gmail.com,Female,9408859873,Canada,2004-08-09
4717,Arjun,Kapoor,arjun.kapoor4717@example.com,Male,8478546720,Brazil,1974-05-05
4718,Ananya,Das,ananya.das4718@yahoo.com,Female,7335318643,France,1970-11-28
4719,Priya,Shah,priya.shah4719@gmail.com,Male,7248543888,Germany,1968-02-11
4720,Kiran,Khan,kiran.khan4720@gmail.com,Female,8381175087,Australia,1985-04-08
4721,Sneha,Pillai,sneha.pillai4721@example.com,Female,7806708417,United Kingdom,2006-07-05
4722,Aditya,Menon,aditya.menon4722@outlook.com,Female,9413438966,United States,1996-04-29
4723,Aditya,Bose,aditya.bose4723@outlook.com,Female,9050916331,Australia,1969-04-05
4724,Pooja,Trivedi,pooja.trivedi4724@outlook.com,Male,8831844927,UAE,1967-03-14
4725,Riya,Nair,riya.nair4725@outlook.com,Male,9533568451,Brazil,2007-10-19
4726,Diya,Kapoor,diya.kapoor4726@outlook.com,Male,8716468889,Australia,1970-01-27
4727,Aarav,Bhatia,aarav.bhatia4727@mail.com,Female,6165459357,Australia,1984-10-03
4728,Ananya,Bhatt,ananya.bhatt4728@example.com,Male,8106022040,United States,1982-05-04
4729,Ritu,Agarwal,ritu.agarwal4729@yahoo.com,Female,8113615490,Australia,1993-07-19
4730,Priya,Prasad,priya.prasad4730@example.com,Male,7012376423,South Africa,2006-07-02
4731,Kavya,Menon,kavya.menon4731@mail.com,Female,7907863126,Germany,1993-05-16
4732,Sara,Patel,sara.patel4732@mail.com,Male,9303591340,Brazil,1998-06-04
4733,Priya,Gupta,priya.gupta4733@mail.com,Male,9483041405,India,1972-08-10
4734,Kiran,Kapoor,kiran.kapoor4734@yahoo.com,Male,7076869125,UAE,2001-09-15
4735,Isha,Joshi,isha.joshi4735@example.com,Male,6357184901,India,1967-05-11
4736,Anil,Mehta,anil.mehta4736@gmail.com,Female,8623603574,Brazil,1978-07-29
4737,Aanya,Iyer,aanya.iyer4737@example.com,Female,6338120925,United States,1998-09-22
4738,Maya,Chauhan,maya.chauhan4738@yahoo.com,Male,6118486223,Canada,1988-11-21
4739,Nisha,Naidu,nisha.naidu4739@mail.com,Female,6293105109,Brazil,1992-05-17
4740,Ritu,Pillai,ritu.pillai4740@example.com,Female,8046418218,France,1976-04-27
4741,Pooja,Kashyap,pooja.kashyap4741@gmail.com,Female,6896110872,Canada,1987-07-12
4742,Pooja,Roy,pooja.roy4742@gmail.com,Female,9764052090,Germany,1987-06-17
4743,Isha,Prasad,isha.prasad4743@gmail.com,Female,8709962320,France,1969-01-16
4744,Tarun,Mehta,tarun.mehta4744@outlook.com,Male,7063961118,Germany,1995-01-14
4745,Diya,Naidu,diya.naidu4745@outlook.com,Male,6205391987,India,1992-07-28
4746,Sara,Shah,sara.shah4746@yahoo.com,Female,8160601419,France,2002-03-11
4747,Ananya,Roy,ananya.roy4747@gmail.com,Male,8773107826,Brazil,1974-09-24
4748,Tarun,Roy,tarun.roy4748@mail.com,Male,7502822193,United States,1997-12-16
4749,Nisha,Khan,nisha.khan4749@example.com,Female,7806055220,Australia,1987-01-25
4750,Vihaan,Gupta,vihaan.gupta4750@yahoo.com,Male,9207741545,Australia,2002-10-12
4751,Nisha,Roy,nisha.roy4751@mail.com,Male,6878290492,United States,1997-05-29
4752,Karthik,Ghosh,karthik.ghosh4752@yahoo.com,Male,7873826497,South Africa,1995-07-18
4753,Tarun,Malhotra,tarun.malhotra4753@outlook.com,Male,9384869861,France,2005-08-06
4754,Aanya,Sharma,aanya.sharma4754@example.com,Female,9360593202,Canada,2001-03-13
4755,Vihaan,Verma,vihaan.verma4755@gmail.com,Male,9100921597,France,1999-03-07
4756,Aanya,Kumar,aanya.kumar4756@yahoo.com,Male,8119367323,Australia,1971-03-19
4757,Karthik,Bhatt,karthik.bhatt4757@example.com,Male,8077052379,United States,1992-03-12
4758,Sara,Joshi,sara.joshi4758@gmail.com,Female,9950151139,United Kingdom,1997-08-24
4759,Arjun,Trivedi,arjun.trivedi4759@yahoo.com,Female,6770181487,UAE,1972-11-23
4760,Priya,Gupta,priya.gupta4760@gmail.com,Female,7641218299,France,1977-07-20
4761,Krishna,Kashyap,krishna.kashyap4761@yahoo.com,Male,9420143413,France,1992-12-23
4762,Sara,Trivedi,sara.trivedi4762@outlook.com,Female,7380635312,United Kingdom,1979-04-22
4763,Sahil,Verma,sahil.verma4763@example.com,Male,6582179482,France,1984-10-09
4764,Sunita,Menon,sunita.menon4764@outlook.com,Female,8375855443,UAE,1974-12-25
4765,Ananya,Agarwal,ananya.agarwal4765@outlook.com,Male,8122212768,South Africa,2006-08-23
4766,Reyansh,Ghosh,reyansh.ghosh4766@gmail.com,Male,8078970038,South Africa,1997-08-12
4767,Sneha,Singh,sneha.singh4767@mail.com,Male,8397542113,United Kingdom,1985-11-22
4768,Diya,Joshi,diya.joshi4768@yahoo.com,Male,7960454158,Germany,1973-03-18
4769,Krishna,Patel,krishna.patel4769@outlook.com,Male,9825462098,Australia,1970-08-09
4770,Aarav,Joshi,aarav.joshi4770@outlook.com,Male,6396212349,India,1974-06-27
4771,Pooja,Bhatt,pooja.bhatt4771@outlook.com,Male,9187197456,Australia,1995-09-06
4772,Myra,Khan,myra.khan4772@gmail.com,Male,6604102011,Brazil,1994-01-09
4773,Mohit,Joshi,mohit.joshi4773@outlook.com,Male,7857992695,Brazil,1967-03-25
4774,Rohan,Reddy,rohan.reddy4774@gmail.com,Female,8081163584,UAE,2005-06-09
4775,Tarun,Kapoor,tarun.kapoor4775@gmail.com,Male,7783811462,France,1970-05-28
4776,Riya,Roy,riya.roy4776@gmail.com,Male,7266690229,Canada,2000-03-22
4777,Sahil,Bhatt,sahil.bhatt4777@gmail.com,Female,9271434288,Canada,1988-04-05
4778,Aanya,Bhatt,aanya.bhatt4778@example.com,Female,9018976533,UAE,2000-10-19
4779,Ananya,Roy,ananya.roy4779@example.com,Female,8465302407,United States,1979-12-27
4780,Krishna,Yadav,krishna.yadav4780@gmail.com,Female,7535094707,UAE,1988-09-26
4781,Diya,Agarwal,diya.agarwal4781@example.com,Male,8110158552,Germany,2001-01-09
4782,Mohit,Nair,mohit.nair4782@example.com,Female,9450197778,United Kingdom,1990-10-24
4783,Krishna,Verma,krishna.verma4783@mail.com,Male,7533453976,India,1971-01-22
4784,Isha,Ghosh,isha.ghosh4784@gmail.com,Male,7145087022,Canada,1982-02-18
4785,Sunita,Malhotra,sunita.malhotra4785@example.com,Female,7587432743,Brazil,2004-10-11
4786,Maya,Verma,maya.verma4786@gmail.com,Female,9743482443,South Africa,1973-04-02
4787,Kavya,Menon,kavya.menon4787@example.com,Male,9006283186,Brazil,1992-06-19
4788,Maya,Roy,maya.roy4788@example.com,Male,6990046394,Germany,2006-03-08
4789,Sahil,Bhatt,sahil.bhatt4789@example.com,Female,9360878943,United Kingdom,1965-10-31
4790,Ananya,Das,ananya.das4790@outlook.com,Female,9462347704,South Africa,1989-02-21
4791,Riya,Kapoor,riya.kapoor4791@mail.com,Female,8219764525,Brazil,1984-06-25
4792,Aarav,Naidu,aarav.naidu4792@yahoo.com,Male,8922166777,Brazil,1979-04-21
4793,Ritu,Bhatt,ritu.bhatt4793@gmail.com,Female,6557984206,Brazil,2003-10-17
4794,Sai,Pillai,sai.pillai4794@example.com,Male,6316183956,France,1976-08-31
4795,Vivaan,Bhatia,vivaan.bhatia4795@gmail.com,Female,6444439375,Australia,2000-12-16
4796,Sneha,Kumar,sneha.kumar4796@gmail.com,Male,9796798446,France,1991-03-10
4797,Sahil,Joshi,sahil.joshi4797@gmail.com,Female,8854098760,France,1995-05-28
4798,Maya,Yadav,maya.yadav4798@gmail.com,Female,7441838568,Canada,1972-03-28
4799,Arjun,Bhatt,arjun.bhatt4799@mail.com,Male,8378449770,United Kingdom,2002-11-20
4800,Maya,Trivedi,maya.trivedi4800@example.com,Female,8395462516,Brazil,1991-03-27
4801,Maya,Joshi,maya.joshi4801@example.com,Female,7805877150,United States,1987-01-19
4802,Mohit,Sharma,mohit.sharma4802@gmail.com,Male,8610708628,Brazil,1972-07-16
4803,Mohit,Joshi,mohit.joshi4803@example.com,Female,8905724093,United Kingdom,1995-07-03
4804,Sara,Kumar,sara.kumar4804@yahoo.com,Female,6653957762,Australia,2006-06-19
4805,Maya,Khan,maya.khan4805@outlook.com,Female,8881632510,Australia,2005-05-08
4806,Tarun,Bhatia,tarun.bhatia4806@gmail.com,Male,9744087829,France,1978-02-25
4807,Aanya,Yadav,aanya.yadav4807@mail.com,Female,6535994477,France,1999-05-19
4808,Sunita,Malhotra,sunita.malhotra4808@gmail.com,Female,7304395859,France,2001-01-31
4809,Priya,Bose,priya.bose4809@gmail.com,Female,6254864644,South Africa,1981-10-07
4810,Mohit,Iyer,mohit.iyer4810@mail.com,Male,8521318762,UAE,1983-04-25
4811,Tarun,Bose,tarun.bose4811@example.com,Female,9122805147,Australia,1988-06-19
4812,Vivaan,Das,vivaan.das4812@outlook.com,Male,6850523702,Brazil,2003-11-03
4813,Karthik,Sharma,karthik.sharma4813@example.com,Female,6300674090,Germany,1971-10-22
4814,Ananya,Pillai,ananya.pillai4814@gmail.com,Male,8977121324,UAE,1966-01-20
4815,Pooja,Sharma,pooja.sharma4815@mail.com,Female,9169240095,Germany,1991-09-26
4816,Tarun,Mehta,tarun.mehta4816@outlook.com,Male,6153355062,United States,1979-01-23
4817,Tarun,Singh,tarun.singh4817@mail.com,Female,9748310320,United States,1982-11-27
4818,Myra,Sharma,myra.sharma4818@gmail.com,Female,8504925459,India,1980-06-30
4819,Karthik,Bose,karthik.bose4819@outlook.com,Female,8586047765,Germany,1965-12-05
4820,Aanya,Khan,aanya.khan4820@mail.com,Female,9092896545,Germany,2001-02-28
4821,Rohan,Menon,rohan.menon4821@gmail.com,Male,7487419589,India,1994-04-19
4822,Mohit,Malhotra,mohit.malhotra4822@gmail.com,Female,6905725754,Brazil,1995-05-21
4823,Aditya,Bose,aditya.bose4823@yahoo.com,Female,6932158387,France,2003-09-03
4824,Sneha,Bose,sneha.bose4824@gmail.com,Female,8090647482,Brazil,1986-08-09
4825,Ananya,Khan,ananya.khan4825@yahoo.com,Male,6434200457,France,1977-03-30
4826,Vivaan,Ghosh,vivaan.ghosh4826@outlook.com,Male,6144091637,South Africa,1984-04-29
4827,Nisha,Ghosh,nisha.ghosh4827@example.com,Female,8438066610,South Africa,1984-09-16
4828,Reyansh,Chauhan,reyansh.chauhan4828@gmail.com,Male,8363376561,Australia,1998-06-29
4829,Mohit,Kashyap,mohit.kashyap4829@mail.com,Female,7342857986,UAE,2004-06-22
4830,Kavya,Yadav,kavya.yadav4830@outlook.com,Male,7775105022,Canada,1970-09-09
4831,Riya,Gupta,riya.gupta4831@example.com,Female,8102113378,India,1966-04-23
4832,Anil,Verma,anil.verma4832@outlook.com,Male,6883519763,United States,1966-07-11
4833,Tarun,Roy,tarun.roy4833@outlook.com,Female,6653196450,Germany,1998-08-31
4834,Sneha,Singh,sneha.singh4834@mail.com,Female,8611614435,United States,1986-09-19
4835,Myra,Kashyap,myra.kashyap4835@outlook.com,Female,6848030179,Australia,1966-09-29
4836,Arjun,Patel,arjun.patel4836@yahoo.com,Female,7220294229,Australia,1987-06-25
4837,Kiran,Prasad,kiran.prasad4837@outlook.com,Female,8108733498,South Africa,1972-10-31
4838,Tarun,Naidu,tarun.naidu4838@example.com,Female,8815379234,Brazil,1975-08-03
4839,Nisha,Prasad,nisha.prasad4839@mail.com,Female,8704641415,Canada,1966-03-23
4840,Myra,Khan,myra.khan4840@outlook.com,Male,9868210664,India,1997-03-22
4841,Ananya,Agarwal,ananya.agarwal4841@example.com,Female,8502270966,France,1994-07-14
4842,Pooja,Gupta,pooja.gupta4842@yahoo.com,Female,9617686013,France,1993-09-23
4843,Mohit,Pillai,mohit.pillai4843@outlook.com,Male,9737137777,India,1968-03-03
4844,Sahil,Menon,sahil.menon4844@gmail.com,Male,9053928034,United Kingdom,1987-07-19
4845,Kavya,Agarwal,kavya.agarwal4845@gmail.com,Female,9928645593,United Kingdom,2005-02-13
4846,Arjun,Roy,arjun.roy4846@mail.com,Female,6402412578,India,1968-10-31
4847,Ananya,Das,ananya.das4847@yahoo.com,Female,6333263907,Germany,1977-08-09
4848,Diya,Sharma,diya.sharma4848@yahoo.com,Female,6572069635,Canada,1974-08-24
4849,Aditya,Mehta,aditya.mehta4849@gmail.com,Female,7418254182,UAE,2003-04-01
4850,Aditya,Yadav,aditya.yadav4850@outlook.com,Female,7128201494,South Africa,1993-09-14
4851,Aditya,Kumar,aditya.kumar4851@example.com,Female,6503652365,Brazil,1991-08-28
4852,Aarav,Khan,aarav.khan4852@gmail.com,Male,8209088731,Brazil,1981-08-07
4853,Vivaan,Trivedi,vivaan.trivedi4853@gmail.com,Male,7547251870,France,1997-10-07
4854,Rohan,Prasad,rohan.prasad4854@example.com,Female,9960392956,United Kingdom,1994-07-01
4855,Mohit,Patel,mohit.patel4855@outlook.com,Female,7458079752,India,1995-03-17
4856,Kiran,Verma,kiran.verma4856@example.com,Male,9040543640,Germany,2001-12-10
4857,Rohan,Menon,rohan.menon4857@gmail.com,Male,9658117284,Germany,2002-02-10
4858,Sunita,Kashyap,sunita.kashyap4858@gmail.com,Female,9692783458,Canada,1979-01-26
4859,Aditya,Patel,aditya.patel4859@gmail.com,Male,7153720368,United Kingdom,1970-05-05
4860,Rohan,Mehta,rohan.mehta4860@example.com,Female,6145737764,UAE,1967-02-15
4861,Diya,Gupta,diya.gupta4861@mail.com,Male,9696443801,India,1973-10-20
4862,Rohan,Bhatt,rohan.bhatt4862@yahoo.com,Male,7247210650,Canada,1982-11-13
4863,Kavya,Yadav,kavya.yadav4863@mail.com,Female,9611332804,Australia,1979-01-16
4864,Mohit,Mehta,mohit.mehta4864@gmail.com,Male,9951592234,Australia,1982-10-02
4865,Pooja,Kashyap,pooja.kashyap4865@mail.com,Male,8240541110,United Kingdom,1995-04-12
4866,Sara,Naidu,sara.naidu4866@yahoo.com,Female,9406149220,Brazil,1968-04-26
4867,Aditya,Yadav,aditya.yadav4867@gmail.com,Female,7061299771,Brazil,2004-02-06
4868,Arjun,Das,arjun.das4868@yahoo.com,Male,8288125538,France,1969-02-21
4869,Isha,Chauhan,isha.chauhan4869@example.com,Female,8650550944,United States,1984-06-26
4870,Vivaan,Bhatia,vivaan.bhatia4870@yahoo.com,Female,9093508392,France,1983-02-13
4871,Arjun,Singh,arjun.singh4871@gmail.com,Male,9100896087,India,1972-06-06
4872,Riya,Yadav,riya.yadav4872@yahoo.com,Male,7070187902,United States,1995-01-20
4873,Reyansh,Trivedi,reyansh.trivedi4873@yahoo.com,Male,8484693029,Canada,1984-11-26
4874,Riya,Joshi,riya.joshi4874@gmail.com,Female,9967602659,Canada,1978-02-19
4875,Arjun,Iyer,arjun.iyer4875@gmail.com,Female,7315373584,Australia,1985-03-25
4876,Isha,Naidu,isha.naidu4876@mail.com,Male,8483810799,France,1991-01-12
4877,Pooja,Nair,pooja.nair4877@example.com,Male,7737848528,Brazil,1993-01-05
4878,Maya,Menon,maya.menon4878@outlook.com,Male,7638253377,South Africa,1981-08-23
4879,Diya,Bhatia,diya.bhatia4879@outlook.com,Female,7346633788,Australia,1981-11-14
4880,Ananya,Pillai,ananya.pillai4880@outlook.com,Male,7870086336,Canada,1992-10-26
4881,Aanya,Verma,aanya.verma4881@outlook.com,Female,8927621743,South Africa,2005-01-24
4882,Karthik,Kapoor,karthik.kapoor4882@mail.com,Female,6164106535,United Kingdom,1979-07-22
4883,Nisha,Joshi,nisha.joshi4883@outlook.com,Female,7001805917,India,1978-06-20
4884,Aanya,Malhotra,aanya.malhotra4884@gmail.com,Female,9394759279,Australia,1976-09-02
4885,Anil,Reddy,anil.reddy4885@gmail.com,Male,7354163236,Canada,2005-08-19
4886,Sneha,Pillai,sneha.pillai4886@outlook.com,Male,8600772584,South Africa,2004-11-04
4887,Sahil,Pillai,sahil.pillai4887@outlook.com,Male,8754741567,Australia,1968-05-06
4888,Vihaan,Patel,vihaan.patel4888@outlook.com,Female,6967301865,Australia,1997-11-05
4889,Ritu,Iyer,ritu.iyer4889@outlook.com,Male,6345104491,Canada,1981-06-06
4890,Aditya,Sharma,aditya.sharma4890@outlook.com,Female,6390739177,UAE,1969-05-07
4891,Arjun,Patel,arjun.patel4891@gmail.com,Female,6226684639,France,1986-01-17
4892,Aditya,Kashyap,aditya.kashyap4892@outlook.com,Male,9584131357,Germany,1985-11-12
4893,Anil,Sharma,anil.sharma4893@gmail.com,Female,6316826152,UAE,1993-03-14
4894,Maya,Menon,maya.menon4894@outlook.com,Male,9642851271,United States,1973-01-24
4895,Nisha,Mehta,nisha.mehta4895@outlook.com,Female,6502600586,United States,1967-11-19
4896,Aanya,Patel,aanya.patel4896@outlook.com,Female,7022847466,United States,1979-09-24
4897,Sai,Kapoor,sai.kapoor4897@mail.com,Male,6550431222,France,1983-05-16
4898,Priya,Kapoor,priya.kapoor4898@mail.com,Female,9097519209,Germany,1968-12-06
4899,Sara,Ghosh,sara.ghosh4899@example.com,Female,8486902794,Australia,1970-02-15
4900,Karthik,Bhatt,karthik.bhatt4900@outlook.com,Female,9990822444,UAE,2002-03-04
4901,Vihaan,Mehta,vihaan.mehta4901@mail.com,Male,8379513835,France,2001-10-10
4902,Sneha,Prasad,sneha.prasad4902@outlook.com,Male,6788628708,UAE,2004-10-07
4903,Rohan,Kashyap,rohan.kashyap4903@gmail.com,Female,8084114635,United States,1995-05-03
4904,Sneha,Chauhan,sneha.chauhan4904@example.com,Male,9673040267,Canada,1978-02-05
4905,Maya,Yadav,maya.yadav4905@gmail.com,Female,7813461784,Australia,2003-11-13
4906,Kiran,Bhatia,kiran.bhatia4906@outlook.com,Female,7353110103,Canada,1979-08-17
4907,Pooja,Sharma,pooja.sharma4907@gmail.com,Female,6928214000,Brazil,1984-08-08
4908,Arjun,Verma,arjun.verma4908@gmail.com,Female,6843662854,Canada,1983-12-04
4909,Ananya,Agarwal,ananya.agarwal4909@mail.com,Female,9762567324,Canada,1995-02-02
4910,Priya,Das,priya.das4910@outlook.com,Male,6201630558,United States,1998-12-05
4911,Sai,Singh,sai.singh4911@gmail.com,Male,7976552137,Canada,2007-03-28
4912,Ritu,Sharma,ritu.sharma4912@gmail.com,Female,6723185352,South Africa,1982-12-03
4913,Mohit,Iyer,mohit.iyer4913@gmail.com,Female,8188555328,India,1982-01-27
4914,Arjun,Agarwal,arjun.agarwal4914@yahoo.com,Female,9680149603,France,1982-06-28
4915,Mohit,Kashyap,mohit.kashyap4915@example.com,Female,9407645662,France,1994-08-06
4916,Nisha,Singh,nisha.singh4916@outlook.com,Male,9648524809,Australia,1994-01-27
4917,Priya,Malhotra,priya.malhotra4917@outlook.com,Female,6299714623,United States,1999-10-07
4918,Diya,Trivedi,diya.trivedi4918@mail.com,Male,7610053473,France,1977-12-09
4919,Anil,Bose,anil.bose4919@yahoo.com,Male,7576288634,Australia,1971-05-21
4920,Karthik,Iyer,karthik.iyer4920@outlook.com,Female,7996680902,India,1991-11-21
4921,Pooja,Bose,pooja.bose4921@example.com,Female,9198397128,United States,1988-09-06
4922,Kavya,Pillai,kavya.pillai4922@gmail.com,Male,6557868762,United States,1992-12-15
4923,Vihaan,Pillai,vihaan.pillai4923@gmail.com,Female,8638459705,UAE,1997-12-29
4924,Krishna,Menon,krishna.menon4924@mail.com,Female,9256655720,Germany,1968-11-30
4925,Anil,Naidu,anil.naidu4925@example.com,Female,7697891169,South Africa,2003-03-16
4926,Reyansh,Trivedi,reyansh.trivedi4926@outlook.com,Female,7439855954,France,1969-10-08
4927,Sunita,Joshi,sunita.joshi4927@outlook.com,Female,9790874404,South Africa,1980-07-17
4928,Aarav,Gupta,aarav.gupta4928@mail.com,Female,7955653739,UAE,1985-07-15
4929,Vivaan,Bhatt,vivaan.bhatt4929@example.com,Male,8285525754,United States,1973-08-04
4930,Kavya,Reddy,kavya.reddy4930@mail.com,Female,6056412953,Germany,1999-06-20
4931,Sara,Agarwal,sara.agarwal4931@outlook.com,Female,9069743642,India,1977-01-01
4932,Ritu,Mehta,ritu.mehta4932@outlook.com,Female,9040655916,India,1984-10-26
4933,Sai,Verma,sai.verma4933@yahoo.com,Male,8198904479,France,2000-03-02
4934,Myra,Bose,myra.bose4934@example.com,Male,6730304288,India,1984-04-09
4935,Ananya,Singh,ananya.singh4935@outlook.com,Female,7089745899,India,1966-08-19
4936,Aanya,Pillai,aanya.pillai4936@gmail.com,Female,8190148568,South Africa,2005-02-03
4937,Krishna,Sharma,krishna.sharma4937@example.com,Male,8778113275,Brazil,1971-05-31
4938,Karthik,Gupta,karthik.gupta4938@yahoo.com,Male,8943113517,United Kingdom,1990-07-07
4939,Krishna,Roy,krishna.roy4939@outlook.com,Female,7784502828,UAE,2001-10-25
4940,Kavya,Pillai,kavya.pillai4940@yahoo.com,Female,9911188534,Australia,2007-10-22
4941,Myra,Singh,myra.singh4941@yahoo.com,Male,8193592445,South Africa,1989-02-05
4942,Riya,Bhatt,riya.bhatt4942@outlook.com,Female,6069258244,South Africa,1965-12-10
4943,Karthik,Iyer,karthik.iyer4943@mail.com,Male,7557709582,UAE,1980-12-04
4944,Riya,Das,riya.das4944@outlook.com,Female,9191918934,India,1995-06-19
4945,Tarun,Bhatt,tarun.bhatt4945@outlook.com,Male,6166362995,Germany,1968-01-03
4946,Rohan,Roy,rohan.roy4946@outlook.com,Female,7317192920,United States,1987-05-14
4947,Priya,Kumar,priya.kumar4947@gmail.com,Female,6666558829,UAE,1974-12-09
4948,Kavya,Nair,kavya.nair4948@outlook.com,Male,9671949751,United Kingdom,1991-10-11
4949,Aditya,Chauhan,aditya.chauhan4949@example.com,Female,6648622852,United Kingdom,1984-09-10
4950,Sunita,Singh,sunita.singh4950@outlook.com,Female,7865596366,UAE,2006-01-25
4951,Mohit,Reddy,mohit.reddy4951@yahoo.com,Male,8891873434,Germany,1999-04-17
4952,Anil,Roy,anil.roy4952@example.com,Female,9093598117,South Africa,1983-02-18
4953,Krishna,Malhotra,krishna.malhotra4953@outlook.com,Female,8130807150,India,1979-03-29
4954,Vivaan,Mehta,vivaan.mehta4954@gmail.com,Male,8165233255,South Africa,2005-12-13
4955,Mohit,Mehta,mohit.mehta4955@mail.com,Male,6680161164,Brazil,1980-04-12
4956,Mohit,Yadav,mohit.yadav4956@example.com,Female,6128286816,UAE,1989-10-19
4957,Mohit,Bose,mohit.bose4957@gmail.com,Male,9222780388,Canada,1976-07-29
4958,Sunita,Sharma,sunita.sharma4958@example.com,Female,8120001815,Australia,2001-01-31
4959,Tarun,Agarwal,tarun.agarwal4959@example.com,Female,6657297256,Australia,2005-08-25
4960,Kavya,Patel,kavya.patel4960@gmail.com,Female,7799197018,Germany,1993-10-21
4961,Diya,Bhatt,diya.bhatt4961@example.com,Male,8604297659,United Kingdom,2001-01-31
4962,Karthik,Chauhan,karthik.chauhan4962@example.com,Male,7454624253,United Kingdom,1970-07-03
4963,Karthik,Singh,karthik.singh4963@gmail.com,Male,6693621564,Brazil,1984-08-06
4964,Riya,Verma,riya.verma4964@outlook.com,Female,7563508209,Canada,1996-07-25
4965,Myra,Ghosh,myra.ghosh4965@gmail.com,Male,9849453885,South Africa,1986-03-29
4966,Maya,Malhotra,maya.malhotra4966@outlook.com,Female,7196792941,Australia,1986-02-14
4967,Krishna,Naidu,krishna.naidu4967@gmail.com,Male,7389217845,UAE,1967-04-04
4968,Krishna,Verma,krishna.verma4968@gmail.com,Female,6309817311,Australia,1994-04-22
4969,Karthik,Bhatia,karthik.bhatia4969@mail.com,Female,8865449194,United States,1983-05-15
4970,Tarun,Bose,tarun.bose4970@outlook.com,Female,8028596007,Brazil,1984-04-27
4971,Riya,Patel,riya.patel4971@outlook.com,Female,8510689446,UAE,1980-06-19
4972,Vivaan,Chauhan,vivaan.chauhan4972@yahoo.com,Female,6409447263,South Africa,2006-02-08
4973,Ritu,Bhatia,ritu.bhatia4973@mail.com,Male,7340271125,Canada,2004-03-24
4974,Aditya,Pillai,aditya.pillai4974@outlook.com,Female,6159524160,UAE,1972-06-01
4975,Reyansh,Iyer,reyansh.iyer4975@mail.com,Male,7272250963,United Kingdom,1976-01-04
4976,Isha,Singh,isha.singh4976@example.com,Female,9225708260,India,1976-07-29
4977,Kiran,Ghosh,kiran.ghosh4977@example.com,Female,6171555967,Germany,2000-11-11
4978,Aanya,Malhotra,aanya.malhotra4978@gmail.com,Male,8744589776,Canada,1969-12-22
4979,Anil,Kumar,anil.kumar4979@mail.com,Female,9428123072,United States,1995-05-23
4980,Isha,Iyer,isha.iyer4980@gmail.com,Male,8276357725,India,1973-02-19
4981,Vivaan,Nair,vivaan.nair4981@yahoo.com,Female,9250861302,United Kingdom,2003-05-23
4982,Nisha,Kashyap,nisha.kashyap4982@mail.com,Female,9025406038,Canada,1989-08-24
4983,Vivaan,Ghosh,vivaan.ghosh4983@mail.com,Female,6371684852,United States,2006-11-26
4984,Riya,Gupta,riya.gupta4984@example.com,Male,8253569755,Canada,1986-08-17
4985,Mohit,Das,mohit.das4985@example.com,Female,7408378415,United States,2007-01-26
4986,Nisha,Sharma,nisha.sharma4986@mail.com,Female,6761934442,South Africa,1990-04-20
4987,Arjun,Trivedi,arjun.trivedi4987@mail.com,Female,6978804810,United States,1989-06-22
4988,Reyansh,Ghosh,reyansh.ghosh4988@gmail.com,Female,7478299817,India,1979-02-19
4989,Sneha,Menon,sneha.menon4989@gmail.com,Male,8833171001,India,1974-11-04
4990,Tarun,Bose,tarun.bose4990@gmail.com,Female,8448150728,UAE,1972-09-26
4991,Ananya,Naidu,ananya.naidu4991@gmail.com,Male,6739501803,Germany,2003-06-03
4992,Aditya,Sharma,aditya.sharma4992@gmail.com,Male,9428095255,France,1993-02-14
4993,Reyansh,Joshi,reyansh.joshi4993@mail.com,Male,6494779177,France,1999-01-14
4994,Sneha,Kumar,sneha.kumar4994@example.com,Female,7599636107,Canada,1991-12-29
4995,Ananya,Chauhan,ananya.chauhan4995@gmail.com,Female,7384500957,Canada,1984-10-29
4996,Reyansh,Roy,reyansh.roy4996@example.com,Male,8149764115,Brazil,1990-08-03
4997,Isha,Malhotra,isha.malhotra4997@example.com,Male,6485021743,South Africa,1978-05-30
4998,Sahil,Kapoor,sahil.kapoor4998@mail.com,Male,9977257944,South Africa,2003-08-18
4999,Isha,Trivedi,isha.trivedi4999@outlook.com,Male,6206534924,India,2004-03-06
5000,Reyansh,Ghosh,reyansh.ghosh5000@gmail.com,Female,7369550114,UAE,1977-06-09
5001,Aanya,Sharma,aanya.sharma5001@example.com,Male,7823868495,Brazil,1973-03-11
5002,Kavya,Shah,kavya.shah5002@yahoo.com,Male,8267481359,United Kingdom,1983-02-04
5003,Kiran,Patel,kiran.patel5003@mail.com,Male,7955389421,India,1984-02-08
5004,Sunita,Roy,sunita.roy5004@yahoo.com,Female,8773621999,United Kingdom,1999-09-15
5005,Karthik,Khan,karthik.khan5005@yahoo.com,Male,7124554732,South Africa,1979-07-30
5006,Kavya,Prasad,kavya.prasad5006@outlook.com,Male,9841191209,France,1972-06-02
5007,Anil,Roy,anil.roy5007@gmail.com,Male,7460564668,India,1977-03-29
5008,Aanya,Agarwal,aanya.agarwal5008@example.com,Male,6098612643,UAE,1970-02-19
5009,Anil,Yadav,anil.yadav5009@yahoo.com,Female,6926679629,Australia,1971-12-17
5010,Karthik,Iyer,karthik.iyer5010@outlook.com,Male,9312119611,United Kingdom,1987-11-05
5011,Sunita,Prasad,sunita.prasad5011@gmail.com,Male,8344236458,Canada,1967-05-26
5012,Sunita,Singh,sunita.singh5012@example.com,Male,6973003052,South Africa,1983-06-27
5013,Maya,Verma,maya.verma5013@example.com,Male,6215644544,UAE,1974-12-31
5014,Diya,Khan,diya.khan5014@yahoo.com,Female,7581164600,UAE,1998-08-11
5015,Riya,Iyer,riya.iyer5015@outlook.com,Female,7723308307,France,1966-09-25
5016,Nisha,Naidu,nisha.naidu5016@yahoo.com,Male,8315491981,India,1973-02-06
5017,Arjun,Mehta,arjun.mehta5017@mail.com,Male,8301418085,India,1967-09-05
5018,Pooja,Khan,pooja.khan5018@gmail.com,Female,7570630815,UAE,1973-08-02
5019,Sneha,Nair,sneha.nair5019@mail.com,Female,7442145680,South Africa,1966-05-02
5020,Sara,Singh,sara.singh5020@outlook.com,Male,7354744735,Australia,1993-09-24
5021,Diya,Joshi,diya.joshi5021@example.com,Male,8204390081,France,2004-10-30
5022,Myra,Iyer,myra.iyer5022@yahoo.com,Male,7356845214,United States,1981-09-26
5023,Sai,Joshi,sai.joshi5023@gmail.com,Male,7906850856,India,1998-02-01
5024,Diya,Das,diya.das5024@mail.com,Female,8278190226,France,1976-05-14
5025,Kiran,Singh,kiran.singh5025@gmail.com,Female,7799312754,Australia,2004-05-08
5026,Vivaan,Patel,vivaan.patel5026@gmail.com,Female,7255452991,France,1995-11-02
5027,Aanya,Agarwal,aanya.agarwal5027@gmail.com,Male,8340378578,United Kingdom,1993-11-25
5028,Vivaan,Yadav,vivaan.yadav5028@outlook.com,Female,8662677969,Germany,1981-11-28
5029,Aanya,Sharma,aanya.sharma5029@outlook.com,Male,8009222278,South Africa,1992-10-05
5030,Ananya,Chauhan,ananya.chauhan5030@outlook.com,Female,8370245565,Germany,1999-09-09
5031,Sai,Mehta,sai.mehta5031@outlook.com,Male,9468668845,Australia,1971-01-24
5032,Diya,Shah,diya.shah5032@outlook.com,Male,7484942270,Australia,2000-04-15
5033,Myra,Sharma,myra.sharma5033@mail.com,Female,9811921582,France,2006-11-23
5034,Rohan,Bose,rohan.bose5034@outlook.com,Female,8065023588,UAE,1967-06-20
5035,Mohit,Trivedi,mohit.trivedi5035@gmail.com,Female,8982371671,France,1966-05-02
5036,Sneha,Malhotra,sneha.malhotra5036@mail.com,Female,6670588587,Germany,1998-06-26
5037,Kavya,Bhatia,kavya.bhatia5037@mail.com,Male,8799716143,Brazil,1968-11-01
5038,Sai,Reddy,sai.reddy5038@mail.com,Male,7863160257,India,1981-01-18
5039,Sneha,Bose,sneha.bose5039@example.com,Female,7641928916,Australia,1989-05-07
5040,Reyansh,Iyer,reyansh.iyer5040@mail.com,Male,6857033053,Australia,2005-12-09
5041,Sneha,Ghosh,sneha.ghosh5041@yahoo.com,Female,8042292410,Germany,1991-11-11
5042,Maya,Ghosh,maya.ghosh5042@yahoo.com,Male,6020431909,India,1981-06-06
5043,Riya,Pillai,riya.pillai5043@outlook.com,Male,9563438940,Australia,1966-02-26
5044,Sahil,Nair,sahil.nair5044@outlook.com,Male,9054112757,UAE,2007-01-02
5045,Nisha,Patel,nisha.patel5045@outlook.com,Female,6809529151,Germany,2005-12-18
5046,Priya,Kashyap,priya.kashyap5046@mail.com,Male,6284318780,India,1984-10-25
5047,Kiran,Chauhan,kiran.chauhan5047@gmail.com,Male,6850808954,Brazil,2006-08-09
5048,Reyansh,Roy,reyansh.roy5048@mail.com,Female,9435149319,United States,1973-08-17
5049,Kiran,Kumar,kiran.kumar5049@mail.com,Female,9578629117,Germany,2000-07-24
5050,Riya,Reddy,riya.reddy5050@outlook.com,Female,8230819027,Brazil,1980-01-13
5051,Isha,Bhatt,isha.bhatt5051@example.com,Female,7460408106,United States,1979-07-01
5052,Riya,Bhatia,riya.bhatia5052@example.com,Female,7820516153,UAE,1968-04-17
5053,Nisha,Prasad,nisha.prasad5053@yahoo.com,Female,8183943611,Brazil,2006-05-07
5054,Nisha,Singh,nisha.singh5054@mail.com,Male,9654576242,UAE,1974-10-17
5055,Myra,Singh,myra.singh5055@yahoo.com,Male,8311910208,Australia,1968-02-15
5056,Isha,Bose,isha.bose5056@outlook.com,Male,7965706635,United States,2002-12-19
5057,Karthik,Nair,karthik.nair5057@yahoo.com,Male,7312742047,India,1973-03-13
5058,Kavya,Pillai,kavya.pillai5058@example.com,Male,6042716638,Australia,1968-08-31
5059,Aanya,Prasad,aanya.prasad5059@gmail.com,Male,7343055931,United Kingdom,1970-07-23
5060,Sunita,Verma,sunita.verma5060@outlook.com,Male,7602662896,France,1976-11-22
5061,Ananya,Naidu,ananya.naidu5061@mail.com,Male,7060648109,UAE,1979-09-29
5062,Krishna,Kashyap,krishna.kashyap5062@gmail.com,Female,9178151118,Brazil,1996-12-24
5063,Ananya,Pillai,ananya.pillai5063@mail.com,Male,8409653838,UAE,1999-03-03
5064,Sunita,Patel,sunita.patel5064@example.com,Male,6944837545,Brazil,1979-07-23
5065,Reyansh,Joshi,reyansh.joshi5065@mail.com,Female,6778331693,South Africa,1974-04-08
5066,Krishna,Das,krishna.das5066@gmail.com,Female,7284827469,United States,1980-10-04
5067,Vivaan,Gupta,vivaan.gupta5067@gmail.com,Female,8409436519,UAE,1975-01-20
5068,Aanya,Bhatt,aanya.bhatt5068@gmail.com,Female,7470557236,United States,2004-07-25
5069,Riya,Bose,riya.bose5069@outlook.com,Female,6641879882,Germany,1976-06-16
5070,Vivaan,Malhotra,vivaan.malhotra5070@outlook.com,Female,8994919354,South Africa,1976-03-27
5071,Anil,Kapoor,anil.kapoor5071@yahoo.com,Male,7291497041,South Africa,1997-04-29
5072,Ananya,Menon,ananya.menon5072@example.com,Female,8947903798,Germany,1998-11-28
5073,Aanya,Kumar,aanya.kumar5073@gmail.com,Male,7761564526,United States,2000-06-21
5074,Sunita,Bhatt,sunita.bhatt5074@gmail.com,Female,8354231184,Canada,2003-12-04
5075,Rohan,Bhatia,rohan.bhatia5075@yahoo.com,Male,6636855722,South Africa,1992-03-17
5076,Diya,Shah,diya.shah5076@mail.com,Female,7323798266,Australia,1975-11-10
5077,Myra,Joshi,myra.joshi5077@example.com,Female,7347783439,Australia,1969-01-08
5078,Aditya,Kumar,aditya.kumar5078@mail.com,Male,6259561854,UAE,2007-03-13
5079,Sahil,Singh,sahil.singh5079@mail.com,Male,6749275600,India,1999-08-20
5080,Nisha,Bose,nisha.bose5080@outlook.com,Male,9976680196,United Kingdom,1976-07-12
5081,Vivaan,Kashyap,vivaan.kashyap5081@yahoo.com,Male,6042970352,UAE,2001-03-12
5082,Aditya,Malhotra,aditya.malhotra5082@yahoo.com,Male,7546568041,Germany,1973-06-19
5083,Myra,Yadav,myra.yadav5083@mail.com,Male,6124961662,South Africa,1986-04-05
5084,Vivaan,Menon,vivaan.menon5084@mail.com,Female,9572454631,India,2005-08-04
5085,Aarav,Kumar,aarav.kumar5085@gmail.com,Female,8254409956,United Kingdom,1986-12-19
5086,Arjun,Mehta,arjun.mehta5086@gmail.com,Female,6321767993,Canada,1998-10-18
5087,Anil,Joshi,anil.joshi5087@yahoo.com,Male,6814133280,Germany,1993-06-22
5088,Sahil,Roy,sahil.roy5088@mail.com,Female,7112698534,India,1966-03-09
5089,Nisha,Bhatia,nisha.bhatia5089@mail.com,Male,9695542303,Canada,1981-05-17
5090,Sai,Bose,sai.bose5090@mail.com,Female,7816605488,Germany,1984-04-06
5091,Vihaan,Malhotra,vihaan.malhotra5091@mail.com,Male,8245530054,UAE,2003-08-07
5092,Diya,Kashyap,diya.kashyap5092@yahoo.com,Female,6694065631,Germany,1989-01-10
5093,Aarav,Ghosh,aarav.ghosh5093@gmail.com,Male,6201438145,United Kingdom,1993-07-12
5094,Arjun,Kashyap,arjun.kashyap5094@mail.com,Male,7706122187,India,1975-04-04
5095,Mohit,Naidu,mohit.naidu5095@mail.com,Female,9776582629,India,1978-11-21
5096,Kavya,Malhotra,kavya.malhotra5096@gmail.com,Male,7134050697,Germany,1970-08-29
5097,Mohit,Roy,mohit.roy5097@example.com,Male,8257824863,Australia,1982-06-12
5098,Nisha,Bhatia,nisha.bhatia5098@gmail.com,Female,7086771279,Brazil,1987-08-28
5099,Pooja,Kashyap,pooja.kashyap5099@yahoo.com,Female,8187096708,Brazil,1974-10-04
5100,Myra,Nair,myra.nair5100@mail.com,Female,8107705041,UAE,1997-07-03
5101,Aarav,Verma,aarav.verma5101@gmail.com,Male,9486060142,France,1966-02-15
5102,Krishna,Prasad,krishna.prasad5102@mail.com,Female,8216587708,South Africa,1988-03-01
5103,Sneha,Das,sneha.das5103@gmail.com,Male,6605067366,India,2004-07-02
5104,Kavya,Nair,kavya.nair5104@example.com,Male,8704380162,United Kingdom,2000-01-07
5105,Sara,Joshi,sara.joshi5105@example.com,Male,6029544146,South Africa,1967-12-21
5106,Sunita,Bhatt,sunita.bhatt5106@yahoo.com,Male,9300731729,Australia,1967-03-24
5107,Diya,Bhatia,diya.bhatia5107@mail.com,Male,9925860249,UAE,1987-10-14
5108,Vivaan,Menon,vivaan.menon5108@outlook.com,Female,9893455123,France,1966-12-29
5109,Rohan,Menon,rohan.menon5109@example.com,Male,7882320654,South Africa,1968-03-24
5110,Ananya,Pillai,ananya.pillai5110@mail.com,Female,9825100301,South Africa,1991-02-10
5111,Krishna,Malhotra,krishna.malhotra5111@mail.com,Female,9213501141,Canada,1969-12-24
5112,Myra,Trivedi,myra.trivedi5112@yahoo.com,Male,6790094705,Brazil,1978-06-24
5113,Diya,Menon,diya.menon5113@mail.com,Female,8078882905,UAE,1994-01-31
5114,Myra,Roy,myra.roy5114@example.com,Female,8018077269,Germany,1997-10-25
5115,Isha,Shah,isha.shah5115@example.com,Female,8269014137,Australia,1972-08-26
5116,Vihaan,Kumar,vihaan.kumar5116@outlook.com,Female,7935636715,Brazil,1997-11-05
5117,Sai,Naidu,sai.naidu5117@gmail.com,Female,6492565952,United States,1994-10-28
5118,Maya,Kapoor,maya.kapoor5118@outlook.com,Female,8691746356,Brazil,1996-01-10
5119,Sunita,Patel,sunita.patel5119@example.com,Male,6264377127,Canada,1996-11-23
5120,Anil,Bhatia,anil.bhatia5120@example.com,Male,9742303165,Canada,1977-10-18
5121,Pooja,Yadav,pooja.yadav5121@mail.com,Female,7660561189,South Africa,2006-08-29
5122,Karthik,Mehta,karthik.mehta5122@mail.com,Female,7790259180,India,2001-01-27
5123,Ananya,Khan,ananya.khan5123@gmail.com,Female,8971275466,Canada,1974-12-10
5124,Reyansh,Patel,reyansh.patel5124@yahoo.com,Male,9018114531,United States,2003-09-13
5125,Mohit,Gupta,mohit.gupta5125@example.com,Male,8744320844,Germany,1975-04-07
5126,Vivaan,Joshi,vivaan.joshi5126@outlook.com,Male,9806761963,Germany,1965-11-15
5127,Pooja,Roy,pooja.roy5127@gmail.com,Male,9707927098,Australia,2005-06-28
5128,Mohit,Kashyap,mohit.kashyap5128@example.com,Male,8173131416,South Africa,1984-08-19
5129,Sahil,Yadav,sahil.yadav5129@yahoo.com,Male,6565485189,United Kingdom,1990-01-15
5130,Vivaan,Pillai,vivaan.pillai5130@yahoo.com,Male,7810237369,Canada,1988-07-11
5131,Vihaan,Kumar,vihaan.kumar5131@yahoo.com,Female,8602073429,United States,1984-11-26
5132,Aarav,Patel,aarav.patel5132@yahoo.com,Male,6834493927,Brazil,2003-11-19
5133,Isha,Pillai,isha.pillai5133@mail.com,Female,9159726609,Australia,1979-11-02
5134,Mohit,Sharma,mohit.sharma5134@mail.com,Male,9901290505,Brazil,2005-10-23
5135,Vivaan,Menon,vivaan.menon5135@mail.com,Female,7483868690,France,2000-01-09
5136,Priya,Kapoor,priya.kapoor5136@gmail.com,Female,9095475876,United Kingdom,1990-07-27
5137,Nisha,Bose,nisha.bose5137@yahoo.com,Male,6511848292,Brazil,1988-12-13
5138,Diya,Mehta,diya.mehta5138@yahoo.com,Male,8399413671,Canada,1993-11-17
5139,Aarav,Sharma,aarav.sharma5139@example.com,Female,9115861508,South Africa,1982-08-01
5140,Mohit,Shah,mohit.shah5140@outlook.com,Male,8029203453,United States,1986-06-02
5141,Sneha,Shah,sneha.shah5141@mail.com,Female,9407467734,United Kingdom,2002-11-23
5142,Tarun,Reddy,tarun.reddy5142@outlook.com,Male,7324478863,Australia,1967-03-01
5143,Ritu,Joshi,ritu.joshi5143@yahoo.com,Male,8187859944,Brazil,1981-06-20
5144,Vivaan,Yadav,vivaan.yadav5144@mail.com,Male,6408813369,Australia,1968-01-28
5145,Aarav,Kashyap,aarav.kashyap5145@outlook.com,Male,9610633317,Canada,1969-02-09
5146,Nisha,Kashyap,nisha.kashyap5146@mail.com,Female,6763870317,Australia,1985-03-09
5147,Aarav,Nair,aarav.nair5147@gmail.com,Male,6652947101,India,1980-10-27
5148,Reyansh,Naidu,reyansh.naidu5148@outlook.com,Male,7915076987,France,1991-10-13
5149,Sunita,Kapoor,sunita.kapoor5149@mail.com,Male,9837328669,Brazil,1970-12-02
5150,Arjun,Nair,arjun.nair5150@example.com,Male,7577952648,France,1970-07-03
5151,Vihaan,Kashyap,vihaan.kashyap5151@yahoo.com,Male,8459112279,United States,1978-12-30
5152,Pooja,Iyer,pooja.iyer5152@yahoo.com,Male,8000883694,France,2006-07-25
5153,Arjun,Sharma,arjun.sharma5153@outlook.com,Male,7588258155,Germany,1968-01-07
5154,Aanya,Ghosh,aanya.ghosh5154@example.com,Female,6727665654,South Africa,1972-04-06
5155,Sunita,Bhatia,sunita.bhatia5155@mail.com,Male,9191544768,United States,1967-06-08
5156,Maya,Naidu,maya.naidu5156@outlook.com,Male,8801162834,UAE,1970-04-18
5157,Sunita,Reddy,sunita.reddy5157@yahoo.com,Male,6311961272,Brazil,1987-08-15
5158,Diya,Trivedi,diya.trivedi5158@outlook.com,Female,7950853994,India,1988-12-14
5159,Pooja,Patel,pooja.patel5159@yahoo.com,Female,6207790040,India,1979-01-30
5160,Vivaan,Reddy,vivaan.reddy5160@gmail.com,Female,6081599557,Germany,1974-09-07
5161,Tarun,Khan,tarun.khan5161@outlook.com,Male,6723760629,United Kingdom,1984-09-23
5162,Sunita,Shah,sunita.shah5162@outlook.com,Female,7569676520,Canada,2007-07-30
5163,Diya,Singh,diya.singh5163@outlook.com,Female,9651018896,Germany,1969-09-15
5164,Aarav,Kapoor,aarav.kapoor5164@outlook.com,Male,6077550011,Germany,1976-06-23
5165,Maya,Agarwal,maya.agarwal5165@mail.com,Male,7351939707,United States,1966-08-29
5166,Myra,Trivedi,myra.trivedi5166@mail.com,Male,9924255491,UAE,1972-03-29
5167,Vihaan,Bhatia,vihaan.bhatia5167@example.com,Female,8950713862,India,1975-07-18
5168,Rohan,Trivedi,rohan.trivedi5168@gmail.com,Female,6716764845,Canada,2002-02-11
5169,Kavya,Singh,kavya.singh5169@gmail.com,Female,9271968259,Germany,1969-11-11
5170,Ananya,Nair,ananya.nair5170@example.com,Female,9884401519,United Kingdom,1986-05-16
5171,Maya,Das,maya.das5171@example.com,Male,8199384823,United States,1969-08-19
5172,Kavya,Trivedi,kavya.trivedi5172@gmail.com,Female,6966893947,South Africa,1998-06-24
5173,Anil,Agarwal,anil.agarwal5173@outlook.com,Male,7179304021,France,1999-12-04
5174,Isha,Kashyap,isha.kashyap5174@gmail.com,Female,8587586884,South Africa,1983-08-31
5175,Isha,Verma,isha.verma5175@example.com,Female,6025552453,Brazil,2002-08-18
5176,Diya,Naidu,diya.naidu5176@outlook.com,Male,6227016462,Canada,1976-12-06
5177,Myra,Khan,myra.khan5177@example.com,Male,8842364862,Germany,1973-07-25
5178,Ananya,Sharma,ananya.sharma5178@example.com,Female,8907869177,South Africa,1980-05-28
5179,Ananya,Ghosh,ananya.ghosh5179@gmail.com,Female,6037372980,Germany,1971-11-02
5180,Karthik,Verma,karthik.verma5180@mail.com,Male,8145042422,UAE,1965-11-21
5181,Pooja,Roy,pooja.roy5181@example.com,Male,7469171043,United Kingdom,1986-03-02
5182,Kavya,Khan,kavya.khan5182@gmail.com,Male,9208050680,Canada,1973-01-23
5183,Pooja,Yadav,pooja.yadav5183@yahoo.com,Female,8859001659,UAE,1981-05-14
5184,Sneha,Menon,sneha.menon5184@gmail.com,Female,9393625677,India,2004-11-04
5185,Aditya,Mehta,aditya.mehta5185@gmail.com,Male,8013156879,UAE,1988-01-25
5186,Vivaan,Iyer,vivaan.iyer5186@outlook.com,Female,9552661423,United Kingdom,1992-10-19
5187,Aditya,Bhatia,aditya.bhatia5187@yahoo.com,Female,9713872255,India,1973-11-30
5188,Kavya,Shah,kavya.shah5188@example.com,Male,8954003455,Canada,2002-02-09
5189,Isha,Joshi,isha.joshi5189@example.com,Female,9403087355,India,1994-01-31
5190,Diya,Kapoor,diya.kapoor5190@gmail.com,Male,7996019782,United States,1989-05-10
5191,Aarav,Nair,aarav.nair5191@yahoo.com,Female,9741915498,Australia,1995-11-06
5192,Maya,Malhotra,maya.malhotra5192@outlook.com,Male,6902269524,Canada,1993-10-16
5193,Pooja,Pillai,pooja.pillai5193@yahoo.com,Female,8369200741,South Africa,1972-02-11
5194,Maya,Roy,maya.roy5194@mail.com,Female,9399559876,United States,1965-12-01
5195,Isha,Singh,isha.singh5195@example.com,Female,9417939329,India,1990-06-27
5196,Vihaan,Menon,vihaan.menon5196@outlook.com,Female,6589014658,UAE,1990-06-28
5197,Mohit,Bhatt,mohit.bhatt5197@outlook.com,Female,8060009578,South Africa,2000-07-13
5198,Riya,Bhatt,riya.bhatt5198@mail.com,Female,6704807627,UAE,1975-09-28
5199,Sunita,Shah,sunita.shah5199@yahoo.com,Female,8960774594,Germany,1971-04-20
5200,Vihaan,Menon,vihaan.menon5200@gmail.com,Female,6341344830,United States,1992-02-18
5201,Maya,Yadav,maya.yadav5201@outlook.com,Female,6369635750,Canada,1989-02-03
5202,Kavya,Bose,kavya.bose5202@outlook.com,Female,6915469288,UAE,1966-10-12
5203,Ritu,Chauhan,ritu.chauhan5203@example.com,Female,9184679992,Germany,1978-03-22
5204,Nisha,Mehta,nisha.mehta5204@outlook.com,Female,8916203052,United States,2007-02-10
5205,Sunita,Bhatt,sunita.bhatt5205@example.com,Male,8869898463,United States,1981-11-02
5206,Vihaan,Mehta,vihaan.mehta5206@mail.com,Female,7300146878,Canada,1984-03-07
5207,Isha,Menon,isha.menon5207@example.com,Female,8537967690,France,1993-10-12
5208,Ananya,Mehta,ananya.mehta5208@gmail.com,Female,8739989206,United Kingdom,1968-07-15
5209,Sunita,Roy,sunita.roy5209@outlook.com,Female,9828261668,UAE,1983-01-27
5210,Pooja,Mehta,pooja.mehta5210@outlook.com,Female,6759732390,United Kingdom,2005-01-18
5211,Isha,Chauhan,isha.chauhan5211@gmail.com,Female,6564575883,United Kingdom,1969-08-26
5212,Mohit,Chauhan,mohit.chauhan5212@gmail.com,Female,6421217567,United Kingdom,1971-09-01
5213,Krishna,Verma,krishna.verma5213@gmail.com,Male,7987581126,France,1990-07-15
5214,Vihaan,Prasad,vihaan.prasad5214@outlook.com,Male,6942364598,Australia,1977-12-08
5215,Tarun,Roy,tarun.roy5215@example.com,Female,7779605864,Canada,1977-03-08
5216,Aanya,Bose,aanya.bose5216@example.com,Male,6944488901,Canada,1969-02-24
5217,Sai,Trivedi,sai.trivedi5217@outlook.com,Female,9673467495,UAE,1975-02-13
5218,Ananya,Singh,ananya.singh5218@mail.com,Female,6903097315,Canada,1972-11-27
5219,Anil,Chauhan,anil.chauhan5219@yahoo.com,Female,9314729680,France,1977-01-02
5220,Aanya,Kashyap,aanya.kashyap5220@mail.com,Male,6211528058,UAE,1990-04-15
5221,Arjun,Bhatt,arjun.bhatt5221@yahoo.com,Male,6152773140,India,2001-01-10
5222,Mohit,Trivedi,mohit.trivedi5222@gmail.com,Male,9311730893,France,2000-03-24
5223,Aditya,Prasad,aditya.prasad5223@example.com,Male,6555894224,UAE,1988-04-25
5224,Aarav,Naidu,aarav.naidu5224@yahoo.com,Male,9899999599,India,1992-09-08
5225,Kavya,Das,kavya.das5225@mail.com,Male,9090826258,Germany,1969-07-02
5226,Ritu,Nair,ritu.nair5226@yahoo.com,Male,6501141926,France,1969-09-17
5227,Priya,Kapoor,priya.kapoor5227@example.com,Female,9405112858,UAE,1983-08-10
5228,Karthik,Sharma,karthik.sharma5228@gmail.com,Male,9294442239,South Africa,1970-02-21
5229,Kiran,Yadav,kiran.yadav5229@gmail.com,Female,8339978945,India,1988-02-27
5230,Diya,Bhatt,diya.bhatt5230@mail.com,Female,6495259654,Brazil,2000-10-10
5231,Isha,Singh,isha.singh5231@mail.com,Female,9911147902,India,1965-10-26
5232,Vivaan,Shah,vivaan.shah5232@gmail.com,Male,8042421627,United States,1972-07-09
5233,Anil,Yadav,anil.yadav5233@example.com,Female,9577015421,United States,1981-02-10
5234,Tarun,Mehta,tarun.mehta5234@outlook.com,Female,6025746006,United States,1974-07-04
5235,Pooja,Roy,pooja.roy5235@example.com,Male,8003526434,Brazil,1998-04-11
5236,Ritu,Bhatt,ritu.bhatt5236@yahoo.com,Female,8077063358,UAE,1991-08-26
5237,Ritu,Prasad,ritu.prasad5237@mail.com,Male,6219480441,South Africa,1986-04-20
5238,Sara,Trivedi,sara.trivedi5238@gmail.com,Male,8992405720,UAE,1999-03-12
5239,Ananya,Das,ananya.das5239@example.com,Male,7149428345,Australia,2005-12-01
5240,Ritu,Naidu,ritu.naidu5240@gmail.com,Female,6965709392,Brazil,1983-03-04
5241,Karthik,Ghosh,karthik.ghosh5241@gmail.com,Male,7157505208,Brazil,2001-04-25
5242,Priya,Bhatia,priya.bhatia5242@outlook.com,Male,8928254144,Germany,1971-07-02
5243,Anil,Roy,anil.roy5243@outlook.com,Female,8271665350,UAE,2006-03-27
5244,Sai,Das,sai.das5244@outlook.com,Female,6612812253,South Africa,1970-07-18
5245,Sneha,Menon,sneha.menon5245@mail.com,Female,7396037460,Australia,1972-04-19
5246,Aditya,Gupta,aditya.gupta5246@example.com,Male,6439783264,UAE,1990-03-30
5247,Karthik,Kumar,karthik.kumar5247@yahoo.com,Male,6474968073,United States,1992-05-02
5248,Myra,Joshi,myra.joshi5248@outlook.com,Female,8311800489,United States,1967-03-02
5249,Aditya,Agarwal,aditya.agarwal5249@yahoo.com,Male,6451170886,Brazil,1998-03-13
5250,Riya,Joshi,riya.joshi5250@example.com,Male,7539482166,India,2007-01-30
5251,Kiran,Reddy,kiran.reddy5251@outlook.com,Female,9595941878,India,2004-12-05
5252,Ritu,Yadav,ritu.yadav5252@example.com,Male,6282221102,Australia,1999-03-17
5253,Riya,Gupta,riya.gupta5253@outlook.com,Female,9415001927,Canada,2005-10-06
5254,Rohan,Menon,rohan.menon5254@example.com,Female,8234518243,Germany,1996-07-18
5255,Krishna,Bose,krishna.bose5255@yahoo.com,Female,9824555753,Canada,1980-11-08
5256,Sai,Malhotra,sai.malhotra5256@gmail.com,Female,6019993798,United Kingdom,1989-02-18
5257,Pooja,Pillai,pooja.pillai5257@gmail.com,Male,8986269189,UAE,1966-06-27
5258,Ananya,Kashyap,ananya.kashyap5258@example.com,Female,8876907540,South Africa,1976-08-08
5259,Diya,Pillai,diya.pillai5259@example.com,Male,7242613743,Australia,1969-03-01
5260,Sunita,Khan,sunita.khan5260@outlook.com,Female,7686120378,France,1973-10-04
5261,Diya,Mehta,diya.mehta5261@yahoo.com,Female,9685334869,Australia,1987-06-18
5262,Sara,Yadav,sara.yadav5262@example.com,Male,8355217205,UAE,2002-03-11
5263,Kavya,Patel,kavya.patel5263@gmail.com,Female,9867714534,United States,1969-05-13
5264,Ritu,Joshi,ritu.joshi5264@outlook.com,Female,8666870302,Brazil,1997-08-30
5265,Mohit,Bhatt,mohit.bhatt5265@example.com,Male,9072296059,UAE,1977-03-07
5266,Pooja,Reddy,pooja.reddy5266@outlook.com,Female,7933563504,Brazil,1989-12-08
5267,Karthik,Prasad,karthik.prasad5267@yahoo.com,Female,7901728677,United States,1970-04-24
5268,Arjun,Sharma,arjun.sharma5268@outlook.com,Female,9231966837,Germany,1978-09-15
5269,Kavya,Patel,kavya.patel5269@example.com,Male,9941007735,United Kingdom,1978-11-05
5270,Sara,Kashyap,sara.kashyap5270@yahoo.com,Male,9953747698,Brazil,1972-11-29
5271,Reyansh,Pillai,reyansh.pillai5271@example.com,Female,7071568703,Australia,1976-03-06
5272,Priya,Bose,priya.bose5272@mail.com,Male,8951319130,United States,1974-08-09
5273,Maya,Prasad,maya.prasad5273@outlook.com,Male,9951915615,South Africa,1979-09-21
5274,Isha,Trivedi,isha.trivedi5274@yahoo.com,Female,6191773011,France,1994-03-29
5275,Sunita,Roy,sunita.roy5275@yahoo.com,Male,7178467504,Germany,1982-06-20
5276,Priya,Roy,priya.roy5276@mail.com,Female,7156912527,Brazil,2003-07-17
5277,Mohit,Prasad,mohit.prasad5277@yahoo.com,Female,8013264714,India,1997-03-07
5278,Kavya,Bhatt,kavya.bhatt5278@yahoo.com,Female,9395342457,South Africa,1995-09-13
5279,Riya,Verma,riya.verma5279@gmail.com,Female,6844831171,Germany,2005-03-26
5280,Sai,Nair,sai.nair5280@mail.com,Female,8181784740,Brazil,1974-06-10
5281,Riya,Pillai,riya.pillai5281@mail.com,Female,8718322846,United States,1993-07-13
5282,Sunita,Reddy,sunita.reddy5282@example.com,Male,7843952009,India,2001-07-09
5283,Nisha,Naidu,nisha.naidu5283@mail.com,Female,7467990362,South Africa,2007-10-03
5284,Anil,Chauhan,anil.chauhan5284@example.com,Female,9447994099,Australia,1979-03-06
5285,Maya,Bhatia,maya.bhatia5285@mail.com,Female,7646884634,Australia,1975-09-06
5286,Sai,Trivedi,sai.trivedi5286@gmail.com,Male,7754312069,UAE,1992-05-11
5287,Sneha,Iyer,sneha.iyer5287@outlook.com,Male,7908301529,UAE,1999-09-09
5288,Sara,Khan,sara.khan5288@yahoo.com,Male,7315268607,UAE,1999-08-27
5289,Aarav,Kumar,aarav.kumar5289@mail.com,Female,7451603798,India,1999-08-24
5290,Mohit,Naidu,mohit.naidu5290@example.com,Male,8955481982,Canada,1986-05-09
5291,Priya,Bhatia,priya.bhatia5291@yahoo.com,Male,7992349362,Germany,1994-04-04
5292,Myra,Pillai,myra.pillai5292@outlook.com,Female,9234874437,France,1988-01-05
5293,Sara,Das,sara.das5293@gmail.com,Female,6512804651,Brazil,2002-07-12
5294,Nisha,Trivedi,nisha.trivedi5294@yahoo.com,Female,8746098491,Brazil,1998-12-22
5295,Nisha,Prasad,nisha.prasad5295@outlook.com,Male,6166638166,South Africa,2001-11-06
5296,Kavya,Bhatia,kavya.bhatia5296@yahoo.com,Male,8899195224,Australia,1984-03-30
5297,Sneha,Nair,sneha.nair5297@yahoo.com,Female,9801207396,Australia,1988-06-03
5298,Diya,Bose,diya.bose5298@yahoo.com,Male,7407887162,United Kingdom,1969-07-14
5299,Anil,Malhotra,anil.malhotra5299@example.com,Male,6171287559,Canada,1970-08-16
5300,Aditya,Iyer,aditya.iyer5300@outlook.com,Male,9463744731,United Kingdom,1976-11-28
5301,Sunita,Prasad,sunita.prasad5301@yahoo.com,Male,6039067550,UAE,1993-11-24
5302,Rohan,Bhatt,rohan.bhatt5302@mail.com,Male,9283338744,France,1991-03-02
5303,Krishna,Roy,krishna.roy5303@yahoo.com,Female,9172840771,South Africa,1997-03-06
5304,Mohit,Patel,mohit.patel5304@gmail.com,Female,6021855119,South Africa,1967-11-27
5305,Aditya,Malhotra,aditya.malhotra5305@mail.com,Male,7335335042,South Africa,1982-02-20
5306,Myra,Trivedi,myra.trivedi5306@yahoo.com,Male,6717979140,Germany,1979-01-31
5307,Vivaan,Kapoor,vivaan.kapoor5307@example.com,Female,9369712473,United States,1975-09-21
5308,Nisha,Chauhan,nisha.chauhan5308@gmail.com,Male,9862869901,United States,1997-02-25
5309,Ritu,Ghosh,ritu.ghosh5309@yahoo.com,Female,8452475103,Germany,1993-05-23
5310,Anil,Trivedi,anil.trivedi5310@gmail.com,Female,6495317205,India,1968-07-18
5311,Vihaan,Reddy,vihaan.reddy5311@outlook.com,Male,9267786245,Germany,2006-04-20
5312,Arjun,Kumar,arjun.kumar5312@gmail.com,Female,6005894808,South Africa,1990-11-20
5313,Sara,Shah,sara.shah5313@gmail.com,Male,6174462559,France,1988-06-18
5314,Karthik,Sharma,karthik.sharma5314@gmail.com,Female,7998831911,South Africa,2003-06-27
5315,Vivaan,Yadav,vivaan.yadav5315@yahoo.com,Female,9253165139,France,1978-02-06
5316,Aanya,Iyer,aanya.iyer5316@example.com,Male,6773935705,United States,1965-11-24
5317,Aanya,Bhatt,aanya.bhatt5317@gmail.com,Male,7517947440,France,1981-12-21
5318,Myra,Trivedi,myra.trivedi5318@outlook.com,Female,8234930659,UAE,1998-04-25
5319,Nisha,Das,nisha.das5319@example.com,Male,9399280446,Brazil,1991-08-06
5320,Sneha,Joshi,sneha.joshi5320@example.com,Male,7300032268,UAE,1977-08-04
5321,Anil,Verma,anil.verma5321@yahoo.com,Female,7691000720,Germany,1989-07-22
5322,Reyansh,Sharma,reyansh.sharma5322@yahoo.com,Female,6462067136,Germany,1989-10-13
5323,Vihaan,Ghosh,vihaan.ghosh5323@outlook.com,Male,8636369941,South Africa,2004-06-09
5324,Isha,Menon,isha.menon5324@yahoo.com,Female,7739903450,Brazil,1977-07-02
5325,Riya,Malhotra,riya.malhotra5325@outlook.com,Female,6059970720,United States,1975-11-22
5326,Ritu,Roy,ritu.roy5326@outlook.com,Female,7260092765,UAE,2001-01-18
5327,Kiran,Mehta,kiran.mehta5327@example.com,Female,9082282579,Canada,1991-12-17
5328,Krishna,Patel,krishna.patel5328@yahoo.com,Female,8876349145,United Kingdom,1978-03-12
5329,Krishna,Chauhan,krishna.chauhan5329@yahoo.com,Female,8657121028,India,1979-04-02
5330,Maya,Agarwal,maya.agarwal5330@mail.com,Male,7308589033,Australia,1994-07-15
5331,Isha,Nair,isha.nair5331@gmail.com,Male,6778699957,Germany,1992-09-04
5332,Ananya,Agarwal,ananya.agarwal5332@mail.com,Female,8604000368,India,1968-12-08
5333,Sahil,Chauhan,sahil.chauhan5333@yahoo.com,Female,8839522579,Canada,1969-08-18
5334,Sunita,Reddy,sunita.reddy5334@gmail.com,Male,9118691316,United States,1995-05-24
5335,Tarun,Yadav,tarun.yadav5335@gmail.com,Male,7112435660,Australia,1968-11-05
5336,Kavya,Sharma,kavya.sharma5336@mail.com,Female,9798157142,Germany,1987-11-10
5337,Aanya,Bhatia,aanya.bhatia5337@gmail.com,Female,8011750618,Germany,1990-01-15
5338,Krishna,Khan,krishna.khan5338@yahoo.com,Male,6435658201,Canada,1991-11-03
5339,Sahil,Sharma,sahil.sharma5339@gmail.com,Male,6233116829,Germany,1971-01-04
5340,Karthik,Kapoor,karthik.kapoor5340@yahoo.com,Female,8366978473,Brazil,1970-12-12
5341,Mohit,Kashyap,mohit.kashyap5341@gmail.com,Female,9033441534,India,1968-12-05
5342,Arjun,Kapoor,arjun.kapoor5342@mail.com,Male,7381578072,United States,2004-07-29
5343,Sneha,Singh,sneha.singh5343@example.com,Female,8363187096,South Africa,1967-12-21
5344,Maya,Mehta,maya.mehta5344@yahoo.com,Female,9784070091,Canada,1968-09-20
5345,Riya,Bose,riya.bose5345@outlook.com,Male,9559614459,Canada,1989-03-13
5346,Priya,Malhotra,priya.malhotra5346@gmail.com,Male,8626115145,Canada,1982-07-05
5347,Sahil,Yadav,sahil.yadav5347@yahoo.com,Female,9342139656,Canada,1989-11-04
5348,Reyansh,Joshi,reyansh.joshi5348@gmail.com,Male,7423968811,Germany,1969-12-09
5349,Krishna,Singh,krishna.singh5349@yahoo.com,Male,9838366746,Germany,1998-12-24
5350,Sunita,Kumar,sunita.kumar5350@mail.com,Female,8625693074,Brazil,1969-02-12
5351,Riya,Kapoor,riya.kapoor5351@yahoo.com,Female,9533414221,Brazil,1983-11-25
5352,Priya,Agarwal,priya.agarwal5352@gmail.com,Male,8000176564,United Kingdom,1981-11-11
5353,Aanya,Kumar,aanya.kumar5353@gmail.com,Female,8969632617,France,2001-04-12
5354,Kiran,Iyer,kiran.iyer5354@yahoo.com,Female,7813202624,United States,1982-06-16
5355,Aditya,Patel,aditya.patel5355@outlook.com,Male,8268088361,Canada,2004-05-30
5356,Kiran,Iyer,kiran.iyer5356@yahoo.com,Male,7635168292,India,1977-02-08
5357,Vivaan,Pillai,vivaan.pillai5357@yahoo.com,Male,7290302794,France,1977-12-20
5358,Mohit,Bose,mohit.bose5358@gmail.com,Male,9134858607,Canada,2004-11-02
5359,Sunita,Roy,sunita.roy5359@yahoo.com,Female,9727436354,France,1971-12-18
5360,Diya,Verma,diya.verma5360@mail.com,Male,8487381545,Brazil,1977-02-08
5361,Arjun,Pillai,arjun.pillai5361@example.com,Female,7225385424,India,1976-11-30
5362,Aditya,Bose,aditya.bose5362@example.com,Female,6594096125,South Africa,1995-04-07
5363,Tarun,Reddy,tarun.reddy5363@yahoo.com,Male,7266916350,United States,1985-06-28
5364,Mohit,Bhatia,mohit.bhatia5364@outlook.com,Male,7698152745,India,1980-05-30
5365,Vihaan,Shah,vihaan.shah5365@yahoo.com,Male,6029469858,India,1971-08-07
5366,Aarav,Gupta,aarav.gupta5366@gmail.com,Female,6143618856,South Africa,1969-02-07
5367,Tarun,Bhatt,tarun.bhatt5367@outlook.com,Male,7083851200,South Africa,1993-05-10
5368,Kavya,Pillai,kavya.pillai5368@yahoo.com,Female,7932152259,Canada,1970-04-27
5369,Sunita,Verma,sunita.verma5369@example.com,Female,6693988758,UAE,2000-08-24
5370,Diya,Roy,diya.roy5370@yahoo.com,Female,6448204458,India,1973-05-03
5371,Vihaan,Kapoor,vihaan.kapoor5371@gmail.com,Male,6067549753,United States,1967-12-25
5372,Aarav,Singh,aarav.singh5372@outlook.com,Male,6259892901,United States,1986-04-29
5373,Sneha,Sharma,sneha.sharma5373@mail.com,Male,7333229617,Australia,1996-02-17
5374,Anil,Nair,anil.nair5374@yahoo.com,Female,7552273337,Germany,1989-07-10
5375,Sahil,Bose,sahil.bose5375@gmail.com,Female,8670241251,Germany,1966-06-06
5376,Reyansh,Kapoor,reyansh.kapoor5376@outlook.com,Male,6375382017,UAE,2005-09-14
5377,Vivaan,Kapoor,vivaan.kapoor5377@outlook.com,Female,6048233754,India,1990-11-18
5378,Sunita,Verma,sunita.verma5378@example.com,Female,9981111058,United States,1973-10-13
5379,Anil,Menon,anil.menon5379@example.com,Female,8304426801,UAE,1986-04-22
5380,Sneha,Shah,sneha.shah5380@example.com,Male,8705353329,United Kingdom,1971-09-11
5381,Pooja,Das,pooja.das5381@gmail.com,Female,9251249813,France,1991-07-10
5382,Priya,Shah,priya.shah5382@mail.com,Female,6727712531,Germany,1974-04-08
5383,Sara,Joshi,sara.joshi5383@gmail.com,Female,6225067240,South Africa,1973-02-17
5384,Anil,Pillai,anil.pillai5384@mail.com,Female,8412729374,India,1988-03-20
5385,Priya,Patel,priya.patel5385@example.com,Male,6810890170,Brazil,1971-11-03
5386,Priya,Gupta,priya.gupta5386@outlook.com,Male,7070593864,Canada,2003-05-01
5387,Sai,Kashyap,sai.kashyap5387@gmail.com,Male,9069310094,United States,1967-02-02
5388,Tarun,Verma,tarun.verma5388@gmail.com,Male,9485541432,India,1985-04-26
5389,Nisha,Nair,nisha.nair5389@yahoo.com,Female,9728650866,United States,1973-10-09
5390,Myra,Nair,myra.nair5390@outlook.com,Female,9662012538,Australia,1971-12-25
5391,Sneha,Menon,sneha.menon5391@outlook.com,Male,7182378183,UAE,1981-01-09
5392,Karthik,Malhotra,karthik.malhotra5392@yahoo.com,Male,9565791089,United Kingdom,1972-04-16
5393,Riya,Gupta,riya.gupta5393@gmail.com,Female,7383299896,Brazil,1985-01-12
5394,Aditya,Prasad,aditya.prasad5394@example.com,Female,6663624505,Australia,1987-12-24
5395,Priya,Roy,priya.roy5395@outlook.com,Male,8752017608,Australia,2003-05-13
5396,Sneha,Bhatt,sneha.bhatt5396@gmail.com,Male,6945830257,India,1986-01-09
5397,Arjun,Gupta,arjun.gupta5397@yahoo.com,Female,9917483063,India,1981-01-24
5398,Ananya,Mehta,ananya.mehta5398@yahoo.com,Female,9651142362,United States,1966-02-02
5399,Tarun,Sharma,tarun.sharma5399@gmail.com,Male,7046923346,Australia,1991-01-19
5400,Myra,Reddy,myra.reddy5400@outlook.com,Male,8132013598,Germany,1984-04-11
5401,Priya,Menon,priya.menon5401@example.com,Female,9902707465,France,1995-03-10
5402,Ritu,Verma,ritu.verma5402@gmail.com,Female,7926900053,Australia,1968-06-27
5403,Mohit,Iyer,mohit.iyer5403@gmail.com,Female,7512344142,United Kingdom,1984-04-18
5404,Aarav,Verma,aarav.verma5404@yahoo.com,Female,7658466801,United Kingdom,1985-09-27
5405,Maya,Malhotra,maya.malhotra5405@outlook.com,Female,7075131894,Brazil,1985-11-27
5406,Isha,Naidu,isha.naidu5406@mail.com,Female,9285322628,India,1980-07-28
5407,Ritu,Gupta,ritu.gupta5407@gmail.com,Male,8248754988,France,1972-08-16
5408,Kiran,Pillai,kiran.pillai5408@mail.com,Female,7704546572,Canada,1982-07-05
5409,Kavya,Trivedi,kavya.trivedi5409@gmail.com,Male,9518192119,UAE,1983-07-01
5410,Aanya,Malhotra,aanya.malhotra5410@outlook.com,Female,9059325290,Australia,1977-02-09
5411,Sara,Malhotra,sara.malhotra5411@outlook.com,Female,7001953594,South Africa,2000-11-28
5412,Tarun,Joshi,tarun.joshi5412@example.com,Male,8879040608,United States,1999-01-07
5413,Vivaan,Shah,vivaan.shah5413@gmail.com,Male,6639486183,South Africa,1990-10-21
5414,Sara,Gupta,sara.gupta5414@gmail.com,Female,6751567878,United Kingdom,1999-03-15
5415,Maya,Malhotra,maya.malhotra5415@example.com,Female,7873105138,South Africa,1982-10-19
5416,Ritu,Prasad,ritu.prasad5416@outlook.com,Female,6509982745,India,2007-04-09
5417,Rohan,Trivedi,rohan.trivedi5417@outlook.com,Female,8505673434,UAE,2004-01-10
5418,Arjun,Prasad,arjun.prasad5418@outlook.com,Female,6106916565,Canada,1971-10-21
5419,Rohan,Mehta,rohan.mehta5419@gmail.com,Male,9333021436,Brazil,2006-12-27
5420,Sai,Yadav,sai.yadav5420@outlook.com,Male,9926508793,UAE,1995-03-10
5421,Ritu,Reddy,ritu.reddy5421@outlook.com,Female,7000953956,United States,1990-02-15
5422,Sneha,Kapoor,sneha.kapoor5422@example.com,Female,8316408600,United States,1987-02-18
5423,Ritu,Trivedi,ritu.trivedi5423@example.com,Female,7581444821,France,2002-06-24
5424,Aanya,Prasad,aanya.prasad5424@yahoo.com,Female,9205627234,South Africa,1991-01-17
5425,Pooja,Ghosh,pooja.ghosh5425@example.com,Female,9897421435,UAE,2002-12-15
5426,Karthik,Prasad,karthik.prasad5426@mail.com,Female,6990479644,South Africa,1975-12-18
5427,Vivaan,Verma,vivaan.verma5427@mail.com,Male,8337342373,Canada,1976-04-22
5428,Priya,Reddy,priya.reddy5428@example.com,Male,7158385088,UAE,1980-12-20
5429,Vihaan,Kumar,vihaan.kumar5429@example.com,Male,6621948542,Germany,1989-09-25
5430,Priya,Das,priya.das5430@outlook.com,Male,9654241678,Brazil,1994-07-13
5431,Arjun,Nair,arjun.nair5431@mail.com,Female,8821727250,Brazil,1998-09-02
5432,Sunita,Joshi,sunita.joshi5432@mail.com,Female,6905060275,United States,1982-06-21
5433,Pooja,Kapoor,pooja.kapoor5433@yahoo.com,Male,7048424477,United States,1975-06-06
5434,Karthik,Menon,karthik.menon5434@outlook.com,Female,7679350280,Canada,1975-10-02
5435,Krishna,Ghosh,krishna.ghosh5435@outlook.com,Male,9433549610,South Africa,1970-07-27
5436,Maya,Agarwal,maya.agarwal5436@mail.com,Male,6078115862,Canada,2007-08-22
5437,Ritu,Kapoor,ritu.kapoor5437@yahoo.com,Female,7291257723,United States,2003-07-16
5438,Sunita,Pillai,sunita.pillai5438@gmail.com,Female,9659437407,India,1979-05-25
5439,Karthik,Yadav,karthik.yadav5439@example.com,Female,7335658293,United Kingdom,1990-05-12
5440,Ritu,Naidu,ritu.naidu5440@example.com,Male,8124354702,India,1965-12-13
5441,Karthik,Roy,karthik.roy5441@yahoo.com,Male,6292968687,United Kingdom,1985-06-26
5442,Karthik,Bose,karthik.bose5442@outlook.com,Male,8067524280,South Africa,1991-09-03
5443,Sahil,Mehta,sahil.mehta5443@gmail.com,Female,7291360813,India,1969-05-16
5444,Riya,Joshi,riya.joshi5444@mail.com,Male,6848939447,Brazil,1971-05-14
5445,Sahil,Singh,sahil.singh5445@yahoo.com,Female,7827760191,Canada,2004-05-22
5446,Tarun,Naidu,tarun.naidu5446@example.com,Male,9047202516,United Kingdom,1967-06-14
5447,Vihaan,Agarwal,vihaan.agarwal5447@mail.com,Female,6112766756,UAE,1970-08-09
5448,Kavya,Iyer,kavya.iyer5448@outlook.com,Female,7800461026,United States,1974-02-15
5449,Kiran,Das,kiran.das5449@outlook.com,Female,7578530643,United States,1972-05-13
5450,Nisha,Pillai,nisha.pillai5450@outlook.com,Male,7375430204,Germany,1991-05-09
5451,Pooja,Joshi,pooja.joshi5451@gmail.com,Female,8290702383,India,2000-10-02
5452,Sneha,Ghosh,sneha.ghosh5452@example.com,Female,9432737117,South Africa,1985-02-12
5453,Vivaan,Kashyap,vivaan.kashyap5453@example.com,Male,7953169312,France,1985-05-19
5454,Myra,Mehta,myra.mehta5454@gmail.com,Male,9140980902,South Africa,1992-09-28
5455,Isha,Ghosh,isha.ghosh5455@gmail.com,Male,6152443141,South Africa,1980-07-24
5456,Maya,Reddy,maya.reddy5456@outlook.com,Male,8033942011,United States,2001-04-06
5457,Diya,Prasad,diya.prasad5457@outlook.com,Female,7753070410,Brazil,1967-07-28
5458,Ritu,Reddy,ritu.reddy5458@example.com,Female,9942972144,South Africa,1968-06-26
5459,Sai,Malhotra,sai.malhotra5459@mail.com,Male,6093512759,UAE,1995-03-04
5460,Nisha,Menon,nisha.menon5460@example.com,Female,8648952849,United States,2007-08-07
5461,Myra,Trivedi,myra.trivedi5461@mail.com,Male,7625369300,India,1976-06-13
5462,Sara,Sharma,sara.sharma5462@outlook.com,Male,7980475511,UAE,1978-11-08
5463,Arjun,Roy,arjun.roy5463@outlook.com,Male,7798487964,Australia,1969-02-06
5464,Arjun,Joshi,arjun.joshi5464@mail.com,Female,6188446984,United Kingdom,2006-06-20
5465,Anil,Malhotra,anil.malhotra5465@yahoo.com,Female,6829771309,Australia,1999-11-06
5466,Aanya,Gupta,aanya.gupta5466@gmail.com,Male,6875057079,Germany,1968-09-05
5467,Reyansh,Kumar,reyansh.kumar5467@outlook.com,Female,9692009199,UAE,1982-11-09
5468,Isha,Roy,isha.roy5468@gmail.com,Female,8811334804,United States,1998-05-28
5469,Karthik,Trivedi,karthik.trivedi5469@gmail.com,Female,6439948956,United States,1987-02-20
5470,Sara,Bose,sara.bose5470@yahoo.com,Male,7530941965,France,1994-06-08
5471,Kavya,Naidu,kavya.naidu5471@outlook.com,Female,7017230807,Canada,1976-01-08
5472,Riya,Das,riya.das5472@yahoo.com,Female,7116209696,United Kingdom,1971-06-27
5473,Tarun,Pillai,tarun.pillai5473@mail.com,Male,7277462095,Germany,1999-08-27
5474,Sahil,Bhatia,sahil.bhatia5474@outlook.com,Female,8710407763,United States,1970-06-13
5475,Pooja,Gupta,pooja.gupta5475@example.com,Male,8648449118,Australia,1984-09-28
5476,Ananya,Naidu,ananya.naidu5476@example.com,Female,6195226383,India,1984-03-06
5477,Maya,Singh,maya.singh5477@mail.com,Male,7175613484,France,1990-12-23
5478,Priya,Nair,priya.nair5478@example.com,Male,6715371063,India,1989-03-04
5479,Tarun,Sharma,tarun.sharma5479@example.com,Male,7324091762,India,1984-11-10
5480,Myra,Menon,myra.menon5480@example.com,Male,6336281919,Australia,1983-05-19
5481,Kavya,Pillai,kavya.pillai5481@outlook.com,Female,9883081457,UAE,2006-05-12
5482,Myra,Shah,myra.shah5482@example.com,Male,8040793779,UAE,1993-01-31
5483,Sara,Ghosh,sara.ghosh5483@mail.com,Male,9510469928,Brazil,1969-09-27
5484,Mohit,Roy,mohit.roy5484@yahoo.com,Female,9360110421,France,1999-10-17
5485,Karthik,Kashyap,karthik.kashyap5485@mail.com,Female,7772309060,France,1993-06-09
5486,Myra,Bhatt,myra.bhatt5486@mail.com,Male,6582697800,United Kingdom,1991-05-23
5487,Sneha,Kumar,sneha.kumar5487@example.com,Female,9471010094,Brazil,1997-12-10
5488,Ritu,Chauhan,ritu.chauhan5488@yahoo.com,Male,6890948693,United Kingdom,1995-02-19
5489,Mohit,Verma,mohit.verma5489@example.com,Male,9074441670,France,1971-04-28
5490,Karthik,Naidu,karthik.naidu5490@gmail.com,Male,9508104980,Australia,2004-01-23
5491,Sunita,Mehta,sunita.mehta5491@example.com,Male,8270798248,South Africa,1973-07-04
5492,Sai,Reddy,sai.reddy5492@yahoo.com,Female,6209681737,Brazil,1975-01-25
5493,Arjun,Singh,arjun.singh5493@gmail.com,Male,9193375519,UAE,1979-10-15
5494,Krishna,Mehta,krishna.mehta5494@example.com,Female,7611465667,United States,2004-05-29
5495,Vivaan,Kumar,vivaan.kumar5495@example.com,Male,8669733900,France,1972-09-21
5496,Reyansh,Malhotra,reyansh.malhotra5496@outlook.com,Male,9423236327,France,2002-01-01
5497,Nisha,Joshi,nisha.joshi5497@mail.com,Male,6977630276,UAE,1968-06-14
5498,Vivaan,Sharma,vivaan.sharma5498@example.com,Male,9893675046,Brazil,2003-10-29
5499,Isha,Mehta,isha.mehta5499@outlook.com,Male,6183769469,Germany,1993-12-24
5500,Maya,Kapoor,maya.kapoor5500@example.com,Male,7303962515,Australia,1975-11-08
5501,Isha,Malhotra,isha.malhotra5501@mail.com,Female,7497755232,France,1977-03-30
5502,Isha,Prasad,isha.prasad5502@yahoo.com,Female,8582093582,UAE,1972-05-13
5503,Maya,Bhatt,maya.bhatt5503@gmail.com,Female,8942911240,UAE,1983-03-15
5504,Anil,Malhotra,anil.malhotra5504@mail.com,Male,9361189428,Germany,1998-02-12
5505,Sunita,Roy,sunita.roy5505@gmail.com,Male,9578661330,India,1971-06-02
5506,Sai,Shah,sai.shah5506@outlook.com,Male,8193290425,France,1967-09-08
5507,Sara,Malhotra,sara.malhotra5507@example.com,Male,6216420062,Germany,1982-07-27
5508,Ritu,Pillai,ritu.pillai5508@outlook.com,Male,8749997212,France,1996-05-21
5509,Arjun,Nair,arjun.nair5509@yahoo.com,Female,6532173099,Germany,1996-06-09
5510,Karthik,Shah,karthik.shah5510@example.com,Female,7544016285,Canada,1977-08-18
5511,Sunita,Prasad,sunita.prasad5511@outlook.com,Male,7028191969,South Africa,1983-12-06
5512,Priya,Pillai,priya.pillai5512@mail.com,Male,7001803828,Canada,2002-08-31
5513,Aanya,Chauhan,aanya.chauhan5513@yahoo.com,Male,9839903406,Brazil,1992-12-19
5514,Kiran,Joshi,kiran.joshi5514@example.com,Female,7891669007,Germany,1982-01-29
5515,Vivaan,Agarwal,vivaan.agarwal5515@mail.com,Male,7978692761,Canada,2005-10-20
5516,Diya,Bose,diya.bose5516@outlook.com,Female,9123157627,France,1979-01-24
5517,Kiran,Ghosh,kiran.ghosh5517@gmail.com,Male,8214103126,Australia,1998-11-15
5518,Sara,Menon,sara.menon5518@outlook.com,Female,7629990569,Brazil,2004-05-20
5519,Vivaan,Yadav,vivaan.yadav5519@gmail.com,Male,9959143195,Australia,1992-01-31
5520,Nisha,Singh,nisha.singh5520@yahoo.com,Female,8364710700,Australia,1975-06-26
5521,Maya,Kapoor,maya.kapoor5521@example.com,Female,6585885447,Germany,1971-12-18
5522,Ananya,Verma,ananya.verma5522@mail.com,Male,7612368793,United Kingdom,1999-12-07
5523,Pooja,Naidu,pooja.naidu5523@yahoo.com,Male,8710039920,United Kingdom,1989-01-13
5524,Ritu,Chauhan,ritu.chauhan5524@outlook.com,Female,9850618535,UAE,1993-05-28
5525,Maya,Reddy,maya.reddy5525@gmail.com,Female,8024120827,Germany,2004-06-24
5526,Sahil,Patel,sahil.patel5526@yahoo.com,Female,7079457430,Brazil,1988-06-14
5527,Priya,Bhatt,priya.bhatt5527@mail.com,Male,8619271591,Brazil,1992-03-05
5528,Myra,Trivedi,myra.trivedi5528@mail.com,Male,9917094375,United States,2000-04-24
5529,Ananya,Mehta,ananya.mehta5529@mail.com,Female,7305203600,Germany,1993-08-31
5530,Vihaan,Naidu,vihaan.naidu5530@mail.com,Male,9613646220,United Kingdom,1979-06-09
5531,Riya,Kumar,riya.kumar5531@mail.com,Male,7359097038,Germany,1974-06-01
5532,Aditya,Bhatia,aditya.bhatia5532@mail.com,Female,6044947827,France,1971-04-17
5533,Arjun,Pillai,arjun.pillai5533@outlook.com,Female,9062252638,South Africa,1968-06-24
5534,Reyansh,Naidu,reyansh.naidu5534@example.com,Male,9526055427,Germany,1986-09-26
5535,Pooja,Verma,pooja.verma5535@example.com,Female,8987527117,United States,1972-02-24
5536,Sahil,Malhotra,sahil.malhotra5536@gmail.com,Male,8211709867,Brazil,2000-10-23
5537,Riya,Agarwal,riya.agarwal5537@outlook.com,Male,9671854796,Australia,2006-01-04
5538,Myra,Nair,myra.nair5538@example.com,Female,6119907810,Brazil,1998-12-09
5539,Aarav,Sharma,aarav.sharma5539@gmail.com,Female,8052295673,Brazil,1979-12-20
5540,Vihaan,Bhatia,vihaan.bhatia5540@example.com,Female,8235119788,Australia,1975-11-23
5541,Aanya,Patel,aanya.patel5541@yahoo.com,Female,7294727172,France,1993-08-06
5542,Krishna,Iyer,krishna.iyer5542@gmail.com,Male,9110297205,UAE,1993-11-14
5543,Kavya,Iyer,kavya.iyer5543@gmail.com,Female,7265382736,Germany,1973-09-11
5544,Kavya,Gupta,kavya.gupta5544@mail.com,Male,7863967335,Canada,1991-04-13
5545,Isha,Trivedi,isha.trivedi5545@example.com,Male,6749088773,Brazil,1978-08-06
5546,Isha,Bhatia,isha.bhatia5546@mail.com,Male,7461439135,Canada,2006-02-04
5547,Sai,Joshi,sai.joshi5547@gmail.com,Female,8825142731,Canada,1977-07-18
5548,Aarav,Agarwal,aarav.agarwal5548@mail.com,Male,7239855699,Canada,1988-12-09
5549,Krishna,Khan,krishna.khan5549@yahoo.com,Male,7627768542,Brazil,1993-08-29
5550,Sunita,Roy,sunita.roy5550@mail.com,Female,7339659020,Brazil,1996-04-10
5551,Sahil,Roy,sahil.roy5551@mail.com,Male,7474359248,India,1984-01-27
5552,Aarav,Roy,aarav.roy5552@yahoo.com,Female,7759269981,Australia,1987-03-21
5553,Sai,Gupta,sai.gupta5553@example.com,Male,9774692464,South Africa,1985-02-13
5554,Arjun,Nair,arjun.nair5554@example.com,Female,9439311391,South Africa,2002-12-23
5555,Arjun,Joshi,arjun.joshi5555@mail.com,Male,8085713235,France,1998-10-18
5556,Aanya,Bhatia,aanya.bhatia5556@outlook.com,Female,9836112417,United States,1977-05-18
5557,Sunita,Bhatt,sunita.bhatt5557@outlook.com,Female,6620868237,South Africa,1973-03-01
5558,Ananya,Shah,ananya.shah5558@gmail.com,Male,6559161386,United Kingdom,1995-10-23
5559,Riya,Menon,riya.menon5559@yahoo.com,Female,6208407465,Canada,1976-03-03
5560,Rohan,Kumar,rohan.kumar5560@mail.com,Male,6253305237,UAE,2003-10-10
5561,Aditya,Das,aditya.das5561@mail.com,Female,9024609120,India,1999-12-19
5562,Kiran,Ghosh,kiran.ghosh5562@gmail.com,Male,8082160446,UAE,2005-09-05
5563,Reyansh,Kapoor,reyansh.kapoor5563@outlook.com,Male,9375757867,South Africa,1967-11-22
5564,Sai,Bhatia,sai.bhatia5564@gmail.com,Female,9158217170,Canada,1977-11-29
5565,Isha,Bhatt,isha.bhatt5565@yahoo.com,Female,8829485768,France,1967-02-17
5566,Pooja,Verma,pooja.verma5566@gmail.com,Female,8208368551,South Africa,1994-02-03
5567,Tarun,Ghosh,tarun.ghosh5567@gmail.com,Male,6607895326,United States,1988-03-19
5568,Mohit,Chauhan,mohit.chauhan5568@outlook.com,Female,9437326651,UAE,1979-07-02
5569,Sahil,Verma,sahil.verma5569@yahoo.com,Male,8273967382,India,1999-06-25
5570,Sahil,Shah,sahil.shah5570@mail.com,Female,7704223277,South Africa,1988-06-07
5571,Tarun,Yadav,tarun.yadav5571@outlook.com,Female,6565235966,Germany,1988-01-15
5572,Arjun,Agarwal,arjun.agarwal5572@gmail.com,Female,6851619481,Germany,1996-08-19
5573,Sara,Khan,sara.khan5573@mail.com,Female,9020471877,India,1973-03-30
5574,Maya,Bhatt,maya.bhatt5574@example.com,Female,8400920758,India,1991-08-22
5575,Reyansh,Reddy,reyansh.reddy5575@yahoo.com,Male,7823302624,United Kingdom,1983-08-19
5576,Riya,Pillai,riya.pillai5576@example.com,Female,7951948127,Australia,1999-02-19
5577,Nisha,Yadav,nisha.yadav5577@gmail.com,Male,6131263205,Canada,1966-12-11
5578,Sara,Chauhan,sara.chauhan5578@mail.com,Male,9337294471,Germany,1978-01-16
5579,Krishna,Kapoor,krishna.kapoor5579@mail.com,Female,6593938092,Brazil,1979-05-24
5580,Riya,Bhatt,riya.bhatt5580@outlook.com,Male,9174233640,France,1971-04-30
5581,Vivaan,Gupta,vivaan.gupta5581@outlook.com,Male,7911252676,South Africa,1978-06-18
5582,Myra,Verma,myra.verma5582@mail.com,Female,9869970312,UAE,1979-06-20
5583,Vihaan,Reddy,vihaan.reddy5583@mail.com,Male,7151931480,France,1977-06-20
5584,Vivaan,Pillai,vivaan.pillai5584@example.com,Male,6022877496,Canada,1972-07-29
5585,Anil,Ghosh,anil.ghosh5585@outlook.com,Male,7012604050,Germany,1986-06-06
5586,Sunita,Patel,sunita.patel5586@mail.com,Male,8457628890,Australia,1996-05-27
5587,Sneha,Yadav,sneha.yadav5587@outlook.com,Female,8232571345,South Africa,1984-03-29
5588,Arjun,Shah,arjun.shah5588@example.com,Male,6647778959,India,1968-11-26
5589,Ritu,Shah,ritu.shah5589@mail.com,Male,9255918368,South Africa,1992-05-09
5590,Vihaan,Bhatt,vihaan.bhatt5590@outlook.com,Female,9182071110,Australia,1999-09-29
5591,Kavya,Roy,kavya.roy5591@outlook.com,Male,9094466228,Australia,1967-04-25
5592,Vihaan,Bose,vihaan.bose5592@example.com,Male,8558116246,Canada,1977-01-16
5593,Riya,Joshi,riya.joshi5593@gmail.com,Female,6980669254,India,2007-08-23
5594,Priya,Pillai,priya.pillai5594@example.com,Male,6314552526,United States,1984-10-23
5595,Maya,Menon,maya.menon5595@example.com,Female,6639925759,UAE,2005-12-13
5596,Sahil,Kapoor,sahil.kapoor5596@outlook.com,Female,6670207077,Australia,1995-02-23
5597,Sahil,Sharma,sahil.sharma5597@mail.com,Female,8861241408,South Africa,1998-08-18
5598,Riya,Prasad,riya.prasad5598@yahoo.com,Female,6517423801,South Africa,1972-01-16
5599,Aanya,Menon,aanya.menon5599@outlook.com,Female,7329793688,South Africa,1979-12-03
5600,Sara,Sharma,sara.sharma5600@example.com,Female,9040788762,Germany,1975-12-19
5601,Rohan,Ghosh,rohan.ghosh5601@example.com,Female,8777268776,France,1972-03-26
5602,Myra,Khan,myra.khan5602@mail.com,Male,6738429472,South Africa,1985-09-22
5603,Aanya,Menon,aanya.menon5603@mail.com,Female,6242257840,India,1986-05-28
5604,Aditya,Bose,aditya.bose5604@yahoo.com,Female,6740449433,UAE,1969-02-23
5605,Sara,Khan,sara.khan5605@example.com,Male,9187934550,India,1968-12-31
5606,Sara,Malhotra,sara.malhotra5606@example.com,Male,7300190717,Australia,1987-08-19
5607,Sahil,Das,sahil.das5607@gmail.com,Female,7000057309,South Africa,2002-07-02
5608,Isha,Bose,isha.bose5608@mail.com,Male,6015568494,United States,2001-08-20
5609,Myra,Trivedi,myra.trivedi5609@yahoo.com,Female,8459457829,Australia,2005-01-24
5610,Ananya,Kapoor,ananya.kapoor5610@gmail.com,Male,6578783417,United Kingdom,2005-09-12
5611,Sunita,Naidu,sunita.naidu5611@yahoo.com,Female,6962319790,UAE,1997-10-02
5612,Ritu,Khan,ritu.khan5612@mail.com,Male,8165554601,United Kingdom,1994-05-27
5613,Ritu,Patel,ritu.patel5613@yahoo.com,Male,9748839421,United Kingdom,1994-04-30
5614,Isha,Roy,isha.roy5614@mail.com,Male,9674589592,South Africa,1988-12-03
5615,Sai,Chauhan,sai.chauhan5615@yahoo.com,Male,7616843997,Australia,1995-09-18
5616,Diya,Bose,diya.bose5616@mail.com,Female,8564930170,France,2004-07-30
5617,Anil,Nair,anil.nair5617@outlook.com,Female,7187908191,Brazil,1985-05-05
5618,Aditya,Naidu,aditya.naidu5618@outlook.com,Male,7223784912,Germany,1996-04-27
5619,Sunita,Iyer,sunita.iyer5619@outlook.com,Female,8487998021,South Africa,1977-07-09
5620,Arjun,Roy,arjun.roy5620@mail.com,Male,8676811186,UAE,1984-07-20
5621,Aarav,Bose,aarav.bose5621@example.com,Male,8955742796,India,1988-12-23
5622,Priya,Kumar,priya.kumar5622@yahoo.com,Male,8304434939,France,1993-08-23
5623,Arjun,Agarwal,arjun.agarwal5623@yahoo.com,Male,9633226669,South Africa,1987-12-28
5624,Rohan,Reddy,rohan.reddy5624@outlook.com,Female,9585858509,Brazil,2007-01-15
5625,Nisha,Patel,nisha.patel5625@outlook.com,Male,7238387799,UAE,2004-02-15
5626,Diya,Kashyap,diya.kashyap5626@mail.com,Female,9901412620,Canada,1971-12-21
5627,Sai,Singh,sai.singh5627@example.com,Female,9476288502,France,1997-04-01
5628,Sunita,Ghosh,sunita.ghosh5628@example.com,Female,9945652374,Germany,1995-03-22
5629,Krishna,Das,krishna.das5629@outlook.com,Male,7128013634,India,2002-06-06
5630,Ananya,Iyer,ananya.iyer5630@gmail.com,Male,6813182662,Brazil,1999-10-29
5631,Maya,Chauhan,maya.chauhan5631@example.com,Male,9985932331,France,1975-08-07
5632,Ananya,Verma,ananya.verma5632@gmail.com,Female,7240702143,Australia,1971-10-20
5633,Priya,Malhotra,priya.malhotra5633@yahoo.com,Female,7743877041,France,1987-12-22
5634,Myra,Singh,myra.singh5634@outlook.com,Female,8193188902,United Kingdom,1969-03-25
5635,Nisha,Kumar,nisha.kumar5635@yahoo.com,Male,9137549289,Canada,1995-03-09
5636,Kavya,Yadav,kavya.yadav5636@outlook.com,Female,8850101245,UAE,2000-03-13
5637,Mohit,Sharma,mohit.sharma5637@yahoo.com,Male,7564190505,Germany,1984-10-05
5638,Sneha,Menon,sneha.menon5638@mail.com,Female,6274152078,Canada,1978-11-18
5639,Rohan,Singh,rohan.singh5639@mail.com,Male,8779065148,United States,1988-01-22
5640,Isha,Khan,isha.khan5640@mail.com,Male,9792463637,France,1980-02-10
5641,Isha,Agarwal,isha.agarwal5641@mail.com,Female,6380575281,United States,1995-05-05
5642,Sara,Chauhan,sara.chauhan5642@gmail.com,Female,8261469768,UAE,1985-12-29
5643,Mohit,Reddy,mohit.reddy5643@mail.com,Male,8552236954,Germany,1972-03-30
5644,Myra,Malhotra,myra.malhotra5644@mail.com,Female,8522908336,South Africa,1970-02-16
5645,Karthik,Joshi,karthik.joshi5645@outlook.com,Female,6199333379,India,2000-03-07
5646,Aanya,Kapoor,aanya.kapoor5646@yahoo.com,Female,9406507755,South Africa,2004-08-10
5647,Karthik,Verma,karthik.verma5647@mail.com,Female,8235025683,France,1991-12-28
5648,Diya,Patel,diya.patel5648@gmail.com,Male,9604994407,India,1983-08-16
5649,Sneha,Iyer,sneha.iyer5649@mail.com,Male,7347313909,South Africa,1992-12-29
5650,Vihaan,Mehta,vihaan.mehta5650@outlook.com,Male,7883031646,UAE,1986-01-11
5651,Arjun,Mehta,arjun.mehta5651@mail.com,Female,8682168254,Canada,1991-12-03
5652,Pooja,Kashyap,pooja.kashyap5652@yahoo.com,Male,9186900835,United Kingdom,1975-10-01
5653,Kavya,Prasad,kavya.prasad5653@example.com,Male,6120390330,France,1996-06-12
5654,Diya,Yadav,diya.yadav5654@example.com,Male,6532752078,UAE,2004-09-07
5655,Pooja,Reddy,pooja.reddy5655@outlook.com,Male,9349401293,UAE,1998-05-25
5656,Kavya,Bhatia,kavya.bhatia5656@mail.com,Male,6656355545,India,1987-08-02
5657,Sara,Shah,sara.shah5657@mail.com,Male,9805634816,United Kingdom,1971-09-02
5658,Ananya,Patel,ananya.patel5658@yahoo.com,Female,9502624184,France,1973-10-09
5659,Diya,Khan,diya.khan5659@mail.com,Male,7347658608,UAE,2003-11-30
5660,Vihaan,Kumar,vihaan.kumar5660@outlook.com,Male,9964276060,UAE,2005-11-15
5661,Aarav,Khan,aarav.khan5661@yahoo.com,Female,6007913625,Canada,1968-01-01
5662,Pooja,Kapoor,pooja.kapoor5662@gmail.com,Male,6730172603,UAE,1982-02-06
5663,Tarun,Pillai,tarun.pillai5663@outlook.com,Female,8697327554,UAE,1998-05-19
5664,Aditya,Khan,aditya.khan5664@yahoo.com,Male,7704131401,Brazil,2007-06-26
5665,Ritu,Shah,ritu.shah5665@mail.com,Male,8328290431,Brazil,1999-10-26
5666,Kiran,Roy,kiran.roy5666@mail.com,Male,7713368442,Brazil,1969-12-29
5667,Aanya,Shah,aanya.shah5667@yahoo.com,Male,7313833362,India,1972-08-14
5668,Riya,Joshi,riya.joshi5668@outlook.com,Female,7714474904,UAE,1979-10-13
5669,Rohan,Shah,rohan.shah5669@mail.com,Male,8909650152,India,1996-06-04
5670,Kiran,Roy,kiran.roy5670@example.com,Male,7741851451,UAE,2006-03-23
5671,Priya,Roy,priya.roy5671@mail.com,Male,6772522498,Canada,1981-04-19
5672,Sara,Verma,sara.verma5672@example.com,Male,6411180972,Brazil,1995-09-22
5673,Kavya,Bhatia,kavya.bhatia5673@outlook.com,Male,6186470351,UAE,1969-10-01
5674,Krishna,Patel,krishna.patel5674@outlook.com,Female,6810446272,South Africa,1971-04-09
5675,Tarun,Trivedi,tarun.trivedi5675@example.com,Male,9196875234,Germany,1968-11-08
5676,Maya,Roy,maya.roy5676@example.com,Female,6193120558,Germany,1986-07-11
5677,Isha,Kapoor,isha.kapoor5677@yahoo.com,Female,7693801472,United States,1991-01-29
5678,Isha,Reddy,isha.reddy5678@mail.com,Female,9678852197,South Africa,1983-06-23
5679,Riya,Bhatt,riya.bhatt5679@example.com,Female,8941833701,Canada,2006-04-16
5680,Kiran,Shah,kiran.shah5680@mail.com,Female,6383131453,Australia,1981-01-02
5681,Pooja,Agarwal,pooja.agarwal5681@mail.com,Female,9977020494,France,1987-04-30
5682,Sai,Kumar,sai.kumar5682@mail.com,Female,9729099091,South Africa,1991-04-22
5683,Vihaan,Chauhan,vihaan.chauhan5683@yahoo.com,Male,6483502259,Germany,1982-11-09
5684,Kiran,Kumar,kiran.kumar5684@yahoo.com,Male,9266948509,India,1970-09-25
5685,Aditya,Sharma,aditya.sharma5685@outlook.com,Female,6675447653,United Kingdom,1997-02-19
5686,Karthik,Nair,karthik.nair5686@yahoo.com,Female,9102334459,Australia,1999-06-04
5687,Aanya,Iyer,aanya.iyer5687@example.com,Female,7926077531,South Africa,1966-10-17
5688,Aditya,Roy,aditya.roy5688@outlook.com,Male,7940925844,South Africa,1973-10-24
5689,Nisha,Reddy,nisha.reddy5689@yahoo.com,Male,6758615594,United States,1997-11-26
5690,Sai,Khan,sai.khan5690@mail.com,Female,8078507419,France,1995-03-14
5691,Ananya,Mehta,ananya.mehta5691@mail.com,Male,9698210757,Australia,1987-05-20
5692,Vivaan,Singh,vivaan.singh5692@yahoo.com,Male,6051550562,Germany,2007-03-02
5693,Aditya,Malhotra,aditya.malhotra5693@yahoo.com,Male,6863464457,Australia,1966-03-01
5694,Aditya,Bhatt,aditya.bhatt5694@outlook.com,Female,9735597010,United Kingdom,1977-11-27
5695,Sneha,Bhatia,sneha.bhatia5695@gmail.com,Male,9286828822,Canada,1987-11-21
5696,Sai,Ghosh,sai.ghosh5696@mail.com,Male,6783282261,UAE,1968-09-01
5697,Karthik,Khan,karthik.khan5697@yahoo.com,Male,7710476875,United States,1967-10-22
5698,Sai,Bhatia,sai.bhatia5698@outlook.com,Female,7522326064,United Kingdom,2005-07-10
5699,Karthik,Iyer,karthik.iyer5699@gmail.com,Female,8208271610,Brazil,1970-02-15
5700,Sara,Roy,sara.roy5700@mail.com,Female,7259778860,India,1987-02-19
5701,Ananya,Reddy,ananya.reddy5701@yahoo.com,Female,7828443910,United Kingdom,1994-12-06
5702,Sunita,Singh,sunita.singh5702@yahoo.com,Female,6198058852,India,1973-10-30
5703,Tarun,Roy,tarun.roy5703@yahoo.com,Male,7119219902,France,1972-08-06
5704,Sara,Mehta,sara.mehta5704@mail.com,Male,6761189531,South Africa,1968-10-29
5705,Mohit,Verma,mohit.verma5705@yahoo.com,Male,7530995580,France,1973-06-18
5706,Karthik,Trivedi,karthik.trivedi5706@gmail.com,Female,7603059499,United Kingdom,1968-03-19
5707,Sara,Pillai,sara.pillai5707@outlook.com,Female,7027618355,UAE,1995-10-01
5708,Aditya,Kashyap,aditya.kashyap5708@gmail.com,Male,7880459614,Brazil,1997-07-15
5709,Priya,Nair,priya.nair5709@example.com,Male,9404366257,Brazil,1975-08-20
5710,Vivaan,Bhatt,vivaan.bhatt5710@example.com,Female,6681512814,France,1973-04-19
5711,Sai,Khan,sai.khan5711@mail.com,Male,9766169905,India,1993-12-30
5712,Aanya,Bhatia,aanya.bhatia5712@example.com,Male,9230582152,Canada,1993-07-21
5713,Isha,Yadav,isha.yadav5713@mail.com,Female,7197937195,Germany,1999-02-15
5714,Aarav,Kumar,aarav.kumar5714@mail.com,Female,8248436025,UAE,1996-10-18
5715,Vihaan,Bose,vihaan.bose5715@outlook.com,Male,9520947447,UAE,1990-06-15
5716,Kiran,Iyer,kiran.iyer5716@example.com,Male,6371094642,UAE,1975-05-11
5717,Sai,Patel,sai.patel5717@mail.com,Male,9672717932,United States,1993-05-22
5718,Pooja,Pillai,pooja.pillai5718@yahoo.com,Male,6854263373,United States,1991-04-24
5719,Diya,Ghosh,diya.ghosh5719@example.com,Male,6969226129,South Africa,1992-10-16
5720,Aditya,Singh,aditya.singh5720@mail.com,Male,7562573547,Brazil,1980-09-15
5721,Krishna,Patel,krishna.patel5721@yahoo.com,Female,9317852603,India,2003-08-17
5722,Riya,Bhatia,riya.bhatia5722@gmail.com,Female,6292015603,India,1969-06-20
5723,Priya,Ghosh,priya.ghosh5723@mail.com,Male,9103318459,France,2002-01-30
5724,Aanya,Agarwal,aanya.agarwal5724@yahoo.com,Female,8610860645,Canada,1976-09-30
5725,Reyansh,Patel,reyansh.patel5725@mail.com,Female,7954885847,Brazil,2002-04-11
5726,Tarun,Das,tarun.das5726@gmail.com,Female,8099975244,UAE,2000-07-04
5727,Diya,Bhatia,diya.bhatia5727@example.com,Male,6704286287,United Kingdom,1986-05-17
5728,Karthik,Khan,karthik.khan5728@gmail.com,Male,6952365538,Australia,1987-09-01
5729,Maya,Ghosh,maya.ghosh5729@outlook.com,Male,6104097260,Canada,2005-05-28
5730,Rohan,Trivedi,rohan.trivedi5730@mail.com,Female,7400261313,United States,1988-01-20
5731,Arjun,Malhotra,arjun.malhotra5731@outlook.com,Male,7568656944,United Kingdom,1992-02-09
5732,Isha,Iyer,isha.iyer5732@example.com,Male,8519037882,UAE,1979-10-26
5733,Myra,Agarwal,myra.agarwal5733@example.com,Male,6917693683,Germany,1981-12-11
5734,Vihaan,Yadav,vihaan.yadav5734@gmail.com,Male,7627519110,United Kingdom,1992-11-17
5735,Rohan,Das,rohan.das5735@gmail.com,Female,8405122623,South Africa,1990-06-03
5736,Kiran,Yadav,kiran.yadav5736@mail.com,Male,8177126898,Canada,1988-07-17
5737,Vihaan,Pillai,vihaan.pillai5737@mail.com,Female,9598659881,France,1994-02-06
5738,Myra,Kashyap,myra.kashyap5738@mail.com,Male,7494339807,Canada,1997-05-24
5739,Mohit,Bhatia,mohit.bhatia5739@yahoo.com,Female,9029967935,Germany,2004-11-24
5740,Pooja,Prasad,pooja.prasad5740@gmail.com,Male,8952966607,Brazil,1970-06-28
5741,Myra,Kapoor,myra.kapoor5741@mail.com,Female,7112145015,United States,2000-02-02
5742,Sahil,Prasad,sahil.prasad5742@example.com,Male,6424622684,UAE,1975-12-10
5743,Ananya,Das,ananya.das5743@mail.com,Female,9306716774,India,2001-08-03
5744,Mohit,Patel,mohit.patel5744@yahoo.com,Female,8745058882,France,2000-08-10
5745,Sunita,Prasad,sunita.prasad5745@gmail.com,Male,6353140721,South Africa,1975-07-19
5746,Isha,Menon,isha.menon5746@gmail.com,Female,9010915328,Canada,1982-03-09
5747,Kavya,Joshi,kavya.joshi5747@outlook.com,Male,7669966112,Germany,2001-04-29
5748,Myra,Chauhan,myra.chauhan5748@mail.com,Female,9265866019,UAE,1997-09-02
5749,Riya,Prasad,riya.prasad5749@example.com,Male,6580504449,Canada,1991-07-26
5750,Nisha,Singh,nisha.singh5750@gmail.com,Female,6541681983,Germany,1979-04-21
5751,Sunita,Yadav,sunita.yadav5751@yahoo.com,Female,6788165058,Brazil,1985-03-01
5752,Aditya,Iyer,aditya.iyer5752@yahoo.com,Male,9702640242,India,1980-10-29
5753,Pooja,Malhotra,pooja.malhotra5753@gmail.com,Male,9094955390,United States,2000-01-26
5754,Arjun,Menon,arjun.menon5754@outlook.com,Female,9306969758,South Africa,2004-02-21
5755,Maya,Trivedi,maya.trivedi5755@mail.com,Female,6756402155,Australia,1998-05-21
5756,Mohit,Das,mohit.das5756@yahoo.com,Female,8661621535,United Kingdom,1979-03-15
5757,Rohan,Reddy,rohan.reddy5757@outlook.com,Female,9780033139,South Africa,1999-11-03
5758,Sneha,Singh,sneha.singh5758@mail.com,Male,7129399520,UAE,2007-02-08
5759,Sunita,Kashyap,sunita.kashyap5759@outlook.com,Female,7302237304,UAE,1980-08-29
5760,Aarav,Bhatia,aarav.bhatia5760@mail.com,Female,6474442459,South Africa,2004-11-24
5761,Karthik,Shah,karthik.shah5761@example.com,Male,9764215510,Brazil,1987-01-18
5762,Diya,Reddy,diya.reddy5762@yahoo.com,Female,6605425189,France,1986-05-28
5763,Sara,Iyer,sara.iyer5763@mail.com,Male,7614817709,Australia,1996-06-16
5764,Priya,Yadav,priya.yadav5764@example.com,Male,6405520969,UAE,1984-04-05
5765,Sneha,Reddy,sneha.reddy5765@mail.com,Male,6390990350,United States,2002-02-07
5766,Tarun,Iyer,tarun.iyer5766@mail.com,Female,8254950500,UAE,1985-03-12
5767,Aarav,Shah,aarav.shah5767@yahoo.com,Male,8588556959,France,1967-02-23
5768,Anil,Naidu,anil.naidu5768@gmail.com,Male,9972337274,South Africa,1989-04-21
5769,Nisha,Agarwal,nisha.agarwal5769@mail.com,Male,6278391176,UAE,1977-02-25
5770,Krishna,Reddy,krishna.reddy5770@example.com,Female,7942759718,UAE,1990-08-29
5771,Mohit,Bhatt,mohit.bhatt5771@example.com,Male,8589941964,United Kingdom,1973-05-23
5772,Ananya,Trivedi,ananya.trivedi5772@outlook.com,Female,9290992231,Brazil,1969-10-06
5773,Diya,Patel,diya.patel5773@mail.com,Female,7546262291,India,1981-11-09
5774,Kavya,Ghosh,kavya.ghosh5774@gmail.com,Male,7224958223,United Kingdom,1969-12-23
5775,Aanya,Joshi,aanya.joshi5775@outlook.com,Female,6715680374,Australia,1970-10-29
5776,Sunita,Das,sunita.das5776@example.com,Male,9069695463,Germany,2004-01-07
5777,Priya,Singh,priya.singh5777@gmail.com,Male,6735330378,Brazil,1979-08-13
5778,Reyansh,Verma,reyansh.verma5778@gmail.com,Male,8814108147,Australia,1981-09-01
5779,Nisha,Shah,nisha.shah5779@gmail.com,Female,7265577161,India,2004-02-06
5780,Arjun,Nair,arjun.nair5780@example.com,Female,8984305650,United States,1975-08-25
5781,Diya,Kapoor,diya.kapoor5781@yahoo.com,Male,7228874385,Canada,2002-02-25
5782,Karthik,Roy,karthik.roy5782@gmail.com,Female,7769690414,Brazil,1978-03-16
5783,Sneha,Ghosh,sneha.ghosh5783@example.com,Female,8590802381,South Africa,1966-10-26
5784,Diya,Kapoor,diya.kapoor5784@example.com,Male,6975090102,South Africa,1996-08-19
5785,Nisha,Reddy,nisha.reddy5785@example.com,Female,6297966593,Canada,1989-05-04
5786,Aanya,Das,aanya.das5786@outlook.com,Male,6782582767,Germany,1981-01-12
5787,Sunita,Shah,sunita.shah5787@yahoo.com,Female,7973635737,Australia,1996-03-04
5788,Aditya,Menon,aditya.menon5788@example.com,Male,9329630736,Brazil,1987-09-25
5789,Rohan,Ghosh,rohan.ghosh5789@mail.com,Male,6983487322,Australia,1983-01-22
5790,Aarav,Singh,aarav.singh5790@gmail.com,Female,6181527777,South Africa,1978-04-15
5791,Rohan,Roy,rohan.roy5791@yahoo.com,Male,9406756940,South Africa,1969-03-02
5792,Priya,Verma,priya.verma5792@mail.com,Female,9682795873,India,1985-10-23
5793,Mohit,Singh,mohit.singh5793@mail.com,Female,9501786230,United States,2005-05-19
5794,Rohan,Reddy,rohan.reddy5794@outlook.com,Female,7961639643,South Africa,1997-05-31
5795,Riya,Trivedi,riya.trivedi5795@mail.com,Male,9349076765,United States,1992-01-21
5796,Vivaan,Kashyap,vivaan.kashyap5796@mail.com,Female,7223447940,India,1979-08-16
5797,Krishna,Das,krishna.das5797@example.com,Female,8301913210,France,1984-09-08
5798,Karthik,Singh,karthik.singh5798@outlook.com,Male,6248673323,Germany,1973-04-22
5799,Aditya,Ghosh,aditya.ghosh5799@example.com,Female,8638829229,Canada,1996-10-26
5800,Myra,Joshi,myra.joshi5800@outlook.com,Female,9585718821,UAE,1972-03-18
5801,Vihaan,Roy,vihaan.roy5801@yahoo.com,Female,7652623462,United States,2005-09-19
5802,Sunita,Kashyap,sunita.kashyap5802@mail.com,Male,6155659519,France,1982-01-25
5803,Sara,Trivedi,sara.trivedi5803@gmail.com,Female,7510262618,Canada,1984-07-09
5804,Karthik,Prasad,karthik.prasad5804@yahoo.com,Male,9090723842,France,1987-01-09
5805,Ritu,Patel,ritu.patel5805@outlook.com,Female,8863984639,United Kingdom,1985-09-02
5806,Rohan,Ghosh,rohan.ghosh5806@yahoo.com,Female,9553813475,UAE,1995-03-04
5807,Karthik,Shah,karthik.shah5807@yahoo.com,Female,8131676483,Canada,1971-02-16
5808,Anil,Kapoor,anil.kapoor5808@gmail.com,Male,8628759563,UAE,1989-09-11
5809,Reyansh,Nair,reyansh.nair5809@gmail.com,Male,8713335994,UAE,1991-06-08
5810,Aditya,Bhatt,aditya.bhatt5810@gmail.com,Male,7462237127,United States,1983-10-01
5811,Karthik,Verma,karthik.verma5811@example.com,Male,9836232574,United States,1983-03-13
5812,Sahil,Kashyap,sahil.kashyap5812@gmail.com,Female,8785680735,South Africa,1982-03-10
5813,Krishna,Bhatia,krishna.bhatia5813@yahoo.com,Male,7061844081,United Kingdom,1987-01-17
5814,Riya,Yadav,riya.yadav5814@yahoo.com,Male,8899774617,Germany,1988-05-24
5815,Aanya,Roy,aanya.roy5815@yahoo.com,Male,9393933124,South Africa,1994-11-25
5816,Karthik,Agarwal,karthik.agarwal5816@mail.com,Female,9006168161,South Africa,2006-07-12
5817,Myra,Mehta,myra.mehta5817@mail.com,Female,9754387171,India,2003-05-09
5818,Aarav,Bose,aarav.bose5818@mail.com,Female,9746386009,Canada,1971-07-04
5819,Karthik,Yadav,karthik.yadav5819@yahoo.com,Male,6899127875,United States,2004-04-25
5820,Sahil,Mehta,sahil.mehta5820@gmail.com,Female,9831718341,Germany,1968-10-09
5821,Aditya,Iyer,aditya.iyer5821@gmail.com,Male,6243607639,Canada,1977-02-15
5822,Sara,Iyer,sara.iyer5822@outlook.com,Female,6041424155,United States,1993-09-16
5823,Mohit,Verma,mohit.verma5823@outlook.com,Female,7898882336,Germany,1996-02-03
5824,Isha,Mehta,isha.mehta5824@example.com,Female,7279233224,United Kingdom,2004-01-24
5825,Tarun,Trivedi,tarun.trivedi5825@outlook.com,Female,8221370828,United States,1999-02-27
5826,Ananya,Roy,ananya.roy5826@example.com,Female,7685852470,Germany,1985-08-26
5827,Aarav,Ghosh,aarav.ghosh5827@gmail.com,Male,6645373128,UAE,1975-07-18
5828,Reyansh,Kapoor,reyansh.kapoor5828@gmail.com,Female,7735671756,India,1994-09-21
5829,Sara,Kapoor,sara.kapoor5829@example.com,Male,9088223454,India,1990-08-02
5830,Sahil,Kapoor,sahil.kapoor5830@yahoo.com,Female,8249515497,United States,1972-09-08
5831,Maya,Singh,maya.singh5831@gmail.com,Female,8906468673,France,1973-12-03
5832,Ritu,Nair,ritu.nair5832@yahoo.com,Female,9600631463,France,1990-09-09
5833,Kiran,Reddy,kiran.reddy5833@example.com,Female,9058468178,Australia,1996-12-18
5834,Anil,Shah,anil.shah5834@example.com,Female,7204408542,Canada,1984-07-08
5835,Vivaan,Reddy,vivaan.reddy5835@example.com,Male,8221484690,United Kingdom,1973-05-17
5836,Sneha,Bhatt,sneha.bhatt5836@example.com,Female,8827850378,United States,1994-12-08
5837,Sara,Naidu,sara.naidu5837@mail.com,Male,6683577639,Brazil,1984-06-13
5838,Rohan,Yadav,rohan.yadav5838@yahoo.com,Male,8925456528,South Africa,1990-11-29
5839,Kavya,Pillai,kavya.pillai5839@outlook.com,Male,7425548137,India,1991-01-31
5840,Vihaan,Verma,vihaan.verma5840@outlook.com,Male,7102103842,Germany,1997-10-16
5841,Reyansh,Chauhan,reyansh.chauhan5841@example.com,Male,7843427185,UAE,1977-11-28
5842,Vihaan,Prasad,vihaan.prasad5842@mail.com,Male,9525577505,Germany,1987-10-24
5843,Krishna,Menon,krishna.menon5843@mail.com,Male,6393795025,Australia,1967-04-11
5844,Kiran,Shah,kiran.shah5844@example.com,Male,6665029750,India,1976-04-23
5845,Diya,Khan,diya.khan5845@outlook.com,Female,8571944427,Germany,1996-03-05
5846,Diya,Yadav,diya.yadav5846@gmail.com,Female,9065562245,Germany,1984-05-05
5847,Diya,Chauhan,diya.chauhan5847@example.com,Female,8251992779,India,1967-11-05
5848,Sneha,Prasad,sneha.prasad5848@example.com,Male,9349200946,United States,1989-09-24
5849,Riya,Reddy,riya.reddy5849@mail.com,Female,8656901361,South Africa,2007-09-16
5850,Rohan,Iyer,rohan.iyer5850@mail.com,Male,6310496416,Germany,1981-12-07
5851,Rohan,Patel,rohan.patel5851@gmail.com,Male,6926264127,Germany,1975-03-07
5852,Isha,Shah,isha.shah5852@example.com,Male,6783722362,UAE,1989-02-23
5853,Sai,Agarwal,sai.agarwal5853@example.com,Male,6496268199,India,1966-08-26
5854,Reyansh,Kashyap,reyansh.kashyap5854@mail.com,Male,9287590387,Germany,1996-01-17
5855,Aarav,Agarwal,aarav.agarwal5855@outlook.com,Male,6212156768,United States,1971-08-31
5856,Sara,Gupta,sara.gupta5856@outlook.com,Female,6709978912,United Kingdom,1973-07-27
5857,Myra,Bhatt,myra.bhatt5857@yahoo.com,Male,9906239415,France,1967-12-18
5858,Kiran,Das,kiran.das5858@mail.com,Female,7113016564,Canada,1966-09-15
5859,Vihaan,Trivedi,vihaan.trivedi5859@yahoo.com,Male,6384508112,United States,1989-07-30
5860,Riya,Kapoor,riya.kapoor5860@gmail.com,Male,7953352440,United States,1966-09-22
5861,Sneha,Gupta,sneha.gupta5861@example.com,Female,8210977249,India,2005-05-26
5862,Karthik,Kapoor,karthik.kapoor5862@yahoo.com,Female,8045320463,France,1999-05-22
5863,Mohit,Kashyap,mohit.kashyap5863@gmail.com,Female,9449576841,Australia,2004-06-02
5864,Tarun,Roy,tarun.roy5864@outlook.com,Female,8291981153,India,1993-03-03
5865,Rohan,Singh,rohan.singh5865@outlook.com,Female,7620054875,India,1999-06-21
5866,Riya,Das,riya.das5866@example.com,Male,7064188689,India,2005-08-23
5867,Vihaan,Naidu,vihaan.naidu5867@mail.com,Female,6519638857,UAE,1969-06-09
5868,Riya,Nair,riya.nair5868@outlook.com,Male,7223858226,United Kingdom,1996-06-28
5869,Diya,Gupta,diya.gupta5869@example.com,Male,6746475976,Germany,1983-08-13
5870,Kiran,Yadav,kiran.yadav5870@yahoo.com,Male,7789395427,Brazil,1972-11-03
5871,Mohit,Pillai,mohit.pillai5871@outlook.com,Male,7471108254,United States,1970-10-02
5872,Krishna,Malhotra,krishna.malhotra5872@outlook.com,Male,6841261133,UAE,1985-06-04
5873,Nisha,Kapoor,nisha.kapoor5873@gmail.com,Female,9509823642,Brazil,1967-07-19
5874,Pooja,Yadav,pooja.yadav5874@mail.com,Female,7957638203,UAE,1973-06-12
5875,Reyansh,Kapoor,reyansh.kapoor5875@example.com,Male,6299515788,South Africa,1998-06-14
5876,Isha,Kashyap,isha.kashyap5876@outlook.com,Male,8891265851,UAE,1981-02-14
5877,Vivaan,Singh,vivaan.singh5877@mail.com,Female,8820536480,UAE,1993-11-23
5878,Karthik,Naidu,karthik.naidu5878@gmail.com,Male,6084101696,Australia,1974-06-04
5879,Kiran,Kashyap,kiran.kashyap5879@example.com,Male,7269115457,India,2002-02-10
5880,Kiran,Roy,kiran.roy5880@mail.com,Male,7544766712,South Africa,1983-11-13
5881,Ritu,Verma,ritu.verma5881@outlook.com,Male,6776450668,Australia,1975-08-25
5882,Maya,Roy,maya.roy5882@gmail.com,Male,7264608412,India,2007-03-09
5883,Rohan,Gupta,rohan.gupta5883@mail.com,Male,7630442179,Canada,1992-12-26
5884,Diya,Bose,diya.bose5884@outlook.com,Male,8549908829,United Kingdom,1986-10-30
5885,Priya,Kapoor,priya.kapoor5885@example.com,Female,8028628282,UAE,1992-01-28
5886,Tarun,Joshi,tarun.joshi5886@mail.com,Male,9547299125,Australia,1974-07-07
5887,Priya,Kashyap,priya.kashyap5887@mail.com,Male,6229916709,United Kingdom,1980-10-21
5888,Vihaan,Kumar,vihaan.kumar5888@yahoo.com,Male,6062892371,United States,1987-01-15
5889,Aarav,Prasad,aarav.prasad5889@yahoo.com,Female,7274490651,United Kingdom,1996-04-20
5890,Aditya,Yadav,aditya.yadav5890@gmail.com,Female,7231213345,Germany,1986-09-05
5891,Aanya,Prasad,aanya.prasad5891@example.com,Male,6033188791,UAE,1987-11-05
5892,Kavya,Bhatt,kavya.bhatt5892@outlook.com,Female,7037504574,South Africa,1993-07-27
5893,Krishna,Agarwal,krishna.agarwal5893@outlook.com,Female,9172752058,France,1982-08-01
5894,Riya,Shah,riya.shah5894@example.com,Female,7700923476,UAE,1977-06-19
5895,Riya,Nair,riya.nair5895@yahoo.com,Female,9385576869,India,1978-05-02
5896,Sara,Chauhan,sara.chauhan5896@example.com,Female,9054784073,India,1991-09-27
5897,Riya,Malhotra,riya.malhotra5897@gmail.com,Male,7717893065,South Africa,1996-11-27
5898,Riya,Yadav,riya.yadav5898@outlook.com,Male,8701841581,United States,1984-06-23
5899,Vivaan,Reddy,vivaan.reddy5899@yahoo.com,Male,9579215958,South Africa,1978-03-24
5900,Sai,Malhotra,sai.malhotra5900@example.com,Female,8983025265,South Africa,1984-03-17
5901,Aarav,Kumar,aarav.kumar5901@example.com,Male,9261152635,Germany,2004-06-17
5902,Tarun,Kapoor,tarun.kapoor5902@gmail.com,Female,7377872813,Brazil,1975-08-27
5903,Ritu,Das,ritu.das5903@mail.com,Female,9367365529,United States,1973-08-07
5904,Diya,Chauhan,diya.chauhan5904@example.com,Female,8669939272,Brazil,2000-02-25
5905,Priya,Chauhan,priya.chauhan5905@yahoo.com,Female,7653713500,South Africa,2000-01-20
5906,Aarav,Kashyap,aarav.kashyap5906@example.com,Male,6210198179,South Africa,1998-05-20
5907,Riya,Nair,riya.nair5907@example.com,Female,6592422769,UAE,1970-12-14
5908,Pooja,Roy,pooja.roy5908@yahoo.com,Male,9224031072,Germany,1974-01-18
5909,Mohit,Gupta,mohit.gupta5909@gmail.com,Male,7403589847,Brazil,2000-04-04
5910,Sara,Menon,sara.menon5910@yahoo.com,Male,6411680526,India,1998-02-02
5911,Maya,Singh,maya.singh5911@outlook.com,Male,8837757115,United Kingdom,1994-12-03
5912,Sunita,Bose,sunita.bose5912@example.com,Female,8009900223,United Kingdom,1998-01-21
5913,Sunita,Menon,sunita.menon5913@mail.com,Male,8294448834,Brazil,1982-09-19
5914,Aditya,Ghosh,aditya.ghosh5914@outlook.com,Female,9010529425,Brazil,1982-05-20
5915,Sahil,Mehta,sahil.mehta5915@example.com,Male,7031601473,Germany,1992-03-02
5916,Aanya,Nair,aanya.nair5916@yahoo.com,Male,9996419709,Brazil,2006-11-29
5917,Priya,Nair,priya.nair5917@gmail.com,Male,6751863423,India,1999-02-11
5918,Vihaan,Nair,vihaan.nair5918@mail.com,Female,6956187130,Brazil,1991-01-13
5919,Kavya,Ghosh,kavya.ghosh5919@outlook.com,Female,7521486531,Brazil,1981-08-26
5920,Pooja,Naidu,pooja.naidu5920@mail.com,Male,8968844191,United Kingdom,1975-05-11
5921,Maya,Kashyap,maya.kashyap5921@example.com,Male,9917443548,UAE,1988-11-01
5922,Priya,Agarwal,priya.agarwal5922@gmail.com,Female,7635879222,France,1966-12-10
5923,Sai,Menon,sai.menon5923@example.com,Male,7198532249,Canada,1996-03-30
5924,Sunita,Yadav,sunita.yadav5924@example.com,Male,7214697996,UAE,1982-09-07
5925,Anil,Verma,anil.verma5925@yahoo.com,Male,7944759830,UAE,1982-01-28
5926,Aditya,Bose,aditya.bose5926@yahoo.com,Female,9353157557,United Kingdom,1994-11-17
5927,Nisha,Singh,nisha.singh5927@example.com,Male,9331403520,South Africa,1984-07-17
5928,Sunita,Kumar,sunita.kumar5928@outlook.com,Male,9647224468,Australia,1999-05-03
5929,Myra,Agarwal,myra.agarwal5929@mail.com,Male,7003092840,Australia,1982-08-11
5930,Vihaan,Sharma,vihaan.sharma5930@yahoo.com,Female,6513478710,India,1977-07-05
5931,Riya,Gupta,riya.gupta5931@outlook.com,Female,8743120893,India,1986-08-13
5932,Kavya,Ghosh,kavya.ghosh5932@gmail.com,Female,8333099587,Germany,1968-03-23
5933,Rohan,Bhatt,rohan.bhatt5933@outlook.com,Male,8148585433,India,1967-04-14
5934,Arjun,Joshi,arjun.joshi5934@mail.com,Male,8754969510,United States,1974-09-20
5935,Tarun,Khan,tarun.khan5935@mail.com,Male,7960965732,Canada,1980-07-21
5936,Reyansh,Ghosh,reyansh.ghosh5936@yahoo.com,Male,8543944298,Germany,1966-11-30
5937,Mohit,Kapoor,mohit.kapoor5937@outlook.com,Female,8485517325,United Kingdom,1978-06-28
5938,Kavya,Prasad,kavya.prasad5938@yahoo.com,Female,8294453237,Brazil,1966-07-17
5939,Sunita,Menon,sunita.menon5939@example.com,Male,6505904298,Australia,1971-06-14
5940,Sneha,Kapoor,sneha.kapoor5940@outlook.com,Female,7642307194,France,1968-02-06
5941,Pooja,Trivedi,pooja.trivedi5941@gmail.com,Female,6943988617,UAE,2000-04-02
5942,Sara,Sharma,sara.sharma5942@outlook.com,Female,9099374772,UAE,1983-08-05
5943,Sahil,Bhatia,sahil.bhatia5943@mail.com,Female,8778546211,Brazil,1991-03-04
5944,Arjun,Mehta,arjun.mehta5944@yahoo.com,Female,6407404092,Brazil,1986-09-17
5945,Sunita,Gupta,sunita.gupta5945@outlook.com,Male,6000562012,UAE,2004-11-04
5946,Nisha,Kapoor,nisha.kapoor5946@gmail.com,Female,8689535407,South Africa,1971-06-24
5947,Karthik,Bose,karthik.bose5947@outlook.com,Male,6841452301,United States,1980-01-27
5948,Nisha,Chauhan,nisha.chauhan5948@yahoo.com,Male,7549264179,Australia,1968-04-02
5949,Vivaan,Singh,vivaan.singh5949@example.com,Male,8640063894,Germany,2000-10-28
5950,Myra,Malhotra,myra.malhotra5950@example.com,Female,7719343204,United States,1977-02-11
5951,Reyansh,Khan,reyansh.khan5951@yahoo.com,Male,9592605840,France,1997-04-18
5952,Kiran,Kapoor,kiran.kapoor5952@mail.com,Female,8378821689,France,2004-06-10
5953,Isha,Sharma,isha.sharma5953@example.com,Male,6199957757,Germany,1996-12-25
5954,Isha,Joshi,isha.joshi5954@yahoo.com,Male,7996984795,India,1974-12-22
5955,Kiran,Malhotra,kiran.malhotra5955@yahoo.com,Female,6019296191,South Africa,1967-11-25
5956,Sunita,Reddy,sunita.reddy5956@mail.com,Female,9210144006,France,1994-02-13
5957,Sunita,Pillai,sunita.pillai5957@yahoo.com,Female,6704462316,Germany,1995-08-18
5958,Ananya,Bhatt,ananya.bhatt5958@gmail.com,Male,8240422451,UAE,1990-07-08
5959,Aditya,Mehta,aditya.mehta5959@gmail.com,Male,8266037863,France,1991-04-18
5960,Kavya,Khan,kavya.khan5960@example.com,Male,8319823472,India,2000-04-01
5961,Reyansh,Mehta,reyansh.mehta5961@mail.com,Female,8469645025,Canada,2001-12-16
5962,Tarun,Menon,tarun.menon5962@gmail.com,Female,6189163750,United Kingdom,1990-04-14
5963,Sunita,Nair,sunita.nair5963@yahoo.com,Male,8276235259,United Kingdom,2005-07-26
5964,Anil,Trivedi,anil.trivedi5964@gmail.com,Female,7795409284,France,1981-01-20
5965,Aanya,Ghosh,aanya.ghosh5965@example.com,Female,8979511752,India,1980-02-14
5966,Pooja,Bose,pooja.bose5966@example.com,Female,8267881221,France,1989-02-14
5967,Vihaan,Menon,vihaan.menon5967@example.com,Male,8682441687,Brazil,2000-07-12
5968,Mohit,Roy,mohit.roy5968@yahoo.com,Male,6600296511,UAE,1994-05-30
5969,Tarun,Menon,tarun.menon5969@gmail.com,Male,8384826779,Canada,1978-05-21
5970,Kiran,Agarwal,kiran.agarwal5970@mail.com,Female,8779130637,France,1972-04-03
5971,Sneha,Joshi,sneha.joshi5971@mail.com,Female,8389755074,Australia,2006-08-03
5972,Tarun,Bose,tarun.bose5972@mail.com,Female,7846906390,Germany,1995-04-12
5973,Myra,Bhatia,myra.bhatia5973@yahoo.com,Male,7089703368,Australia,1971-07-03
5974,Riya,Reddy,riya.reddy5974@mail.com,Male,7637618798,Germany,1971-12-13
5975,Arjun,Mehta,arjun.mehta5975@example.com,Female,9108982443,Australia,1973-02-24
5976,Maya,Khan,maya.khan5976@yahoo.com,Male,8694525938,South Africa,1972-03-30
5977,Aanya,Gupta,aanya.gupta5977@gmail.com,Male,7121375828,India,1987-04-01
5978,Sneha,Kumar,sneha.kumar5978@mail.com,Female,7058976285,Brazil,1966-10-30
5979,Aarav,Mehta,aarav.mehta5979@yahoo.com,Female,7546834475,Canada,1975-09-02
5980,Reyansh,Malhotra,reyansh.malhotra5980@gmail.com,Male,7475069624,UAE,1981-07-21
5981,Rohan,Malhotra,rohan.malhotra5981@mail.com,Male,9600909709,Canada,1985-03-03
5982,Ritu,Malhotra,ritu.malhotra5982@mail.com,Female,9472237218,India,1968-07-31
5983,Sara,Ghosh,sara.ghosh5983@outlook.com,Female,7217560312,Canada,2002-04-12
5984,Vivaan,Bhatt,vivaan.bhatt5984@example.com,Male,8064710999,South Africa,1980-09-01
5985,Riya,Patel,riya.patel5985@yahoo.com,Male,7491553013,Canada,1966-09-15
5986,Aditya,Kapoor,aditya.kapoor5986@gmail.com,Female,6378720620,India,1988-05-12
5987,Kiran,Iyer,kiran.iyer5987@mail.com,Female,7718601574,Canada,1968-07-27
5988,Sara,Roy,sara.roy5988@yahoo.com,Female,9355638136,Canada,1998-02-22
5989,Anil,Sharma,anil.sharma5989@example.com,Female,6982519272,Australia,2000-10-30
5990,Priya,Bhatia,priya.bhatia5990@gmail.com,Male,9334273986,Brazil,1969-09-13
5991,Mohit,Singh,mohit.singh5991@mail.com,Female,7645926978,Brazil,1986-06-06
5992,Sara,Agarwal,sara.agarwal5992@outlook.com,Male,7011477941,France,1993-10-02
5993,Sneha,Mehta,sneha.mehta5993@example.com,Female,6410571135,Brazil,1998-04-04
5994,Priya,Pillai,priya.pillai5994@outlook.com,Male,6557704554,UAE,1987-11-24
5995,Tarun,Prasad,tarun.prasad5995@gmail.com,Male,6511321395,India,2004-02-13
5996,Isha,Joshi,isha.joshi5996@yahoo.com,Female,9849816073,UAE,1978-01-20
5997,Kiran,Sharma,kiran.sharma5997@outlook.com,Male,6146107101,Canada,1990-11-07
5998,Riya,Das,riya.das5998@example.com,Male,6072847707,Brazil,2000-12-27
5999,Diya,Patel,diya.patel5999@example.com,Male,9557030345,Brazil,1998-08-04
6000,Ananya,Ghosh,ananya.ghosh6000@yahoo.com,Male,6260120510,United States,1973-03-11
6001,Kavya,Pillai,kavya.pillai6001@mail.com,Male,7535384598,United Kingdom,1993-12-15
6002,Pooja,Ghosh,pooja.ghosh6002@mail.com,Male,9475569256,Canada,1991-05-18
6003,Pooja,Chauhan,pooja.chauhan6003@example.com,Female,8686303968,Germany,1981-08-26
6004,Isha,Singh,isha.singh6004@gmail.com,Male,8868533039,United Kingdom,1966-12-24
6005,Karthik,Menon,karthik.menon6005@gmail.com,Female,9847280872,Canada,1984-07-01
6006,Kiran,Pillai,kiran.pillai6006@mail.com,Female,6729139065,South Africa,1965-12-05
6007,Diya,Kapoor,diya.kapoor6007@gmail.com,Female,9400411478,South Africa,1993-10-18
6008,Maya,Prasad,maya.prasad6008@mail.com,Male,8671283812,Australia,1994-03-22
6009,Vihaan,Bose,vihaan.bose6009@mail.com,Female,9338179932,Australia,1997-07-14
6010,Reyansh,Trivedi,reyansh.trivedi6010@mail.com,Male,8204891948,France,1968-06-21
6011,Rohan,Gupta,rohan.gupta6011@mail.com,Male,9830498315,Brazil,1998-04-04
6012,Sahil,Reddy,sahil.reddy6012@example.com,Female,7784937947,Australia,1979-09-15
6013,Priya,Verma,priya.verma6013@yahoo.com,Female,9299479582,India,1997-06-09
6014,Ananya,Ghosh,ananya.ghosh6014@mail.com,Female,7972448132,South Africa,1995-12-16
6015,Diya,Prasad,diya.prasad6015@mail.com,Male,8385200100,Brazil,1977-03-23
6016,Aarav,Chauhan,aarav.chauhan6016@outlook.com,Male,8919021386,India,2001-01-11
6017,Sai,Bhatia,sai.bhatia6017@example.com,Female,9052428153,South Africa,2004-06-02
6018,Sara,Pillai,sara.pillai6018@mail.com,Female,6432484403,Canada,1988-11-26
6019,Sara,Kumar,sara.kumar6019@outlook.com,Male,9710316099,United States,1995-05-19
6020,Aanya,Das,aanya.das6020@mail.com,Male,6443498624,Canada,1974-01-03
6021,Anil,Trivedi,anil.trivedi6021@example.com,Male,9263432994,United Kingdom,1985-10-18
6022,Ananya,Patel,ananya.patel6022@outlook.com,Female,8251122807,Brazil,2003-11-15
6023,Rohan,Malhotra,rohan.malhotra6023@gmail.com,Female,9841571746,Australia,1973-04-30
6024,Isha,Kumar,isha.kumar6024@outlook.com,Male,6633306381,UAE,2005-04-24
6025,Karthik,Kumar,karthik.kumar6025@mail.com,Female,6512145024,South Africa,1967-03-11
6026,Arjun,Verma,arjun.verma6026@gmail.com,Male,7330580305,Germany,1991-12-04
6027,Isha,Joshi,isha.joshi6027@gmail.com,Female,6633521398,India,1970-07-28
6028,Kiran,Ghosh,kiran.ghosh6028@outlook.com,Male,7482119726,United States,2007-10-15
6029,Karthik,Gupta,karthik.gupta6029@yahoo.com,Female,6567621345,France,2002-03-20
6030,Vivaan,Bose,vivaan.bose6030@example.com,Female,7538938368,United Kingdom,2006-03-05
6031,Kiran,Bhatt,kiran.bhatt6031@example.com,Male,7840267023,India,1998-09-21
6032,Krishna,Naidu,krishna.naidu6032@example.com,Female,6457385343,India,1985-08-04
6033,Anil,Bose,anil.bose6033@yahoo.com,Female,7541024876,Australia,2005-08-12
6034,Tarun,Prasad,tarun.prasad6034@mail.com,Female,9002922078,India,1994-06-24
6035,Kavya,Bose,kavya.bose6035@example.com,Female,8794877306,Germany,1992-07-02
6036,Sai,Gupta,sai.gupta6036@mail.com,Male,9584697387,Canada,1969-07-27
6037,Vihaan,Verma,vihaan.verma6037@gmail.com,Male,9283863903,France,1983-07-10
6038,Sahil,Kashyap,sahil.kashyap6038@mail.com,Female,7741579753,United States,2002-10-30
6039,Diya,Naidu,diya.naidu6039@example.com,Male,8627248456,South Africa,1992-02-12
6040,Priya,Kapoor,priya.kapoor6040@mail.com,Male,8110440949,United Kingdom,1990-10-28
6041,Ritu,Bhatt,ritu.bhatt6041@gmail.com,Female,8802139251,South Africa,1994-06-19
6042,Ananya,Mehta,ananya.mehta6042@yahoo.com,Female,9134713125,India,1974-10-19
6043,Rohan,Menon,rohan.menon6043@yahoo.com,Male,8024421707,United Kingdom,1990-05-12
6044,Sneha,Gupta,sneha.gupta6044@outlook.com,Female,7701374624,Canada,2007-01-23
6045,Anil,Sharma,anil.sharma6045@example.com,Male,8795676968,UAE,1972-11-20
6046,Sneha,Ghosh,sneha.ghosh6046@mail.com,Male,8094787297,France,2001-07-31
6047,Aarav,Das,aarav.das6047@mail.com,Female,8604567449,Germany,1996-08-24
6048,Reyansh,Bhatia,reyansh.bhatia6048@yahoo.com,Female,6354885448,Brazil,1991-05-15
6049,Pooja,Patel,pooja.patel6049@example.com,Female,6059335694,United States,2001-08-07
6050,Sahil,Bose,sahil.bose6050@outlook.com,Male,6446452322,Canada,1985-07-26
6051,Sahil,Roy,sahil.roy6051@mail.com,Male,7665805387,Australia,1976-11-05
6052,Rohan,Roy,rohan.roy6052@outlook.com,Female,8184177799,Germany,1994-11-13
6053,Aarav,Das,aarav.das6053@example.com,Male,9376675288,UAE,1967-01-14
6054,Aarav,Roy,aarav.roy6054@gmail.com,Male,9353516872,Germany,1969-03-22
6055,Pooja,Bhatia,pooja.bhatia6055@yahoo.com,Male,7588607349,United States,1992-01-05
6056,Aanya,Shah,aanya.shah6056@outlook.com,Female,7841302729,Australia,2004-02-16
6057,Aditya,Patel,aditya.patel6057@example.com,Female,7572220992,Canada,2005-05-04
6058,Priya,Kapoor,priya.kapoor6058@example.com,Male,7884894968,Germany,1974-02-25
6059,Aditya,Roy,aditya.roy6059@yahoo.com,Male,7041193083,United States,1981-12-01
6060,Tarun,Agarwal,tarun.agarwal6060@gmail.com,Male,7341687262,Canada,1986-11-11
6061,Sneha,Patel,sneha.patel6061@outlook.com,Female,7771742746,UAE,1977-09-16
6062,Mohit,Malhotra,mohit.malhotra6062@outlook.com,Female,7395219522,United Kingdom,1998-07-15
6063,Ritu,Trivedi,ritu.trivedi6063@outlook.com,Male,6535703691,Brazil,2000-06-10
6064,Vivaan,Patel,vivaan.patel6064@gmail.com,Male,9012821524,India,1999-04-10
6065,Maya,Mehta,maya.mehta6065@yahoo.com,Male,8513502460,Canada,1974-01-03
6066,Kavya,Mehta,kavya.mehta6066@mail.com,Female,8259249093,South Africa,1997-11-27
6067,Anil,Roy,anil.roy6067@yahoo.com,Female,8996300964,France,1990-08-29
6068,Sunita,Kumar,sunita.kumar6068@outlook.com,Female,6487690876,Brazil,1974-06-30
6069,Sunita,Prasad,sunita.prasad6069@yahoo.com,Male,6087790252,Australia,2007-05-26
6070,Aarav,Agarwal,aarav.agarwal6070@example.com,Male,9253437425,Germany,1986-04-24
6071,Kavya,Menon,kavya.menon6071@example.com,Male,6429545568,Brazil,1968-03-18
6072,Reyansh,Roy,reyansh.roy6072@mail.com,Female,8926806269,United States,2002-12-29
6073,Nisha,Menon,nisha.menon6073@mail.com,Male,6631915495,United States,1993-05-22
6074,Riya,Prasad,riya.prasad6074@gmail.com,Female,7300837670,India,1990-04-08
6075,Aanya,Pillai,aanya.pillai6075@yahoo.com,Male,7688943796,Canada,1982-03-27
6076,Karthik,Shah,karthik.shah6076@mail.com,Female,8265965412,UAE,2001-06-05
6077,Pooja,Ghosh,pooja.ghosh6077@gmail.com,Male,8362025639,Brazil,1972-03-11
6078,Nisha,Menon,nisha.menon6078@yahoo.com,Male,6874675071,Germany,1999-12-10
6079,Mohit,Malhotra,mohit.malhotra6079@outlook.com,Male,8671896104,South Africa,1983-10-01
6080,Aditya,Reddy,aditya.reddy6080@outlook.com,Male,9011200182,Australia,1990-02-18
6081,Sunita,Kumar,sunita.kumar6081@example.com,Male,6426911794,Australia,1977-08-10
6082,Ritu,Kumar,ritu.kumar6082@example.com,Female,6839281420,France,1978-06-27
6083,Krishna,Bhatt,krishna.bhatt6083@gmail.com,Male,8817982670,UAE,1981-03-19
6084,Karthik,Shah,karthik.shah6084@outlook.com,Male,7538876863,Canada,1984-03-21
6085,Myra,Bhatia,myra.bhatia6085@example.com,Female,9846979744,France,1966-07-26
6086,Aditya,Khan,aditya.khan6086@example.com,Male,8066350769,Brazil,1974-08-31
6087,Tarun,Singh,tarun.singh6087@gmail.com,Male,7853020394,Brazil,1987-12-16
6088,Pooja,Shah,pooja.shah6088@outlook.com,Female,8304837110,United Kingdom,1976-04-20
6089,Sahil,Agarwal,sahil.agarwal6089@outlook.com,Female,8931381151,United States,1983-11-25
6090,Maya,Kapoor,maya.kapoor6090@example.com,Female,6398403801,France,1968-09-09
6091,Diya,Kapoor,diya.kapoor6091@yahoo.com,Female,6655736569,UAE,1970-06-15
6092,Sahil,Pillai,sahil.pillai6092@outlook.com,Female,6296258710,Germany,1983-03-09
6093,Vivaan,Verma,vivaan.verma6093@gmail.com,Female,9792624933,South Africa,1998-06-26
6094,Sara,Nair,sara.nair6094@gmail.com,Female,9244042936,Germany,1988-08-12
6095,Sai,Kapoor,sai.kapoor6095@yahoo.com,Male,9953286014,Australia,1988-08-17
6096,Pooja,Trivedi,pooja.trivedi6096@yahoo.com,Male,8884212130,UAE,2003-03-20
6097,Kiran,Joshi,kiran.joshi6097@gmail.com,Male,9285876003,Australia,1997-08-21
6098,Sara,Nair,sara.nair6098@yahoo.com,Female,9371914098,India,1989-04-17
6099,Ritu,Pillai,ritu.pillai6099@mail.com,Male,8752561834,UAE,2001-09-10
6100,Kavya,Menon,kavya.menon6100@gmail.com,Female,9891452727,Brazil,1966-11-30
6101,Isha,Kapoor,isha.kapoor6101@mail.com,Female,6489556121,India,1995-05-30
6102,Kavya,Roy,kavya.roy6102@mail.com,Female,9725670824,France,1984-05-23
6103,Pooja,Chauhan,pooja.chauhan6103@outlook.com,Female,7234095753,Australia,1973-08-02
6104,Priya,Mehta,priya.mehta6104@outlook.com,Male,7496422545,United Kingdom,1996-05-28
6105,Sai,Mehta,sai.mehta6105@example.com,Male,9157687596,United States,1987-11-14
6106,Vihaan,Agarwal,vihaan.agarwal6106@outlook.com,Male,6292954155,Australia,1999-02-13
6107,Rohan,Agarwal,rohan.agarwal6107@mail.com,Male,9370884288,Australia,1999-03-14
6108,Krishna,Gupta,krishna.gupta6108@example.com,Female,9180374993,Canada,1968-10-31
6109,Pooja,Reddy,pooja.reddy6109@outlook.com,Male,8796698386,United Kingdom,1976-08-29
6110,Tarun,Ghosh,tarun.ghosh6110@outlook.com,Female,9890196214,UAE,1984-05-14
6111,Sara,Agarwal,sara.agarwal6111@yahoo.com,Male,6191755175,United States,2000-11-21
6112,Maya,Malhotra,maya.malhotra6112@yahoo.com,Female,9085947511,United Kingdom,1991-07-25
6113,Pooja,Yadav,pooja.yadav6113@gmail.com,Female,8402921405,South Africa,2002-01-02
6114,Sunita,Bose,sunita.bose6114@gmail.com,Male,7652451340,Brazil,2003-09-26
6115,Isha,Mehta,isha.mehta6115@outlook.com,Male,6681170661,Canada,1970-09-04
6116,Sunita,Joshi,sunita.joshi6116@yahoo.com,Male,9502595260,France,1984-01-18
6117,Rohan,Naidu,rohan.naidu6117@gmail.com,Female,8671519061,France,1978-09-21
6118,Ritu,Ghosh,ritu.ghosh6118@outlook.com,Female,7903146102,United States,1979-03-01
6119,Isha,Mehta,isha.mehta6119@example.com,Male,9874432695,France,2005-06-04
6120,Aarav,Singh,aarav.singh6120@example.com,Male,9637219579,Brazil,1996-03-23
6121,Pooja,Kapoor,pooja.kapoor6121@outlook.com,Male,7225742521,France,1986-08-08
6122,Tarun,Khan,tarun.khan6122@yahoo.com,Male,6468959487,Canada,1970-05-02
6123,Priya,Kashyap,priya.kashyap6123@example.com,Female,7260037615,United Kingdom,1976-11-09
6124,Mohit,Gupta,mohit.gupta6124@outlook.com,Male,8396298395,South Africa,1991-07-22
6125,Nisha,Bhatia,nisha.bhatia6125@example.com,Male,8128716291,Australia,1990-12-24
6126,Sahil,Gupta,sahil.gupta6126@outlook.com,Female,9453575578,South Africa,1981-11-13
6127,Karthik,Khan,karthik.khan6127@yahoo.com,Female,7930238903,United Kingdom,1973-10-11
6128,Isha,Kumar,isha.kumar6128@yahoo.com,Male,9565128690,Australia,1980-12-31
6129,Isha,Chauhan,isha.chauhan6129@mail.com,Male,7723988387,Australia,1994-05-11
6130,Vihaan,Nair,vihaan.nair6130@outlook.com,Female,6441585412,UAE,1994-05-25
6131,Anil,Kumar,anil.kumar6131@outlook.com,Male,9125644015,France,1969-12-08
6132,Sai,Bhatia,sai.bhatia6132@example.com,Female,9659822874,France,2004-08-24
6133,Reyansh,Verma,reyansh.verma6133@mail.com,Female,8733256281,United Kingdom,2000-01-18
6134,Priya,Chauhan,priya.chauhan6134@example.com,Female,6346962456,UAE,1985-12-31
6135,Krishna,Kashyap,krishna.kashyap6135@outlook.com,Male,9206279193,United States,1995-06-06
6136,Rohan,Bhatt,rohan.bhatt6136@mail.com,Male,7253024908,Canada,2006-12-16
6137,Sneha,Singh,sneha.singh6137@outlook.com,Female,7646909963,Australia,2005-11-11
6138,Kiran,Bhatia,kiran.bhatia6138@mail.com,Female,9907805916,France,1988-08-18
6139,Karthik,Khan,karthik.khan6139@outlook.com,Female,7406293435,United Kingdom,1985-11-22
6140,Mohit,Patel,mohit.patel6140@yahoo.com,Male,8189032330,Australia,1989-06-24
6141,Sneha,Pillai,sneha.pillai6141@example.com,Female,6607767753,France,1994-07-25
6142,Aarav,Naidu,aarav.naidu6142@mail.com,Female,6097183350,India,1986-03-30
6143,Kiran,Menon,kiran.menon6143@mail.com,Female,6992714291,France,1979-09-30
6144,Mohit,Ghosh,mohit.ghosh6144@gmail.com,Female,6470716116,Canada,1984-03-20
6145,Aditya,Joshi,aditya.joshi6145@example.com,Female,9848488547,United States,1996-08-18
6146,Diya,Agarwal,diya.agarwal6146@outlook.com,Male,8160908993,South Africa,1977-11-17
6147,Karthik,Singh,karthik.singh6147@gmail.com,Male,8806726174,India,1977-08-30
6148,Ananya,Bose,ananya.bose6148@yahoo.com,Male,7826499941,United Kingdom,1974-04-05
6149,Rohan,Naidu,rohan.naidu6149@example.com,Female,9332853083,UAE,1984-10-31
6150,Ananya,Prasad,ananya.prasad6150@mail.com,Female,9408425702,India,1988-11-06
6151,Aarav,Sharma,aarav.sharma6151@outlook.com,Male,6370463470,Germany,1984-05-31
6152,Kavya,Bhatt,kavya.bhatt6152@example.com,Male,8301574220,Brazil,1986-11-10
6153,Riya,Das,riya.das6153@mail.com,Female,6648585644,United States,1996-03-06
6154,Vivaan,Roy,vivaan.roy6154@outlook.com,Female,9609532803,UAE,2000-08-10
6155,Sahil,Gupta,sahil.gupta6155@outlook.com,Female,7896695872,France,2003-12-21
6156,Nisha,Kumar,nisha.kumar6156@outlook.com,Male,9095469859,France,1979-04-12
6157,Sai,Yadav,sai.yadav6157@mail.com,Male,9466338124,France,2005-08-31
6158,Nisha,Mehta,nisha.mehta6158@yahoo.com,Male,6680935353,United Kingdom,1997-11-11
6159,Sai,Kumar,sai.kumar6159@example.com,Female,8939919262,Australia,1983-01-08
6160,Kavya,Bhatt,kavya.bhatt6160@mail.com,Female,7700486257,United States,1974-12-25
6161,Anil,Mehta,anil.mehta6161@outlook.com,Male,8015986385,United States,1989-11-13
6162,Rohan,Mehta,rohan.mehta6162@example.com,Female,9429325557,United Kingdom,1977-09-21
6163,Sunita,Shah,sunita.shah6163@mail.com,Female,7599444400,South Africa,2005-09-12
6164,Kiran,Joshi,kiran.joshi6164@outlook.com,Male,6003864507,South Africa,1978-05-26
6165,Ritu,Bhatia,ritu.bhatia6165@mail.com,Female,7036157272,UAE,2004-08-03
6166,Isha,Khan,isha.khan6166@gmail.com,Female,8214415920,Germany,2004-10-27
6167,Maya,Menon,maya.menon6167@yahoo.com,Female,8498672993,Brazil,1977-11-04
6168,Vivaan,Nair,vivaan.nair6168@outlook.com,Male,9179402291,South Africa,1982-03-10
6169,Sara,Pillai,sara.pillai6169@outlook.com,Female,7181488208,UAE,2002-12-20
6170,Maya,Prasad,maya.prasad6170@mail.com,Male,7646280704,Brazil,1991-08-19
6171,Vihaan,Das,vihaan.das6171@mail.com,Male,8432550668,Australia,1978-06-09
6172,Vivaan,Das,vivaan.das6172@mail.com,Female,7766525342,France,1966-03-11
6173,Aditya,Nair,aditya.nair6173@gmail.com,Female,7731060962,India,1985-02-11
6174,Vivaan,Malhotra,vivaan.malhotra6174@mail.com,Female,7295824471,United States,1993-06-08
6175,Vihaan,Singh,vihaan.singh6175@yahoo.com,Male,9331175363,Australia,1968-06-10
6176,Sara,Nair,sara.nair6176@mail.com,Male,6487209019,Canada,1967-06-28
6177,Karthik,Yadav,karthik.yadav6177@yahoo.com,Female,9296431650,United Kingdom,2000-11-28
6178,Vihaan,Patel,vihaan.patel6178@gmail.com,Female,6630965603,South Africa,1968-12-09
6179,Sneha,Pillai,sneha.pillai6179@mail.com,Female,9758931002,Brazil,1973-04-15
6180,Vivaan,Malhotra,vivaan.malhotra6180@gmail.com,Male,9045972458,United Kingdom,2004-09-18
6181,Sara,Trivedi,sara.trivedi6181@example.com,Male,6432026389,Brazil,1974-02-23
6182,Diya,Naidu,diya.naidu6182@mail.com,Female,7156003721,South Africa,1993-07-31
6183,Karthik,Kashyap,karthik.kashyap6183@yahoo.com,Female,7445208742,South Africa,1970-03-06
6184,Sneha,Nair,sneha.nair6184@outlook.com,Female,7075290861,UAE,1967-06-26
6185,Sahil,Khan,sahil.khan6185@mail.com,Female,6755673669,United Kingdom,1985-10-30
6186,Sahil,Yadav,sahil.yadav6186@mail.com,Female,9265800107,Brazil,1966-09-15
6187,Kavya,Joshi,kavya.joshi6187@example.com,Female,7166857459,Australia,1992-03-02
6188,Arjun,Prasad,arjun.prasad6188@yahoo.com,Female,6437687193,India,1997-09-07
6189,Nisha,Khan,nisha.khan6189@mail.com,Female,6908349583,India,1994-11-15
6190,Sneha,Kashyap,sneha.kashyap6190@mail.com,Female,6429911626,Brazil,1994-10-30
6191,Ananya,Mehta,ananya.mehta6191@gmail.com,Male,9208310580,Germany,2007-05-08
6192,Ritu,Bhatia,ritu.bhatia6192@outlook.com,Female,7041852711,Brazil,1967-04-14
6193,Karthik,Kashyap,karthik.kashyap6193@outlook.com,Male,9861073125,South Africa,1993-07-09
6194,Sunita,Naidu,sunita.naidu6194@yahoo.com,Female,7000560567,France,1999-04-10
6195,Mohit,Joshi,mohit.joshi6195@mail.com,Male,7251278981,Australia,2004-01-18
6196,Aarav,Agarwal,aarav.agarwal6196@outlook.com,Male,6808838172,Australia,2002-10-22
6197,Reyansh,Prasad,reyansh.prasad6197@example.com,Male,7927233206,Canada,1997-12-06
6198,Ananya,Nair,ananya.nair6198@mail.com,Female,6083069022,Canada,1995-05-08
6199,Rohan,Malhotra,rohan.malhotra6199@outlook.com,Male,6673224671,France,2001-11-17
6200,Sai,Shah,sai.shah6200@gmail.com,Male,7458555990,UAE,1985-03-07
6201,Ananya,Bhatia,ananya.bhatia6201@mail.com,Male,8589986842,Canada,1967-06-18
6202,Aarav,Gupta,aarav.gupta6202@yahoo.com,Male,7654593582,France,1965-11-20
6203,Sai,Joshi,sai.joshi6203@mail.com,Male,6979345382,South Africa,1967-05-09
6204,Aarav,Naidu,aarav.naidu6204@example.com,Female,6626234725,United States,1979-07-29
6205,Diya,Reddy,diya.reddy6205@yahoo.com,Female,7964591689,Brazil,2000-07-30
6206,Rohan,Prasad,rohan.prasad6206@example.com,Female,7616453293,United States,2001-10-11
6207,Sara,Roy,sara.roy6207@yahoo.com,Male,7963510952,UAE,1994-08-15
6208,Ananya,Kashyap,ananya.kashyap6208@example.com,Female,6861004843,United Kingdom,1988-01-23
6209,Anil,Menon,anil.menon6209@outlook.com,Female,8554124583,Germany,1980-12-26
6210,Mohit,Bhatia,mohit.bhatia6210@example.com,Male,6446486482,Brazil,1977-12-24
6211,Mohit,Agarwal,mohit.agarwal6211@yahoo.com,Male,7596568295,Australia,1978-05-06
6212,Sara,Naidu,sara.naidu6212@example.com,Female,9602586509,Australia,1973-06-12
6213,Aarav,Roy,aarav.roy6213@example.com,Female,9633472417,France,2005-01-01
6214,Ritu,Malhotra,ritu.malhotra6214@example.com,Female,8414802973,United Kingdom,1974-12-03
6215,Tarun,Bose,tarun.bose6215@outlook.com,Female,7123093834,South Africa,2005-02-21
6216,Tarun,Roy,tarun.roy6216@example.com,Female,7504029432,South Africa,1992-03-19
6217,Aditya,Verma,aditya.verma6217@example.com,Female,7774540458,Canada,1979-10-20
6218,Aanya,Reddy,aanya.reddy6218@gmail.com,Male,8628623614,United Kingdom,2005-11-03
6219,Sunita,Gupta,sunita.gupta6219@yahoo.com,Female,6966548753,UAE,1980-08-21
6220,Riya,Nair,riya.nair6220@outlook.com,Male,8925328621,Germany,1984-03-01
6221,Sahil,Reddy,sahil.reddy6221@yahoo.com,Male,9616663997,Canada,1995-10-28
6222,Kiran,Agarwal,kiran.agarwal6222@outlook.com,Male,6410427438,India,1974-12-13
6223,Mohit,Malhotra,mohit.malhotra6223@outlook.com,Female,7736646635,United States,1983-08-13
6224,Nisha,Chauhan,nisha.chauhan6224@example.com,Female,8517790222,United Kingdom,1979-12-07
6225,Karthik,Bhatt,karthik.bhatt6225@gmail.com,Female,8150396018,Canada,1972-05-12
6226,Mohit,Verma,mohit.verma6226@outlook.com,Female,6928637801,India,1997-11-01
6227,Karthik,Pillai,karthik.pillai6227@mail.com,Female,9757252155,South Africa,1999-09-29
6228,Sneha,Joshi,sneha.joshi6228@outlook.com,Male,6893920427,Canada,1975-07-05
6229,Vivaan,Chauhan,vivaan.chauhan6229@mail.com,Male,7727464769,United Kingdom,1979-06-28
6230,Diya,Kapoor,diya.kapoor6230@mail.com,Female,7793716122,South Africa,1978-09-12
6231,Sahil,Malhotra,sahil.malhotra6231@yahoo.com,Female,9953142744,United States,1995-12-27
6232,Kavya,Yadav,kavya.yadav6232@outlook.com,Male,6209586801,Brazil,2003-06-14
6233,Anil,Kashyap,anil.kashyap6233@gmail.com,Female,9513719826,France,2003-01-19
6234,Pooja,Mehta,pooja.mehta6234@outlook.com,Female,6115717490,United States,2005-03-31
6235,Nisha,Bhatt,nisha.bhatt6235@example.com,Male,9308148775,France,2007-01-17
6236,Rohan,Reddy,rohan.reddy6236@example.com,Female,9911482166,South Africa,1969-09-10
6237,Reyansh,Roy,reyansh.roy6237@yahoo.com,Female,8503076673,South Africa,1970-04-09
6238,Arjun,Shah,arjun.shah6238@mail.com,Female,8077360645,India,1969-01-22
6239,Vivaan,Trivedi,vivaan.trivedi6239@yahoo.com,Female,7418435382,Brazil,1966-03-23
6240,Sunita,Bhatia,sunita.bhatia6240@outlook.com,Male,6108354182,France,1982-08-16
6241,Ananya,Singh,ananya.singh6241@gmail.com,Male,7562524438,India,1966-08-01
6242,Vivaan,Bose,vivaan.bose6242@gmail.com,Female,6190535477,South Africa,1978-04-06
6243,Priya,Sharma,priya.sharma6243@outlook.com,Female,7908799018,Germany,1995-02-10
6244,Sara,Ghosh,sara.ghosh6244@example.com,Male,9224017184,Brazil,1965-11-24
6245,Nisha,Chauhan,nisha.chauhan6245@mail.com,Female,8914964355,Canada,1981-08-13
6246,Myra,Patel,myra.patel6246@outlook.com,Female,7934092308,UAE,1979-04-16
6247,Ritu,Shah,ritu.shah6247@example.com,Male,9889018343,India,1973-02-12
6248,Priya,Chauhan,priya.chauhan6248@mail.com,Female,7918801687,Brazil,2002-07-02
6249,Sunita,Shah,sunita.shah6249@gmail.com,Female,6660209855,United Kingdom,1987-02-02
6250,Aanya,Prasad,aanya.prasad6250@gmail.com,Male,9466485257,France,1981-09-19
6251,Sneha,Gupta,sneha.gupta6251@yahoo.com,Female,9798466558,United States,1976-02-07
6252,Riya,Das,riya.das6252@yahoo.com,Male,6238815462,South Africa,1990-02-25
6253,Kavya,Kashyap,kavya.kashyap6253@outlook.com,Female,9551108475,Germany,1984-06-16
6254,Ritu,Khan,ritu.khan6254@yahoo.com,Male,8425652799,India,1992-03-29
6255,Aanya,Chauhan,aanya.chauhan6255@outlook.com,Male,6281989415,France,1992-10-15
6256,Riya,Roy,riya.roy6256@gmail.com,Male,6410153290,United Kingdom,1995-09-12
6257,Vivaan,Bhatia,vivaan.bhatia6257@yahoo.com,Male,6028097338,Australia,1967-09-07
6258,Reyansh,Gupta,reyansh.gupta6258@yahoo.com,Female,8238376200,Germany,1968-05-02
6259,Nisha,Chauhan,nisha.chauhan6259@outlook.com,Male,8700237548,Canada,1970-04-20
6260,Kiran,Malhotra,kiran.malhotra6260@example.com,Female,6737656758,Canada,1978-05-05
6261,Maya,Verma,maya.verma6261@outlook.com,Female,6631370163,Canada,1990-11-10
6262,Riya,Gupta,riya.gupta6262@yahoo.com,Female,7364709895,Germany,1971-12-29
6263,Arjun,Singh,arjun.singh6263@example.com,Male,7226876347,Germany,1980-06-05
6264,Myra,Bhatt,myra.bhatt6264@yahoo.com,Male,7589983270,Canada,1997-03-06
6265,Priya,Nair,priya.nair6265@gmail.com,Male,9200087295,UAE,1990-05-15
6266,Priya,Malhotra,priya.malhotra6266@outlook.com,Female,9867292188,United States,1972-04-30
6267,Diya,Ghosh,diya.ghosh6267@example.com,Male,6362274367,UAE,2003-12-14
6268,Sahil,Iyer,sahil.iyer6268@gmail.com,Female,7714480407,France,1980-12-03
6269,Kavya,Verma,kavya.verma6269@example.com,Male,9594380602,United Kingdom,1970-11-28
6270,Sara,Yadav,sara.yadav6270@yahoo.com,Male,6435640631,United Kingdom,1967-04-28
6271,Sara,Joshi,sara.joshi6271@mail.com,Female,7421629642,Brazil,1998-11-05
6272,Kiran,Patel,kiran.patel6272@gmail.com,Male,8466248297,Australia,1987-09-21
6273,Kiran,Roy,kiran.roy6273@mail.com,Male,8180194861,Brazil,2002-09-23
6274,Vihaan,Singh,vihaan.singh6274@yahoo.com,Male,8632794901,France,1991-06-10
6275,Kavya,Kashyap,kavya.kashyap6275@gmail.com,Male,6183949891,France,2000-01-31
6276,Riya,Patel,riya.patel6276@mail.com,Female,6253189267,South Africa,2004-03-05
6277,Vivaan,Roy,vivaan.roy6277@mail.com,Male,8873529096,South Africa,1991-08-04
6278,Arjun,Sharma,arjun.sharma6278@outlook.com,Male,7073859618,United States,2004-09-24
6279,Ritu,Reddy,ritu.reddy6279@example.com,Male,7801810618,Brazil,1979-10-28
6280,Anil,Nair,anil.nair6280@gmail.com,Male,6967684072,South Africa,1995-10-29
6281,Vihaan,Nair,vihaan.nair6281@example.com,Male,6630483498,Germany,1981-10-11
6282,Sahil,Khan,sahil.khan6282@example.com,Male,6132753547,Canada,1985-12-10
6283,Diya,Khan,diya.khan6283@mail.com,Male,6235349020,Australia,1989-04-01
6284,Aanya,Gupta,aanya.gupta6284@example.com,Male,9845201130,India,1969-06-22
6285,Vihaan,Khan,vihaan.khan6285@mail.com,Female,8861053342,United Kingdom,2007-07-20
6286,Vihaan,Naidu,vihaan.naidu6286@example.com,Male,6346131087,United States,1967-12-13
6287,Vivaan,Kashyap,vivaan.kashyap6287@gmail.com,Male,6333524611,India,1980-10-10
6288,Sara,Mehta,sara.mehta6288@example.com,Female,9975295617,UAE,1985-12-31
6289,Krishna,Malhotra,krishna.malhotra6289@yahoo.com,Female,7216065768,France,2004-10-13
6290,Priya,Sharma,priya.sharma6290@outlook.com,Female,6420567823,Brazil,1981-03-11
6291,Pooja,Patel,pooja.patel6291@example.com,Male,8347690342,Canada,1999-05-31
6292,Ananya,Trivedi,ananya.trivedi6292@outlook.com,Male,6954147330,India,2000-08-03
6293,Reyansh,Trivedi,reyansh.trivedi6293@mail.com,Female,9884676856,Germany,1991-04-01
6294,Myra,Reddy,myra.reddy6294@gmail.com,Female,8354959698,India,1991-01-16
6295,Ananya,Naidu,ananya.naidu6295@gmail.com,Female,6382541194,UAE,1998-11-16
6296,Myra,Roy,myra.roy6296@yahoo.com,Male,9620879576,United States,1995-08-20
6297,Karthik,Kashyap,karthik.kashyap6297@gmail.com,Male,9176679428,Germany,1989-11-23
6298,Myra,Patel,myra.patel6298@example.com,Male,8534047149,France,1982-08-10
6299,Ritu,Das,ritu.das6299@yahoo.com,Female,6421999711,United Kingdom,1975-07-30
6300,Aditya,Gupta,aditya.gupta6300@gmail.com,Female,6394617635,UAE,1976-03-11
6301,Tarun,Kashyap,tarun.kashyap6301@yahoo.com,Male,6048948463,Brazil,2004-07-24
6302,Priya,Ghosh,priya.ghosh6302@gmail.com,Female,7876623593,France,1983-03-13
6303,Aditya,Agarwal,aditya.agarwal6303@example.com,Male,9089330469,United States,1985-07-07
6304,Riya,Agarwal,riya.agarwal6304@gmail.com,Female,8238470072,South Africa,1972-10-27
6305,Reyansh,Gupta,reyansh.gupta6305@example.com,Male,6040776510,India,1990-06-26
6306,Aarav,Mehta,aarav.mehta6306@gmail.com,Female,9695267649,Germany,1984-06-22
6307,Isha,Menon,isha.menon6307@gmail.com,Male,8332664359,Germany,1971-05-31
6308,Nisha,Gupta,nisha.gupta6308@outlook.com,Female,6739182276,UAE,1973-02-06
6309,Mohit,Reddy,mohit.reddy6309@outlook.com,Female,7253976508,UAE,2001-08-18
6310,Pooja,Bhatt,pooja.bhatt6310@mail.com,Female,6871980301,India,1989-09-11
6311,Pooja,Kumar,pooja.kumar6311@example.com,Female,6507485328,South Africa,1982-05-29
6312,Krishna,Naidu,krishna.naidu6312@gmail.com,Male,7444749108,Canada,1968-04-03
6313,Kiran,Ghosh,kiran.ghosh6313@outlook.com,Female,7091712637,United Kingdom,1976-01-08
6314,Ritu,Singh,ritu.singh6314@example.com,Female,8523172403,Germany,1968-06-21
6315,Kavya,Singh,kavya.singh6315@mail.com,Male,7880680694,South Africa,1966-03-20
6316,Nisha,Agarwal,nisha.agarwal6316@outlook.com,Male,7815299943,South Africa,1971-07-09
6317,Aanya,Chauhan,aanya.chauhan6317@gmail.com,Female,8631343672,UAE,2001-01-26
6318,Sahil,Joshi,sahil.joshi6318@yahoo.com,Female,6774464472,UAE,1975-01-02
6319,Tarun,Mehta,tarun.mehta6319@mail.com,Female,6080663690,UAE,1975-02-12
6320,Anil,Shah,anil.shah6320@mail.com,Female,8155529478,Canada,1972-01-14
6321,Aanya,Verma,aanya.verma6321@outlook.com,Male,8128000992,Australia,2001-07-16
6322,Rohan,Khan,rohan.khan6322@mail.com,Male,9009413402,Australia,2005-02-09
6323,Sahil,Nair,sahil.nair6323@gmail.com,Female,6273653539,South Africa,2004-04-23
6324,Isha,Kapoor,isha.kapoor6324@gmail.com,Male,7219724963,Australia,1987-04-28
6325,Rohan,Iyer,rohan.iyer6325@yahoo.com,Female,7206064118,Australia,1996-07-29
6326,Riya,Bhatia,riya.bhatia6326@yahoo.com,Female,8284906303,France,1989-10-10
6327,Anil,Singh,anil.singh6327@gmail.com,Male,7506098168,France,1986-04-12
6328,Aanya,Kapoor,aanya.kapoor6328@gmail.com,Female,6003630716,Canada,2005-03-03
6329,Mohit,Reddy,mohit.reddy6329@mail.com,Female,8178432198,India,1984-02-11
6330,Tarun,Kapoor,tarun.kapoor6330@yahoo.com,Female,6397199511,United Kingdom,1991-07-06
6331,Aanya,Mehta,aanya.mehta6331@example.com,Male,8974049679,Australia,2003-02-26
6332,Anil,Chauhan,anil.chauhan6332@gmail.com,Male,7567166813,South Africa,1978-06-11
6333,Pooja,Gupta,pooja.gupta6333@gmail.com,Female,9958968583,UAE,1985-08-31
6334,Krishna,Bhatt,krishna.bhatt6334@gmail.com,Male,9160203545,India,1968-11-14
6335,Aanya,Kashyap,aanya.kashyap6335@example.com,Male,6965086632,France,1975-08-19
6336,Tarun,Kumar,tarun.kumar6336@yahoo.com,Female,9920279472,United Kingdom,2000-06-25
6337,Mohit,Menon,mohit.menon6337@mail.com,Female,8054835267,Australia,1986-01-28
6338,Ritu,Das,ritu.das6338@outlook.com,Female,7578869752,France,1984-05-04
6339,Aditya,Khan,aditya.khan6339@gmail.com,Female,7673274032,Australia,1992-01-30
6340,Sneha,Kapoor,sneha.kapoor6340@yahoo.com,Male,9351708817,United States,1986-11-14
6341,Anil,Verma,anil.verma6341@gmail.com,Male,6297401949,Brazil,2002-07-08
6342,Mohit,Gupta,mohit.gupta6342@example.com,Female,7693280928,India,1969-03-05
6343,Aanya,Sharma,aanya.sharma6343@outlook.com,Male,7473846142,United States,1991-04-09
6344,Sahil,Nair,sahil.nair6344@outlook.com,Female,9562338848,Brazil,1988-07-20
6345,Sara,Kapoor,sara.kapoor6345@gmail.com,Female,8202234532,India,2006-10-25
6346,Pooja,Kapoor,pooja.kapoor6346@example.com,Female,7987239807,South Africa,1993-01-21
6347,Ritu,Roy,ritu.roy6347@example.com,Male,7109255012,United States,2007-06-08
6348,Reyansh,Khan,reyansh.khan6348@yahoo.com,Female,8453090500,Canada,1987-06-06
6349,Tarun,Kashyap,tarun.kashyap6349@outlook.com,Male,6632535646,Australia,1982-12-27
6350,Vivaan,Malhotra,vivaan.malhotra6350@yahoo.com,Female,6356340095,UAE,1994-09-19
6351,Aanya,Mehta,aanya.mehta6351@yahoo.com,Female,9305388772,South Africa,1980-07-01
6352,Sai,Yadav,sai.yadav6352@gmail.com,Female,6464449764,United Kingdom,1999-12-30
6353,Arjun,Pillai,arjun.pillai6353@outlook.com,Male,6701222739,Brazil,2007-10-21
6354,Krishna,Shah,krishna.shah6354@example.com,Male,9680803544,France,1991-06-24
6355,Kavya,Bhatt,kavya.bhatt6355@gmail.com,Female,7842437865,Brazil,2007-07-02
6356,Maya,Bhatia,maya.bhatia6356@mail.com,Male,9957783137,United Kingdom,2003-05-12
6357,Vihaan,Singh,vihaan.singh6357@mail.com,Male,9215333985,Germany,1993-07-07
6358,Maya,Nair,maya.nair6358@mail.com,Female,6070177467,South Africa,2000-06-08
6359,Rohan,Kapoor,rohan.kapoor6359@gmail.com,Male,7441801778,United States,1994-01-12
6360,Aarav,Pillai,aarav.pillai6360@outlook.com,Female,6629657977,France,1981-01-15
6361,Pooja,Bhatia,pooja.bhatia6361@gmail.com,Female,9514007550,Germany,2003-03-28
6362,Arjun,Malhotra,arjun.malhotra6362@example.com,Female,7506654033,Australia,1965-12-23
6363,Tarun,Reddy,tarun.reddy6363@outlook.com,Male,8596576056,United Kingdom,1979-04-01
6364,Diya,Ghosh,diya.ghosh6364@example.com,Male,9921177669,South Africa,1981-06-07
6365,Vihaan,Gupta,vihaan.gupta6365@example.com,Male,6378086709,Canada,1965-12-03
6366,Kavya,Bhatt,kavya.bhatt6366@outlook.com,Male,6255811319,UAE,1978-01-28
6367,Karthik,Naidu,karthik.naidu6367@gmail.com,Male,9429558937,Brazil,1976-12-31
6368,Anil,Menon,anil.menon6368@outlook.com,Male,7793982581,France,1970-12-21
6369,Mohit,Naidu,mohit.naidu6369@example.com,Male,6569107575,India,1973-02-10
6370,Arjun,Iyer,arjun.iyer6370@mail.com,Male,9832363765,United States,2007-01-27
6371,Krishna,Khan,krishna.khan6371@outlook.com,Male,6308784043,Brazil,1974-01-20
6372,Sai,Das,sai.das6372@yahoo.com,Female,9609883740,Australia,1992-01-25
6373,Karthik,Nair,karthik.nair6373@mail.com,Male,6726111035,South Africa,1994-10-12
6374,Isha,Sharma,isha.sharma6374@mail.com,Male,6943054418,UAE,1997-11-09
6375,Diya,Joshi,diya.joshi6375@gmail.com,Male,9320300952,Australia,1966-02-18
6376,Priya,Chauhan,priya.chauhan6376@yahoo.com,Female,9078550740,France,1980-07-23
6377,Aditya,Agarwal,aditya.agarwal6377@outlook.com,Male,8404823235,Germany,2000-12-24
6378,Nisha,Das,nisha.das6378@gmail.com,Female,9782452897,Australia,2007-02-15
6379,Diya,Khan,diya.khan6379@gmail.com,Male,9063195620,Brazil,1992-03-12
6380,Nisha,Sharma,nisha.sharma6380@example.com,Male,9721253614,UAE,1999-06-15
6381,Aditya,Pillai,aditya.pillai6381@yahoo.com,Male,6965003349,South Africa,1969-06-23
6382,Karthik,Roy,karthik.roy6382@outlook.com,Male,6432717542,United States,1967-08-21
6383,Mohit,Menon,mohit.menon6383@example.com,Male,9866980032,UAE,1978-01-19
6384,Riya,Chauhan,riya.chauhan6384@outlook.com,Female,7324275966,United Kingdom,1994-10-21
6385,Diya,Das,diya.das6385@mail.com,Male,8207926942,UAE,2007-07-04
6386,Sara,Nair,sara.nair6386@example.com,Female,9450294243,Brazil,1967-08-19
6387,Arjun,Joshi,arjun.joshi6387@gmail.com,Male,6700258274,UAE,2000-02-08
6388,Isha,Yadav,isha.yadav6388@outlook.com,Female,7819121913,France,1992-10-05
6389,Myra,Kumar,myra.kumar6389@yahoo.com,Male,9647832087,Australia,1979-08-26
6390,Sai,Joshi,sai.joshi6390@example.com,Female,8997137699,Brazil,2004-02-03
6391,Aarav,Ghosh,aarav.ghosh6391@gmail.com,Male,9493447076,Germany,1993-09-17
6392,Ananya,Chauhan,ananya.chauhan6392@example.com,Female,9879079618,United Kingdom,2004-08-07
6393,Aarav,Nair,aarav.nair6393@example.com,Male,7616105863,South Africa,1979-09-22
6394,Mohit,Khan,mohit.khan6394@yahoo.com,Male,8289962112,Canada,1983-06-01
6395,Ananya,Singh,ananya.singh6395@outlook.com,Female,9367906060,South Africa,2007-08-26
6396,Ananya,Reddy,ananya.reddy6396@example.com,Male,8453339424,Germany,1985-09-19
6397,Sneha,Kumar,sneha.kumar6397@mail.com,Female,8298663892,France,1998-05-09
6398,Myra,Naidu,myra.naidu6398@gmail.com,Male,9819189198,United States,1983-02-05
6399,Sunita,Roy,sunita.roy6399@example.com,Female,6617080300,United States,1991-10-15
6400,Isha,Menon,isha.menon6400@example.com,Male,9847719446,France,1993-02-26
6401,Myra,Mehta,myra.mehta6401@outlook.com,Female,8327481389,United Kingdom,1978-04-04
6402,Sneha,Mehta,sneha.mehta6402@gmail.com,Female,9042888867,Germany,1991-11-09
6403,Krishna,Joshi,krishna.joshi6403@gmail.com,Male,9454410494,UAE,1969-08-07
6404,Anil,Pillai,anil.pillai6404@outlook.com,Male,8217546295,United Kingdom,1987-02-24
6405,Priya,Malhotra,priya.malhotra6405@gmail.com,Female,9611380379,United States,2001-12-17
6406,Kiran,Menon,kiran.menon6406@mail.com,Male,9664160761,India,1999-05-15
6407,Aanya,Trivedi,aanya.trivedi6407@outlook.com,Female,8089496523,South Africa,1974-01-17
6408,Ananya,Trivedi,ananya.trivedi6408@outlook.com,Female,8261741195,Australia,1997-05-15
6409,Tarun,Bose,tarun.bose6409@example.com,Male,7496023802,United Kingdom,2000-11-20
6410,Aanya,Kumar,aanya.kumar6410@gmail.com,Female,8123526181,United Kingdom,1995-05-04
6411,Pooja,Kapoor,pooja.kapoor6411@outlook.com,Male,6530694431,United Kingdom,1994-08-16
6412,Priya,Trivedi,priya.trivedi6412@mail.com,Female,7596154392,UAE,2006-04-12
6413,Nisha,Shah,nisha.shah6413@outlook.com,Male,9140322818,United Kingdom,2003-05-30
6414,Krishna,Mehta,krishna.mehta6414@mail.com,Female,7266036514,Canada,1970-07-04
6415,Reyansh,Patel,reyansh.patel6415@yahoo.com,Female,8153260097,France,1994-07-20
6416,Karthik,Sharma,karthik.sharma6416@outlook.com,Female,8151495804,France,1981-01-09
6417,Myra,Khan,myra.khan6417@outlook.com,Female,6197539333,United Kingdom,1980-05-24
6418,Maya,Bhatia,maya.bhatia6418@gmail.com,Female,8412043924,UAE,1999-10-25
6419,Krishna,Prasad,krishna.prasad6419@mail.com,Female,9455961768,Canada,2001-06-14
6420,Sneha,Reddy,sneha.reddy6420@example.com,Male,8613284359,United Kingdom,1970-11-24
6421,Sneha,Iyer,sneha.iyer6421@mail.com,Male,8627439786,Australia,1989-07-15
6422,Sara,Gupta,sara.gupta6422@mail.com,Male,7674581071,Canada,1984-04-14
6423,Sunita,Singh,sunita.singh6423@yahoo.com,Female,8012025383,South Africa,2007-02-06
6424,Nisha,Yadav,nisha.yadav6424@gmail.com,Male,9240983759,Australia,2001-06-24
6425,Sai,Shah,sai.shah6425@yahoo.com,Male,8889781371,Canada,1984-12-07
6426,Ananya,Khan,ananya.khan6426@example.com,Male,8866333528,United Kingdom,1988-06-10
6427,Vivaan,Menon,vivaan.menon6427@example.com,Female,6743693882,Germany,1969-04-18
6428,Kavya,Bose,kavya.bose6428@example.com,Female,8106911788,South Africa,1992-08-21
6429,Aarav,Mehta,aarav.mehta6429@gmail.com,Male,9408005821,United States,1988-08-03
6430,Maya,Patel,maya.patel6430@mail.com,Male,7628949474,United Kingdom,1992-05-16
6431,Kiran,Patel,kiran.patel6431@example.com,Female,9717467767,United States,2003-09-06
6432,Diya,Ghosh,diya.ghosh6432@example.com,Male,7948442442,Brazil,1999-08-21
6433,Ritu,Mehta,ritu.mehta6433@mail.com,Female,8741212773,Canada,1971-04-14
6434,Aarav,Bhatt,aarav.bhatt6434@mail.com,Female,6976567823,France,1973-08-14
6435,Aditya,Agarwal,aditya.agarwal6435@yahoo.com,Male,9685657839,United Kingdom,1966-03-05
6436,Tarun,Sharma,tarun.sharma6436@outlook.com,Female,7624220454,Germany,1993-04-22
6437,Kavya,Naidu,kavya.naidu6437@yahoo.com,Male,9052651622,India,1972-04-18
6438,Pooja,Trivedi,pooja.trivedi6438@gmail.com,Female,7132277666,France,1992-06-25
6439,Vihaan,Kashyap,vihaan.kashyap6439@gmail.com,Male,6319712567,UAE,2000-12-07
6440,Pooja,Verma,pooja.verma6440@outlook.com,Male,7305033848,Australia,1974-12-24
6441,Sneha,Mehta,sneha.mehta6441@example.com,Female,8243660047,UAE,1986-01-27
6442,Aanya,Sharma,aanya.sharma6442@example.com,Female,9892710345,India,1995-08-15
6443,Sahil,Prasad,sahil.prasad6443@outlook.com,Female,9880878409,Brazil,1988-01-18
6444,Ritu,Patel,ritu.patel6444@example.com,Male,7839351799,Canada,1988-05-09
6445,Isha,Menon,isha.menon6445@yahoo.com,Female,9549110548,United States,1986-12-08
6446,Reyansh,Singh,reyansh.singh6446@yahoo.com,Male,6993370804,Brazil,1973-11-13
6447,Maya,Kashyap,maya.kashyap6447@yahoo.com,Male,9374604691,France,2005-08-02
6448,Sara,Bhatt,sara.bhatt6448@gmail.com,Male,6834705574,UAE,1991-10-06
6449,Anil,Kapoor,anil.kapoor6449@gmail.com,Female,9611837751,India,1990-11-06
6450,Kavya,Bhatt,kavya.bhatt6450@mail.com,Female,6855084627,United States,1998-05-01
6451,Kiran,Kapoor,kiran.kapoor6451@mail.com,Male,7762811531,UAE,1987-02-05
6452,Maya,Kashyap,maya.kashyap6452@gmail.com,Female,6499084429,United Kingdom,1966-04-07
6453,Tarun,Prasad,tarun.prasad6453@mail.com,Male,7979842279,United Kingdom,1990-10-12
6454,Sneha,Malhotra,sneha.malhotra6454@example.com,Female,9625955429,Germany,1998-10-03
6455,Aarav,Kapoor,aarav.kapoor6455@yahoo.com,Female,7460652457,France,1968-03-17
6456,Diya,Prasad,diya.prasad6456@yahoo.com,Female,9607276961,Australia,1993-03-04
6457,Pooja,Nair,pooja.nair6457@example.com,Male,6345761313,Canada,1981-01-14
6458,Sneha,Bhatia,sneha.bhatia6458@outlook.com,Female,7578491840,Canada,1999-02-27
6459,Maya,Shah,maya.shah6459@outlook.com,Female,9387016424,India,1977-12-25
6460,Kavya,Ghosh,kavya.ghosh6460@example.com,Female,6486451920,France,2002-07-26
6461,Vihaan,Agarwal,vihaan.agarwal6461@gmail.com,Female,8597712853,India,1967-07-08
6462,Karthik,Prasad,karthik.prasad6462@gmail.com,Male,9047003416,United Kingdom,1991-08-19
6463,Vivaan,Iyer,vivaan.iyer6463@outlook.com,Female,8678916327,UAE,1996-06-02
6464,Krishna,Roy,krishna.roy6464@gmail.com,Male,7958957798,Australia,1971-03-02
6465,Reyansh,Sharma,reyansh.sharma6465@gmail.com,Male,6980769690,Germany,1996-05-01
6466,Vihaan,Bhatt,vihaan.bhatt6466@yahoo.com,Female,9623710184,Australia,1980-02-27
6467,Kiran,Reddy,kiran.reddy6467@gmail.com,Male,8121986463,Brazil,1991-12-02
6468,Kiran,Yadav,kiran.yadav6468@outlook.com,Male,8787548215,United Kingdom,1986-06-16
6469,Rohan,Nair,rohan.nair6469@mail.com,Female,7237963615,Canada,2004-11-19
6470,Arjun,Das,arjun.das6470@outlook.com,Female,7555919948,United States,1985-05-31
6471,Mohit,Naidu,mohit.naidu6471@yahoo.com,Female,9238385324,Canada,1978-08-02
6472,Nisha,Bose,nisha.bose6472@outlook.com,Female,7280681383,France,2002-11-13
6473,Sunita,Singh,sunita.singh6473@outlook.com,Female,8762090758,India,2005-03-07
6474,Ritu,Bhatt,ritu.bhatt6474@yahoo.com,Female,6084718169,United States,1981-01-13
6475,Aanya,Ghosh,aanya.ghosh6475@yahoo.com,Female,8821431674,Brazil,1976-03-22
6476,Krishna,Kashyap,krishna.kashyap6476@gmail.com,Female,8361948401,France,1971-11-03
6477,Sara,Sharma,sara.sharma6477@gmail.com,Female,8345535939,Australia,1994-08-06
6478,Tarun,Chauhan,tarun.chauhan6478@example.com,Female,6806183203,India,1994-06-03
6479,Ritu,Nair,ritu.nair6479@mail.com,Female,9802485683,South Africa,1989-01-07
6480,Sunita,Menon,sunita.menon6480@yahoo.com,Female,6589643916,South Africa,1980-03-11
6481,Kiran,Trivedi,kiran.trivedi6481@gmail.com,Female,6663912300,UAE,1971-09-29
6482,Sara,Agarwal,sara.agarwal6482@mail.com,Male,9329434378,Canada,1989-04-01
6483,Nisha,Nair,nisha.nair6483@gmail.com,Male,9996918902,United States,2004-11-24
6484,Vivaan,Prasad,vivaan.prasad6484@gmail.com,Female,7158823883,Australia,2000-06-28
6485,Arjun,Agarwal,arjun.agarwal6485@gmail.com,Female,8856074159,United States,1970-09-20
6486,Tarun,Shah,tarun.shah6486@mail.com,Male,8515232299,Canada,2007-02-19
6487,Vihaan,Malhotra,vihaan.malhotra6487@example.com,Female,7894750336,South Africa,1968-10-28
6488,Sneha,Khan,sneha.khan6488@mail.com,Female,9117991496,Australia,1974-10-07
6489,Pooja,Khan,pooja.khan6489@example.com,Male,9028095401,South Africa,1984-07-09
6490,Kiran,Mehta,kiran.mehta6490@yahoo.com,Male,9722972927,India,1991-08-10
6491,Anil,Bhatt,anil.bhatt6491@mail.com,Male,7715069291,Germany,1977-10-29
6492,Sahil,Singh,sahil.singh6492@mail.com,Female,8470993530,Canada,2000-02-24
6493,Rohan,Bose,rohan.bose6493@outlook.com,Female,8480126365,France,1999-11-14
6494,Tarun,Nair,tarun.nair6494@yahoo.com,Male,7049035436,Germany,1992-06-21
6495,Vihaan,Bose,vihaan.bose6495@example.com,Female,6127567513,France,2003-03-04
6496,Sai,Kapoor,sai.kapoor6496@example.com,Female,6007443482,UAE,1967-08-24
6497,Mohit,Prasad,mohit.prasad6497@mail.com,Male,6455989187,India,1971-04-21
6498,Reyansh,Trivedi,reyansh.trivedi6498@mail.com,Female,9703483741,South Africa,1999-10-19
6499,Sneha,Das,sneha.das6499@outlook.com,Male,6855135886,Germany,1973-04-23
6500,Tarun,Malhotra,tarun.malhotra6500@example.com,Female,9259571149,Germany,2007-01-02
6501,Sahil,Khan,sahil.khan6501@gmail.com,Male,8929545315,South Africa,1984-03-25
6502,Tarun,Joshi,tarun.joshi6502@outlook.com,Female,9680382446,India,1998-05-21
6503,Mohit,Pillai,mohit.pillai6503@outlook.com,Female,9432920171,Brazil,1993-04-20
6504,Riya,Bose,riya.bose6504@gmail.com,Male,7370532480,UAE,2006-12-11
6505,Vihaan,Shah,vihaan.shah6505@mail.com,Female,8972986881,France,2000-01-08
6506,Karthik,Ghosh,karthik.ghosh6506@outlook.com,Male,8663322727,United Kingdom,1984-12-04
6507,Sai,Menon,sai.menon6507@mail.com,Female,6920013090,United Kingdom,2003-05-16
6508,Pooja,Ghosh,pooja.ghosh6508@mail.com,Female,7441531061,South Africa,1991-02-03
6509,Pooja,Khan,pooja.khan6509@outlook.com,Female,7892147488,Brazil,2003-11-15
6510,Diya,Kashyap,diya.kashyap6510@mail.com,Male,9131979590,Germany,1993-01-30
6511,Myra,Naidu,myra.naidu6511@yahoo.com,Female,6606081722,Australia,1990-09-03
6512,Sunita,Ghosh,sunita.ghosh6512@example.com,Male,6671526897,Canada,1972-01-21
6513,Isha,Prasad,isha.prasad6513@mail.com,Male,6452124721,France,1988-09-25
6514,Diya,Naidu,diya.naidu6514@example.com,Female,9234399870,United Kingdom,1996-07-27
6515,Krishna,Iyer,krishna.iyer6515@gmail.com,Male,7847883274,Canada,2003-11-18
6516,Aarav,Gupta,aarav.gupta6516@outlook.com,Female,8705007824,South Africa,2003-06-09
6517,Reyansh,Naidu,reyansh.naidu6517@yahoo.com,Female,8020536882,Australia,1991-07-11
6518,Kavya,Reddy,kavya.reddy6518@mail.com,Female,8279907053,Brazil,1998-08-20
6519,Karthik,Sharma,karthik.sharma6519@example.com,Male,6213030159,Canada,1995-12-07
6520,Sunita,Iyer,sunita.iyer6520@outlook.com,Female,9961347083,United States,1990-04-09
6521,Rohan,Shah,rohan.shah6521@outlook.com,Female,6798665516,France,1968-10-18
6522,Priya,Patel,priya.patel6522@outlook.com,Female,8896386665,Germany,2003-04-27
6523,Riya,Kumar,riya.kumar6523@outlook.com,Male,6346352220,UAE,1976-11-15
6524,Reyansh,Trivedi,reyansh.trivedi6524@mail.com,Male,8899928926,Canada,1968-06-15
6525,Mohit,Shah,mohit.shah6525@gmail.com,Female,6349322330,Germany,1978-01-25
6526,Vivaan,Chauhan,vivaan.chauhan6526@gmail.com,Female,8477153491,United Kingdom,1981-03-07
6527,Isha,Joshi,isha.joshi6527@example.com,Female,8657148701,United States,1990-08-09
6528,Sara,Chauhan,sara.chauhan6528@yahoo.com,Male,8736732355,United States,1967-03-25
6529,Krishna,Khan,krishna.khan6529@outlook.com,Male,8576914451,UAE,1975-07-12
6530,Isha,Kapoor,isha.kapoor6530@yahoo.com,Female,7314194804,Canada,2001-05-20
6531,Vivaan,Nair,vivaan.nair6531@example.com,Female,9441226962,France,1996-06-02
6532,Karthik,Singh,karthik.singh6532@example.com,Female,6510081393,Canada,1981-02-04
6533,Karthik,Kapoor,karthik.kapoor6533@yahoo.com,Female,6029621833,Australia,1968-05-26
6534,Krishna,Bhatia,krishna.bhatia6534@outlook.com,Female,8167451658,Germany,1968-10-30
6535,Krishna,Bose,krishna.bose6535@outlook.com,Male,6996250684,India,1993-04-07
6536,Sai,Chauhan,sai.chauhan6536@example.com,Male,6489373225,United Kingdom,1974-04-26
6537,Maya,Shah,maya.shah6537@example.com,Male,6943192982,UAE,2001-08-02
6538,Arjun,Roy,arjun.roy6538@outlook.com,Female,8286817867,United Kingdom,1967-06-22
6539,Pooja,Pillai,pooja.pillai6539@example.com,Male,8011560324,United Kingdom,1985-11-23
6540,Isha,Bhatt,isha.bhatt6540@outlook.com,Female,9642880351,Canada,1991-04-19
6541,Sara,Roy,sara.roy6541@yahoo.com,Female,6474835862,Germany,1991-06-23
6542,Isha,Pillai,isha.pillai6542@example.com,Female,8164281667,South Africa,1992-05-27
6543,Reyansh,Bhatt,reyansh.bhatt6543@yahoo.com,Male,8030955069,Canada,1968-12-13
6544,Tarun,Das,tarun.das6544@gmail.com,Male,7936518455,Germany,1998-10-16
6545,Krishna,Menon,krishna.menon6545@gmail.com,Male,9602036977,Brazil,1989-01-23
6546,Tarun,Nair,tarun.nair6546@gmail.com,Female,8803204060,United Kingdom,1980-08-09
6547,Reyansh,Iyer,reyansh.iyer6547@gmail.com,Female,9475740562,United States,1975-01-23
6548,Ananya,Das,ananya.das6548@mail.com,Male,8318983062,South Africa,2000-09-01
6549,Ananya,Bhatt,ananya.bhatt6549@outlook.com,Female,6015881667,United Kingdom,1995-01-11
6550,Priya,Ghosh,priya.ghosh6550@yahoo.com,Male,6871618280,Brazil,2005-10-18
6551,Arjun,Ghosh,arjun.ghosh6551@outlook.com,Female,6111292484,France,1983-05-06
6552,Reyansh,Khan,reyansh.khan6552@example.com,Female,9405107695,Germany,1996-01-10
6553,Maya,Menon,maya.menon6553@mail.com,Female,7959790080,Brazil,1968-07-31
6554,Myra,Bhatia,myra.bhatia6554@outlook.com,Female,6189039802,Brazil,2000-10-12
6555,Isha,Trivedi,isha.trivedi6555@yahoo.com,Female,7149747981,South Africa,2001-08-14
6556,Kiran,Roy,kiran.roy6556@outlook.com,Female,7036951521,Germany,1983-07-12
6557,Nisha,Bose,nisha.bose6557@gmail.com,Male,6135136710,UAE,2003-03-14
6558,Kiran,Bhatt,kiran.bhatt6558@example.com,Male,6737772392,South Africa,2004-06-28
6559,Ritu,Bhatia,ritu.bhatia6559@example.com,Female,7710983719,Germany,1993-06-08
6560,Vivaan,Verma,vivaan.verma6560@gmail.com,Male,9791309242,United States,1970-05-07
6561,Sneha,Patel,sneha.patel6561@mail.com,Female,7437536380,Canada,1979-06-09
6562,Aanya,Trivedi,aanya.trivedi6562@yahoo.com,Female,7628109376,Brazil,1979-11-05
6563,Isha,Iyer,isha.iyer6563@yahoo.com,Male,7510155317,India,1985-12-29
6564,Mohit,Verma,mohit.verma6564@gmail.com,Female,6885663593,United Kingdom,2005-01-10
6565,Aanya,Bose,aanya.bose6565@example.com,Female,9954578436,Brazil,2005-08-10
6566,Pooja,Mehta,pooja.mehta6566@example.com,Male,9234453625,France,1994-11-07
6567,Pooja,Kashyap,pooja.kashyap6567@yahoo.com,Male,7837172048,Germany,1997-01-08
6568,Sai,Bhatt,sai.bhatt6568@outlook.com,Male,9526068151,India,1988-01-21
6569,Krishna,Joshi,krishna.joshi6569@outlook.com,Female,6053010738,South Africa,1976-10-21
6570,Ritu,Naidu,ritu.naidu6570@outlook.com,Female,8922807188,South Africa,1967-06-04
6571,Vivaan,Shah,vivaan.shah6571@gmail.com,Male,6757796828,India,1994-08-25
6572,Vivaan,Verma,vivaan.verma6572@outlook.com,Female,9702977738,Australia,1986-10-28
6573,Aditya,Patel,aditya.patel6573@mail.com,Male,6347531164,Australia,1986-06-04
6574,Mohit,Chauhan,mohit.chauhan6574@example.com,Female,8448260501,France,1996-05-03
6575,Isha,Bhatia,isha.bhatia6575@gmail.com,Female,6379572643,India,1981-06-04
6576,Sahil,Bhatia,sahil.bhatia6576@mail.com,Male,8544472713,United Kingdom,1986-07-23
6577,Aditya,Trivedi,aditya.trivedi6577@yahoo.com,Female,6939176995,UAE,2002-06-28
6578,Ritu,Naidu,ritu.naidu6578@mail.com,Female,9201940689,South Africa,1997-01-22
6579,Tarun,Patel,tarun.patel6579@gmail.com,Female,6408387242,UAE,1988-01-12
6580,Vivaan,Chauhan,vivaan.chauhan6580@yahoo.com,Male,7772254215,India,2007-05-31
6581,Vivaan,Pillai,vivaan.pillai6581@example.com,Female,6222318972,United States,1996-10-08
6582,Kiran,Joshi,kiran.joshi6582@example.com,Male,9315383407,France,1966-12-06
6583,Isha,Gupta,isha.gupta6583@example.com,Male,7565035178,Australia,2001-05-22
6584,Diya,Prasad,diya.prasad6584@yahoo.com,Female,8638740112,France,1997-11-14
6585,Priya,Bose,priya.bose6585@mail.com,Male,6242469630,Germany,1997-10-19
6586,Anil,Yadav,anil.yadav6586@mail.com,Male,8607523231,United Kingdom,2002-11-07
6587,Sara,Yadav,sara.yadav6587@yahoo.com,Male,6746584703,United States,2004-07-16
6588,Pooja,Iyer,pooja.iyer6588@yahoo.com,Female,9608582362,Australia,1981-10-02
6589,Nisha,Mehta,nisha.mehta6589@yahoo.com,Female,6511800148,South Africa,1989-09-02
6590,Kavya,Sharma,kavya.sharma6590@mail.com,Male,7217849886,United Kingdom,1981-03-01
6591,Sara,Agarwal,sara.agarwal6591@yahoo.com,Female,7576002662,Canada,1987-05-13
6592,Krishna,Chauhan,krishna.chauhan6592@example.com,Female,9459919738,United States,1979-12-22
6593,Sahil,Bhatt,sahil.bhatt6593@yahoo.com,Male,7341468904,UAE,1989-08-08
6594,Ritu,Chauhan,ritu.chauhan6594@example.com,Male,9120894236,Brazil,2007-03-22
6595,Vihaan,Trivedi,vihaan.trivedi6595@mail.com,Male,8892002353,India,1984-09-26
6596,Krishna,Patel,krishna.patel6596@gmail.com,Male,7444648275,India,1987-05-16
6597,Ritu,Prasad,ritu.prasad6597@gmail.com,Female,6414766626,India,2003-03-05
6598,Aarav,Bhatt,aarav.bhatt6598@gmail.com,Female,6567798961,Germany,1966-04-06
6599,Vivaan,Khan,vivaan.khan6599@outlook.com,Male,8057975765,UAE,1970-08-24
6600,Nisha,Joshi,nisha.joshi6600@example.com,Female,6803948734,South Africa,1992-01-30
6601,Ananya,Nair,ananya.nair6601@example.com,Male,8242495536,Brazil,1976-11-18
6602,Krishna,Chauhan,krishna.chauhan6602@outlook.com,Male,9277112048,Canada,1993-03-27
6603,Reyansh,Kashyap,reyansh.kashyap6603@mail.com,Female,6086322101,Australia,2003-05-16
6604,Reyansh,Bose,reyansh.bose6604@mail.com,Male,8289878484,Germany,1966-07-15
6605,Diya,Bose,diya.bose6605@mail.com,Female,8720711447,India,1965-12-09
6606,Nisha,Das,nisha.das6606@example.com,Male,9563251076,Australia,1993-02-02
6607,Pooja,Ghosh,pooja.ghosh6607@yahoo.com,Female,9664020411,India,2001-08-22
6608,Aanya,Mehta,aanya.mehta6608@mail.com,Female,6241205115,United Kingdom,1995-08-04
6609,Priya,Gupta,priya.gupta6609@yahoo.com,Female,7917861637,Brazil,1976-05-30
6610,Nisha,Pillai,nisha.pillai6610@mail.com,Female,9582188730,United Kingdom,1988-01-08
6611,Krishna,Nair,krishna.nair6611@yahoo.com,Male,9563464448,United States,1986-01-18
6612,Aanya,Verma,aanya.verma6612@outlook.com,Male,6566236015,United Kingdom,1980-04-11
6613,Sneha,Singh,sneha.singh6613@gmail.com,Male,9168261439,United States,2002-11-08
6614,Myra,Agarwal,myra.agarwal6614@gmail.com,Female,7386552693,UAE,1985-09-26
6615,Arjun,Verma,arjun.verma6615@gmail.com,Female,8363078323,South Africa,1991-09-07
6616,Sunita,Chauhan,sunita.chauhan6616@gmail.com,Male,7347926827,India,1977-01-22
6617,Pooja,Reddy,pooja.reddy6617@example.com,Female,6010368060,United States,1993-04-18
6618,Riya,Kashyap,riya.kashyap6618@yahoo.com,Female,7591563402,United Kingdom,1987-05-11
6619,Anil,Sharma,anil.sharma6619@gmail.com,Male,8277778808,Brazil,1994-10-15
6620,Arjun,Kapoor,arjun.kapoor6620@outlook.com,Male,7534649876,Canada,2003-08-18
6621,Aditya,Reddy,aditya.reddy6621@outlook.com,Male,8602609689,Canada,1986-12-21
6622,Ananya,Patel,ananya.patel6622@mail.com,Male,8539084074,France,1971-04-28
6623,Ritu,Iyer,ritu.iyer6623@example.com,Male,7175109904,South Africa,1966-09-22
6624,Krishna,Gupta,krishna.gupta6624@outlook.com,Male,9672944663,Canada,1994-09-15
6625,Kavya,Bose,kavya.bose6625@yahoo.com,Female,8642432204,UAE,1970-10-31
6626,Aanya,Yadav,aanya.yadav6626@yahoo.com,Female,9338075449,United States,1971-02-01
6627,Ritu,Verma,ritu.verma6627@example.com,Male,6995749321,Canada,1994-12-01
6628,Aarav,Verma,aarav.verma6628@gmail.com,Male,8107151224,UAE,1971-04-19
6629,Ritu,Patel,ritu.patel6629@mail.com,Male,7347776042,Australia,1988-03-24
6630,Reyansh,Gupta,reyansh.gupta6630@yahoo.com,Female,6340469487,United States,1994-09-24
6631,Ritu,Malhotra,ritu.malhotra6631@example.com,Male,8354929547,United States,1998-06-25
6632,Anil,Ghosh,anil.ghosh6632@gmail.com,Male,6556450139,UAE,1984-01-24
6633,Ananya,Nair,ananya.nair6633@mail.com,Male,9860508799,United States,1968-10-17
6634,Priya,Shah,priya.shah6634@outlook.com,Male,9818121044,Germany,1976-05-16
6635,Krishna,Kapoor,krishna.kapoor6635@example.com,Male,6407536197,UAE,1982-03-05
6636,Nisha,Nair,nisha.nair6636@yahoo.com,Male,8200349258,United States,1984-07-01
6637,Mohit,Ghosh,mohit.ghosh6637@mail.com,Male,7721442592,Germany,1981-04-16
6638,Maya,Chauhan,maya.chauhan6638@outlook.com,Female,8107427548,United States,1987-09-30
6639,Aditya,Kumar,aditya.kumar6639@example.com,Male,7551523133,United Kingdom,1978-12-16
6640,Sahil,Ghosh,sahil.ghosh6640@gmail.com,Male,9618726844,Germany,1967-10-24
6641,Priya,Singh,priya.singh6641@outlook.com,Male,8473810825,Canada,2005-04-25
6642,Vihaan,Chauhan,vihaan.chauhan6642@gmail.com,Male,9969229185,UAE,1989-12-17
6643,Nisha,Reddy,nisha.reddy6643@example.com,Female,7659185129,Brazil,1971-08-28
6644,Diya,Roy,diya.roy6644@mail.com,Female,8799966965,Australia,2000-05-25
6645,Krishna,Patel,krishna.patel6645@example.com,Male,7312811834,United States,1979-04-16
6646,Tarun,Shah,tarun.shah6646@outlook.com,Female,6414879146,South Africa,1992-07-13
6647,Kiran,Bhatia,kiran.bhatia6647@mail.com,Male,6098525153,United States,1985-06-22
6648,Nisha,Agarwal,nisha.agarwal6648@outlook.com,Female,9871955115,Germany,1980-06-10
6649,Ritu,Shah,ritu.shah6649@mail.com,Female,6754890652,Canada,1970-12-23
6650,Maya,Joshi,maya.joshi6650@yahoo.com,Male,9462382051,United Kingdom,1966-08-28
6651,Karthik,Prasad,karthik.prasad6651@example.com,Female,9629504785,Australia,2004-12-26
6652,Aditya,Singh,aditya.singh6652@mail.com,Male,6931284812,South Africa,1997-06-28
6653,Maya,Bhatt,maya.bhatt6653@yahoo.com,Male,7842589707,Canada,1972-08-02
6654,Rohan,Kapoor,rohan.kapoor6654@gmail.com,Female,9401836825,United States,2007-06-26
6655,Ananya,Yadav,ananya.yadav6655@yahoo.com,Male,6678519911,Canada,1982-02-06
6656,Vivaan,Gupta,vivaan.gupta6656@outlook.com,Male,7387188288,France,2004-03-18
6657,Reyansh,Bose,reyansh.bose6657@example.com,Female,9859683930,United States,1988-03-19
6658,Karthik,Iyer,karthik.iyer6658@mail.com,Male,7891665182,United States,1983-04-12
6659,Anil,Ghosh,anil.ghosh6659@mail.com,Female,7393308101,UAE,2000-02-29
6660,Sahil,Prasad,sahil.prasad6660@yahoo.com,Female,8373789365,South Africa,1980-06-25
6661,Mohit,Ghosh,mohit.ghosh6661@outlook.com,Male,8846490690,Australia,1999-01-01
6662,Ritu,Trivedi,ritu.trivedi6662@outlook.com,Female,7428794618,United States,1990-08-18
6663,Aanya,Joshi,aanya.joshi6663@mail.com,Female,9394545542,Brazil,1968-12-28
6664,Aanya,Reddy,aanya.reddy6664@mail.com,Female,7422226280,Germany,1969-07-22
6665,Aarav,Naidu,aarav.naidu6665@outlook.com,Female,8488212240,South Africa,1972-05-28
6666,Arjun,Joshi,arjun.joshi6666@gmail.com,Male,7036466808,South Africa,2000-03-12
6667,Diya,Shah,diya.shah6667@gmail.com,Male,6765995407,United Kingdom,1985-10-15
6668,Vihaan,Roy,vihaan.roy6668@gmail.com,Male,6047175196,UAE,1969-02-20
6669,Rohan,Prasad,rohan.prasad6669@example.com,Female,6068237846,Germany,1994-08-19
6670,Tarun,Joshi,tarun.joshi6670@outlook.com,Male,6471112380,UAE,1970-12-29
6671,Kiran,Yadav,kiran.yadav6671@example.com,Male,9465072484,United Kingdom,1983-11-15
6672,Tarun,Singh,tarun.singh6672@outlook.com,Male,6307676380,Australia,1973-04-01
6673,Aditya,Singh,aditya.singh6673@example.com,Male,8601148303,India,1974-08-22
6674,Tarun,Bhatt,tarun.bhatt6674@mail.com,Male,6538245791,Australia,1990-07-26
6675,Myra,Prasad,myra.prasad6675@outlook.com,Male,8957291731,South Africa,1989-06-22
6676,Maya,Mehta,maya.mehta6676@gmail.com,Female,7455664023,UAE,1972-09-03
6677,Diya,Iyer,diya.iyer6677@example.com,Female,6645482954,United States,1990-02-07
6678,Arjun,Shah,arjun.shah6678@gmail.com,Female,8440695770,Canada,1969-01-15
6679,Aditya,Pillai,aditya.pillai6679@example.com,Male,9749209130,South Africa,1998-09-22
6680,Sai,Joshi,sai.joshi6680@gmail.com,Male,6280736549,UAE,1967-10-21
6681,Mohit,Patel,mohit.patel6681@example.com,Female,9060012171,Germany,1986-10-04
6682,Aanya,Bose,aanya.bose6682@yahoo.com,Male,9562444323,Australia,1982-09-09
6683,Priya,Patel,priya.patel6683@outlook.com,Male,6616376005,Australia,1968-01-02
6684,Vivaan,Pillai,vivaan.pillai6684@gmail.com,Male,6121124404,France,2007-07-31
6685,Sahil,Chauhan,sahil.chauhan6685@mail.com,Male,9073993121,United States,1991-09-20
6686,Nisha,Yadav,nisha.yadav6686@yahoo.com,Female,9638961039,Canada,2000-11-20
6687,Sara,Singh,sara.singh6687@gmail.com,Male,8205957075,United Kingdom,1995-03-09
6688,Myra,Naidu,myra.naidu6688@outlook.com,Male,9363560584,Brazil,2005-10-26
6689,Sai,Pillai,sai.pillai6689@example.com,Male,6739535887,South Africa,1982-02-28
6690,Riya,Joshi,riya.joshi6690@gmail.com,Male,9901190846,South Africa,1988-09-07
6691,Sahil,Yadav,sahil.yadav6691@outlook.com,Male,8186725248,Australia,1983-12-15
6692,Tarun,Naidu,tarun.naidu6692@gmail.com,Female,9382234291,France,2001-07-01
6693,Diya,Patel,diya.patel6693@yahoo.com,Female,6364037096,Australia,1980-01-16
6694,Anil,Bhatt,anil.bhatt6694@example.com,Female,6067549544,France,1977-04-02
6695,Karthik,Prasad,karthik.prasad6695@gmail.com,Male,6882462651,United Kingdom,1971-02-10
6696,Rohan,Trivedi,rohan.trivedi6696@example.com,Female,7643021247,France,1993-08-11
6697,Pooja,Ghosh,pooja.ghosh6697@outlook.com,Male,9258885852,India,1993-09-04
6698,Kavya,Verma,kavya.verma6698@mail.com,Male,9215353908,Canada,1981-03-17
6699,Nisha,Kumar,nisha.kumar6699@yahoo.com,Male,6016689118,India,1966-07-16
6700,Tarun,Yadav,tarun.yadav6700@yahoo.com,Male,7792784964,United Kingdom,1998-03-08
6701,Priya,Bose,priya.bose6701@outlook.com,Male,7897238740,South Africa,2007-03-01
6702,Aditya,Naidu,aditya.naidu6702@mail.com,Male,8146341530,India,1986-02-07
6703,Karthik,Khan,karthik.khan6703@mail.com,Female,7075284763,Brazil,1972-10-11
6704,Sahil,Prasad,sahil.prasad6704@gmail.com,Male,8035996568,Canada,1991-09-12
6705,Karthik,Reddy,karthik.reddy6705@yahoo.com,Female,8892727362,France,2000-11-20
6706,Krishna,Prasad,krishna.prasad6706@yahoo.com,Female,7439283833,South Africa,1982-09-11
6707,Sai,Verma,sai.verma6707@yahoo.com,Male,6725119094,France,1977-11-18
6708,Krishna,Sharma,krishna.sharma6708@yahoo.com,Female,6410131003,France,2006-06-18
6709,Aanya,Das,aanya.das6709@gmail.com,Male,7344575232,Australia,1982-09-30
6710,Kavya,Bhatia,kavya.bhatia6710@yahoo.com,Female,6828469465,Australia,1995-10-23
6711,Aditya,Agarwal,aditya.agarwal6711@outlook.com,Female,8554719072,Brazil,1990-04-09
6712,Sahil,Iyer,sahil.iyer6712@yahoo.com,Male,6531368975,France,2000-11-07
6713,Isha,Kumar,isha.kumar6713@yahoo.com,Female,8688066403,UAE,1979-12-25
6714,Ritu,Kashyap,ritu.kashyap6714@outlook.com,Male,7342677721,France,1972-06-08
6715,Ananya,Kashyap,ananya.kashyap6715@yahoo.com,Female,7196597479,India,1966-06-14
6716,Kiran,Singh,kiran.singh6716@mail.com,Male,9160437208,Australia,1968-03-07
6717,Pooja,Gupta,pooja.gupta6717@mail.com,Male,6098335087,United States,2006-03-29
6718,Nisha,Roy,nisha.roy6718@gmail.com,Male,8414282558,Germany,1998-06-13
6719,Diya,Chauhan,diya.chauhan6719@example.com,Female,9541936363,South Africa,1994-08-20
6720,Arjun,Mehta,arjun.mehta6720@example.com,Female,7750576148,Australia,1980-10-29
6721,Diya,Sharma,diya.sharma6721@example.com,Male,8112815445,India,1974-06-19
6722,Priya,Bhatt,priya.bhatt6722@yahoo.com,Female,6290582171,United States,1978-10-25
6723,Vivaan,Trivedi,vivaan.trivedi6723@example.com,Female,6204802857,United Kingdom,1992-08-22
6724,Ananya,Verma,ananya.verma6724@yahoo.com,Male,7114967412,India,1973-04-05
6725,Sahil,Kashyap,sahil.kashyap6725@example.com,Female,8602689959,France,1984-02-22
6726,Karthik,Kashyap,karthik.kashyap6726@example.com,Female,7969641311,UAE,1978-06-23
6727,Sahil,Menon,sahil.menon6727@mail.com,Female,9380380704,Brazil,1992-02-07
6728,Ritu,Prasad,ritu.prasad6728@gmail.com,Male,7901465425,UAE,1991-03-30
6729,Riya,Roy,riya.roy6729@gmail.com,Male,9109263771,India,1980-05-13
6730,Myra,Malhotra,myra.malhotra6730@gmail.com,Female,9471753084,Australia,2007-08-12
6731,Maya,Nair,maya.nair6731@outlook.com,Female,9387356859,Australia,1969-03-03
6732,Myra,Yadav,myra.yadav6732@outlook.com,Female,7312142448,South Africa,1975-08-12
6733,Kavya,Gupta,kavya.gupta6733@example.com,Male,7017816617,United States,1987-05-24
6734,Diya,Bhatt,diya.bhatt6734@gmail.com,Male,9854695181,South Africa,1974-05-05
6735,Aditya,Naidu,aditya.naidu6735@example.com,Male,9987338083,India,2006-03-04
6736,Ananya,Das,ananya.das6736@mail.com,Female,7118354426,Brazil,2005-06-21
6737,Mohit,Naidu,mohit.naidu6737@example.com,Male,6308501346,Brazil,1981-05-11
6738,Krishna,Joshi,krishna.joshi6738@gmail.com,Male,9235793967,United States,1966-03-10
6739,Sahil,Reddy,sahil.reddy6739@outlook.com,Female,7132280321,France,1987-11-04
6740,Krishna,Nair,krishna.nair6740@gmail.com,Male,7861881178,Brazil,1968-05-12
6741,Riya,Bhatt,riya.bhatt6741@gmail.com,Male,9977007673,India,1974-03-24
6742,Vivaan,Joshi,vivaan.joshi6742@example.com,Male,6032877487,Canada,1995-02-10
6743,Sara,Joshi,sara.joshi6743@mail.com,Male,7493723405,South Africa,2007-06-16
6744,Sai,Prasad,sai.prasad6744@yahoo.com,Female,7862691090,South Africa,2000-11-14
6745,Maya,Kashyap,maya.kashyap6745@example.com,Female,6298317764,Australia,1965-12-07
6746,Aanya,Trivedi,aanya.trivedi6746@example.com,Male,7711801548,United States,1995-03-01
6747,Arjun,Sharma,arjun.sharma6747@outlook.com,Female,8367043144,France,1987-05-07
6748,Sai,Nair,sai.nair6748@yahoo.com,Female,8276195663,France,1989-09-04
6749,Nisha,Sharma,nisha.sharma6749@yahoo.com,Female,9518933112,United States,1995-09-09
6750,Rohan,Agarwal,rohan.agarwal6750@example.com,Female,8840623069,South Africa,1974-09-13
6751,Myra,Bhatt,myra.bhatt6751@example.com,Male,8436877483,Germany,1970-08-14
6752,Vihaan,Yadav,vihaan.yadav6752@yahoo.com,Male,8533855518,India,1979-07-15
6753,Sunita,Chauhan,sunita.chauhan6753@mail.com,Male,7777236377,Brazil,1981-05-19
6754,Myra,Iyer,myra.iyer6754@outlook.com,Male,7189029008,UAE,1983-07-30
6755,Kavya,Shah,kavya.shah6755@example.com,Female,6052832611,India,2007-02-21
6756,Ritu,Malhotra,ritu.malhotra6756@example.com,Female,6651801959,United Kingdom,1996-10-12
6757,Vivaan,Bhatia,vivaan.bhatia6757@example.com,Male,8102124668,France,1968-11-12
6758,Krishna,Ghosh,krishna.ghosh6758@mail.com,Female,8876936127,Brazil,1980-08-09
6759,Riya,Gupta,riya.gupta6759@outlook.com,Male,8033702620,India,1969-02-12
6760,Maya,Ghosh,maya.ghosh6760@mail.com,Female,8590764913,Brazil,1978-07-01
6761,Sahil,Reddy,sahil.reddy6761@mail.com,Female,9079754203,Australia,1983-02-10
6762,Kavya,Das,kavya.das6762@yahoo.com,Male,8653988827,Canada,1981-08-16
6763,Riya,Shah,riya.shah6763@outlook.com,Female,6871960668,United Kingdom,2003-12-19
6764,Aditya,Trivedi,aditya.trivedi6764@yahoo.com,Female,8026684479,Canada,1973-01-27
6765,Aarav,Bhatia,aarav.bhatia6765@outlook.com,Female,7938867013,Brazil,2001-05-18
6766,Priya,Iyer,priya.iyer6766@outlook.com,Female,6042462548,France,2003-05-08
6767,Vihaan,Kumar,vihaan.kumar6767@gmail.com,Female,7491823783,UAE,2004-01-28
6768,Sunita,Khan,sunita.khan6768@gmail.com,Female,9527609000,Brazil,2002-06-11
6769,Anil,Mehta,anil.mehta6769@example.com,Female,8469901190,India,1966-08-04
6770,Riya,Khan,riya.khan6770@outlook.com,Male,6554438998,South Africa,1992-01-23
6771,Diya,Das,diya.das6771@example.com,Male,8848930750,Canada,1981-05-25
6772,Karthik,Khan,karthik.khan6772@mail.com,Female,8526461428,Canada,1995-04-20
6773,Vihaan,Sharma,vihaan.sharma6773@yahoo.com,Male,9553452644,Germany,2005-03-08
6774,Ananya,Naidu,ananya.naidu6774@gmail.com,Male,7241587835,United Kingdom,1976-12-05
6775,Priya,Verma,priya.verma6775@example.com,Female,7887717808,South Africa,1995-10-17
6776,Diya,Agarwal,diya.agarwal6776@gmail.com,Female,8459811744,France,1999-05-29
6777,Riya,Ghosh,riya.ghosh6777@outlook.com,Female,7766122587,Australia,1987-04-27
6778,Sunita,Menon,sunita.menon6778@outlook.com,Female,9364597198,United States,2003-09-30
6779,Sahil,Yadav,sahil.yadav6779@yahoo.com,Male,7964664395,France,1985-08-18
6780,Tarun,Bhatt,tarun.bhatt6780@example.com,Female,7053043693,United Kingdom,2005-01-15
6781,Karthik,Gupta,karthik.gupta6781@outlook.com,Female,8210199636,France,1999-03-12
6782,Reyansh,Iyer,reyansh.iyer6782@mail.com,Female,6123204201,UAE,2003-06-18
6783,Anil,Prasad,anil.prasad6783@example.com,Female,6434800280,Canada,1969-02-19
6784,Ananya,Chauhan,ananya.chauhan6784@yahoo.com,Female,6919764951,Brazil,1983-12-04
6785,Riya,Roy,riya.roy6785@outlook.com,Female,9435684941,Australia,2007-01-13
6786,Aditya,Kumar,aditya.kumar6786@example.com,Male,9527106111,South Africa,1968-09-04
6787,Maya,Sharma,maya.sharma6787@example.com,Female,8352470615,Brazil,1985-01-09
6788,Sara,Singh,sara.singh6788@mail.com,Female,6364675149,United States,1985-09-13
6789,Sai,Bhatt,sai.bhatt6789@outlook.com,Female,6170778174,France,1993-01-30
6790,Ananya,Singh,ananya.singh6790@mail.com,Female,9874547283,United Kingdom,1986-10-14
6791,Karthik,Malhotra,karthik.malhotra6791@mail.com,Male,6595401646,France,1987-10-19
6792,Karthik,Das,karthik.das6792@outlook.com,Female,6194549998,India,1991-03-18
6793,Riya,Joshi,riya.joshi6793@outlook.com,Male,9217841653,India,1971-02-02
6794,Sahil,Mehta,sahil.mehta6794@gmail.com,Male,7268762282,UAE,1985-07-15
6795,Sai,Ghosh,sai.ghosh6795@mail.com,Female,8814866138,Canada,1988-07-28
6796,Vivaan,Singh,vivaan.singh6796@outlook.com,Female,6372095082,Germany,1989-10-01
6797,Kiran,Yadav,kiran.yadav6797@mail.com,Male,6989883984,UAE,1966-04-27
6798,Krishna,Kashyap,krishna.kashyap6798@outlook.com,Female,7292679974,United Kingdom,1991-09-25
6799,Priya,Shah,priya.shah6799@yahoo.com,Male,7662977519,UAE,1984-03-19
6800,Sahil,Pillai,sahil.pillai6800@gmail.com,Male,9968478007,India,1995-03-18
6801,Isha,Ghosh,isha.ghosh6801@gmail.com,Female,6555897222,Australia,1973-08-23
6802,Sara,Das,sara.das6802@outlook.com,Female,9309470760,United Kingdom,1979-11-02
6803,Vihaan,Patel,vihaan.patel6803@yahoo.com,Female,9415314422,UAE,1970-07-12
6804,Priya,Iyer,priya.iyer6804@yahoo.com,Female,8339767318,South Africa,1985-04-27
6805,Mohit,Khan,mohit.khan6805@mail.com,Male,9235465934,Australia,1987-12-05
6806,Myra,Mehta,myra.mehta6806@yahoo.com,Male,9646251821,South Africa,2006-02-14
6807,Sara,Prasad,sara.prasad6807@example.com,Female,8196861131,France,1979-04-21
6808,Priya,Bhatt,priya.bhatt6808@yahoo.com,Female,7630164376,Canada,1976-08-26
6809,Krishna,Malhotra,krishna.malhotra6809@example.com,Female,9976948674,UAE,1970-10-23
6810,Kiran,Kashyap,kiran.kashyap6810@outlook.com,Female,9872665809,Australia,1976-07-27
6811,Anil,Iyer,anil.iyer6811@example.com,Female,6487123295,United States,1982-12-17
6812,Nisha,Verma,nisha.verma6812@example.com,Female,6217374985,India,1991-04-12
6813,Pooja,Agarwal,pooja.agarwal6813@example.com,Male,6172334803,United States,1967-07-24
6814,Isha,Shah,isha.shah6814@gmail.com,Male,8642499927,Brazil,2001-11-13
6815,Isha,Pillai,isha.pillai6815@outlook.com,Male,8661919046,India,2005-06-22
6816,Ritu,Chauhan,ritu.chauhan6816@gmail.com,Male,8195678501,South Africa,2000-05-07
6817,Anil,Menon,anil.menon6817@example.com,Male,6779593862,Germany,1967-08-14
6818,Kavya,Mehta,kavya.mehta6818@example.com,Female,7225537085,Australia,1986-05-06
6819,Maya,Singh,maya.singh6819@mail.com,Male,6882512632,United Kingdom,2000-03-07
6820,Tarun,Ghosh,tarun.ghosh6820@example.com,Male,8822332319,Canada,2005-07-11
6821,Tarun,Bhatia,tarun.bhatia6821@mail.com,Female,7072118672,Canada,1983-06-11
6822,Karthik,Pillai,karthik.pillai6822@gmail.com,Female,7020753344,India,1988-04-02
6823,Aditya,Chauhan,aditya.chauhan6823@yahoo.com,Female,6102344910,Brazil,1990-05-09
6824,Tarun,Roy,tarun.roy6824@yahoo.com,Female,9018452110,Australia,1981-04-13
6825,Reyansh,Joshi,reyansh.joshi6825@example.com,Female,9660011817,Germany,1993-09-23
6826,Arjun,Singh,arjun.singh6826@mail.com,Female,8092776769,Canada,2000-01-18
6827,Aarav,Agarwal,aarav.agarwal6827@mail.com,Male,9973253570,Australia,1983-10-27
6828,Krishna,Das,krishna.das6828@mail.com,Male,7949635491,Canada,2001-06-27
6829,Sai,Bose,sai.bose6829@example.com,Female,9635465282,United States,2000-10-12
6830,Vihaan,Bose,vihaan.bose6830@gmail.com,Female,6556980786,Germany,1972-05-17
6831,Sara,Das,sara.das6831@outlook.com,Male,7088895666,United States,1989-12-28
6832,Sahil,Kumar,sahil.kumar6832@yahoo.com,Female,8350497629,United States,1978-11-17
6833,Aanya,Ghosh,aanya.ghosh6833@yahoo.com,Female,9425341896,South Africa,1977-12-10
6834,Maya,Gupta,maya.gupta6834@example.com,Male,9239643588,Canada,1967-11-18
6835,Aanya,Iyer,aanya.iyer6835@mail.com,Female,8423912049,United Kingdom,1981-08-10
6836,Vihaan,Singh,vihaan.singh6836@yahoo.com,Male,6252917977,India,1966-09-29
6837,Kiran,Roy,kiran.roy6837@mail.com,Female,8401840420,India,1971-02-15
6838,Karthik,Kashyap,karthik.kashyap6838@mail.com,Male,9665047746,Brazil,1976-01-18
6839,Aanya,Nair,aanya.nair6839@yahoo.com,Male,6170988083,South Africa,1998-02-15
6840,Sara,Verma,sara.verma6840@mail.com,Female,6234797134,Canada,1968-12-10
6841,Diya,Kapoor,diya.kapoor6841@example.com,Female,6381724641,United Kingdom,1988-03-12
6842,Ananya,Bhatt,ananya.bhatt6842@outlook.com,Male,8502913540,United States,1997-03-04
6843,Ananya,Joshi,ananya.joshi6843@example.com,Male,6695521875,Germany,1967-10-12
6844,Aditya,Bose,aditya.bose6844@outlook.com,Female,6490355166,France,1972-11-19
6845,Isha,Chauhan,isha.chauhan6845@gmail.com,Male,9261435126,Brazil,1990-05-31
6846,Kiran,Singh,kiran.singh6846@gmail.com,Male,6070349356,Australia,1988-12-19
6847,Ananya,Singh,ananya.singh6847@example.com,Female,7248279066,Canada,1969-10-22
6848,Tarun,Kapoor,tarun.kapoor6848@outlook.com,Male,7125629443,France,1973-02-16
6849,Krishna,Bose,krishna.bose6849@example.com,Female,7501417543,United States,1977-05-04
6850,Myra,Iyer,myra.iyer6850@mail.com,Female,6134487079,Brazil,1993-10-28
6851,Nisha,Roy,nisha.roy6851@mail.com,Male,8707338407,Brazil,1994-12-22
6852,Tarun,Prasad,tarun.prasad6852@example.com,Male,8943646148,South Africa,1987-06-03
6853,Pooja,Kapoor,pooja.kapoor6853@yahoo.com,Male,9491310149,France,1982-10-29
6854,Priya,Kapoor,priya.kapoor6854@yahoo.com,Male,9712331583,Germany,1998-06-16
6855,Kiran,Roy,kiran.roy6855@mail.com,Female,7777092901,UAE,1992-06-29
6856,Aditya,Chauhan,aditya.chauhan6856@outlook.com,Male,6999580552,France,2006-03-04
6857,Isha,Patel,isha.patel6857@example.com,Male,7941986963,UAE,1972-01-25
6858,Sara,Bhatt,sara.bhatt6858@mail.com,Male,9571531551,United Kingdom,2005-01-14
6859,Vihaan,Kashyap,vihaan.kashyap6859@yahoo.com,Female,7685176580,South Africa,2001-02-20
6860,Kiran,Gupta,kiran.gupta6860@gmail.com,Male,9476182560,Canada,2003-06-19
6861,Sunita,Naidu,sunita.naidu6861@gmail.com,Female,6170557844,Germany,1992-10-20
6862,Nisha,Sharma,nisha.sharma6862@example.com,Male,9744244410,Australia,1968-09-08
6863,Sneha,Nair,sneha.nair6863@mail.com,Male,9355106582,United States,1966-04-07
6864,Aditya,Bhatia,aditya.bhatia6864@mail.com,Female,9209365278,United States,1981-12-11
6865,Krishna,Yadav,krishna.yadav6865@example.com,Male,9642328499,United Kingdom,1969-08-17
6866,Aanya,Mehta,aanya.mehta6866@mail.com,Female,9925063786,India,1996-08-07
6867,Aarav,Kumar,aarav.kumar6867@gmail.com,Female,6741471638,Brazil,1999-05-27
6868,Rohan,Kapoor,rohan.kapoor6868@outlook.com,Male,6427078539,Canada,1975-11-07
6869,Karthik,Prasad,karthik.prasad6869@outlook.com,Male,6727073749,United States,1974-03-08
6870,Maya,Roy,maya.roy6870@gmail.com,Male,9267413242,France,1994-05-19
6871,Sara,Bhatia,sara.bhatia6871@mail.com,Female,8112629964,Brazil,2007-08-31
6872,Mohit,Mehta,mohit.mehta6872@example.com,Female,9318247915,UAE,2005-08-05
6873,Aarav,Joshi,aarav.joshi6873@yahoo.com,Female,9650702861,UAE,1970-07-16
6874,Nisha,Sharma,nisha.sharma6874@example.com,Male,8046298020,Australia,1979-12-02
6875,Ritu,Shah,ritu.shah6875@gmail.com,Female,6035047915,India,1983-07-13
6876,Tarun,Das,tarun.das6876@gmail.com,Female,9994370051,South Africa,2006-01-23
6877,Vivaan,Prasad,vivaan.prasad6877@mail.com,Female,9747801742,India,1985-04-12
6878,Maya,Naidu,maya.naidu6878@example.com,Male,8249869615,France,1971-01-09
6879,Kavya,Gupta,kavya.gupta6879@yahoo.com,Female,6242562989,Canada,1980-08-20
6880,Mohit,Nair,mohit.nair6880@gmail.com,Male,7877896856,United Kingdom,1985-01-18
6881,Sara,Das,sara.das6881@outlook.com,Male,6453530039,Australia,1969-01-24
6882,Vivaan,Malhotra,vivaan.malhotra6882@mail.com,Male,9261597143,France,1983-01-31
6883,Aanya,Iyer,aanya.iyer6883@gmail.com,Male,7504951243,Canada,1997-03-29
6884,Sara,Ghosh,sara.ghosh6884@gmail.com,Male,6212176785,UAE,1976-04-01
6885,Myra,Ghosh,myra.ghosh6885@gmail.com,Male,7178182654,United States,2006-07-31
6886,Kiran,Kapoor,kiran.kapoor6886@yahoo.com,Female,7003909815,India,2002-02-08
6887,Arjun,Ghosh,arjun.ghosh6887@yahoo.com,Female,8628835845,Brazil,1986-02-12
6888,Vivaan,Reddy,vivaan.reddy6888@example.com,Female,6520342491,South Africa,1988-03-04
6889,Aanya,Pillai,aanya.pillai6889@gmail.com,Male,8041342099,India,1976-06-21
6890,Karthik,Prasad,karthik.prasad6890@gmail.com,Male,6649118183,South Africa,1986-05-16
6891,Sneha,Trivedi,sneha.trivedi6891@example.com,Male,9095670454,Australia,2006-01-19
6892,Vihaan,Yadav,vihaan.yadav6892@yahoo.com,Female,7330543151,France,1999-09-27
6893,Ananya,Prasad,ananya.prasad6893@outlook.com,Female,6415169123,Brazil,2007-09-04
6894,Maya,Singh,maya.singh6894@yahoo.com,Female,9314071570,UAE,1988-06-13
6895,Pooja,Verma,pooja.verma6895@example.com,Female,8343832873,Germany,1986-12-14
6896,Reyansh,Bose,reyansh.bose6896@gmail.com,Male,6080805705,Canada,1975-04-18
6897,Aarav,Sharma,aarav.sharma6897@outlook.com,Female,7441524136,UAE,1969-02-27
6898,Arjun,Bhatt,arjun.bhatt6898@mail.com,Female,7897539407,United Kingdom,1989-07-27
6899,Reyansh,Trivedi,reyansh.trivedi6899@gmail.com,Female,8127663141,France,1996-06-01
6900,Sahil,Iyer,sahil.iyer6900@gmail.com,Female,6929573455,France,1968-06-23
6901,Myra,Gupta,myra.gupta6901@example.com,Male,6052723422,United States,1979-11-28
6902,Myra,Singh,myra.singh6902@example.com,Male,6381228951,Germany,1974-11-26
6903,Isha,Naidu,isha.naidu6903@example.com,Female,6127319769,Australia,1986-06-02
6904,Sahil,Khan,sahil.khan6904@yahoo.com,Male,7193010177,United Kingdom,2005-12-22
6905,Ananya,Pillai,ananya.pillai6905@mail.com,Female,8494770819,Canada,1993-01-20
6906,Sai,Gupta,sai.gupta6906@yahoo.com,Female,6979467393,South Africa,1991-03-29
6907,Anil,Trivedi,anil.trivedi6907@yahoo.com,Male,7955207163,South Africa,1968-10-01
6908,Aanya,Roy,aanya.roy6908@outlook.com,Male,7163618617,Canada,2007-04-30
6909,Vivaan,Kumar,vivaan.kumar6909@outlook.com,Male,7412365671,United States,1975-05-31
6910,Krishna,Singh,krishna.singh6910@mail.com,Male,6843774341,South Africa,2003-10-10
6911,Reyansh,Iyer,reyansh.iyer6911@gmail.com,Female,7498863534,India,2007-04-11
6912,Sara,Nair,sara.nair6912@mail.com,Female,7314700653,South Africa,1979-05-18
6913,Sai,Verma,sai.verma6913@example.com,Female,9552396797,United States,2001-04-21
6914,Aanya,Bhatia,aanya.bhatia6914@yahoo.com,Male,6864579262,United States,1991-04-04
6915,Vihaan,Singh,vihaan.singh6915@gmail.com,Female,8343216959,Brazil,1965-12-08
6916,Maya,Menon,maya.menon6916@mail.com,Male,9588530193,Brazil,1983-09-26
6917,Krishna,Bhatt,krishna.bhatt6917@outlook.com,Female,6463862001,United Kingdom,1993-11-28
6918,Isha,Prasad,isha.prasad6918@example.com,Female,6480440685,Australia,1994-05-10
6919,Reyansh,Khan,reyansh.khan6919@yahoo.com,Female,7301846525,India,1970-04-19
6920,Aditya,Yadav,aditya.yadav6920@gmail.com,Female,6784861144,UAE,1969-07-11
6921,Vivaan,Bhatia,vivaan.bhatia6921@mail.com,Male,9846165283,United States,1966-07-01
6922,Ananya,Joshi,ananya.joshi6922@yahoo.com,Male,8922520745,France,1974-02-27
6923,Diya,Joshi,diya.joshi6923@outlook.com,Female,6552134459,Brazil,1990-04-20
6924,Vihaan,Nair,vihaan.nair6924@example.com,Male,6757471064,South Africa,1992-03-21
6925,Tarun,Mehta,tarun.mehta6925@gmail.com,Male,9160137836,UAE,1978-11-18
6926,Sunita,Iyer,sunita.iyer6926@gmail.com,Female,9774547255,United Kingdom,2001-02-23
6927,Isha,Gupta,isha.gupta6927@gmail.com,Male,6319005342,France,1993-04-22
6928,Sai,Singh,sai.singh6928@yahoo.com,Male,9635824224,India,1967-08-23
6929,Sahil,Kapoor,sahil.kapoor6929@outlook.com,Female,6966226108,South Africa,2007-06-07
6930,Aditya,Bose,aditya.bose6930@example.com,Male,9673369872,Germany,1980-03-14
6931,Rohan,Singh,rohan.singh6931@yahoo.com,Female,8312343283,United States,1976-09-10
6932,Riya,Kapoor,riya.kapoor6932@example.com,Male,8038809361,Brazil,1992-04-23
6933,Isha,Mehta,isha.mehta6933@mail.com,Male,8217286801,United Kingdom,1993-07-05
6934,Ritu,Naidu,ritu.naidu6934@mail.com,Male,6663225050,Germany,1966-11-01
6935,Vihaan,Prasad,vihaan.prasad6935@outlook.com,Female,6529365804,UAE,1986-10-05
6936,Reyansh,Gupta,reyansh.gupta6936@outlook.com,Female,8775595398,United Kingdom,1990-04-28
6937,Aanya,Chauhan,aanya.chauhan6937@outlook.com,Male,6339367747,India,1972-09-15
6938,Sneha,Verma,sneha.verma6938@example.com,Male,8896007677,United Kingdom,1994-05-20
6939,Sahil,Naidu,sahil.naidu6939@yahoo.com,Female,7866430304,Germany,1969-12-10
6940,Arjun,Das,arjun.das6940@gmail.com,Male,7786944601,South Africa,1976-08-28
6941,Sai,Reddy,sai.reddy6941@mail.com,Female,6123465166,France,1967-08-03
6942,Sara,Bhatt,sara.bhatt6942@gmail.com,Male,8273493600,Brazil,1992-02-06
6943,Priya,Kashyap,priya.kashyap6943@gmail.com,Female,9455670904,UAE,1982-04-17
6944,Kiran,Kumar,kiran.kumar6944@mail.com,Male,9858306949,United States,1980-12-09
6945,Vihaan,Kumar,vihaan.kumar6945@example.com,Male,8542344038,South Africa,1987-04-15
6946,Diya,Sharma,diya.sharma6946@yahoo.com,Female,8687704562,Germany,1992-09-19
6947,Aditya,Yadav,aditya.yadav6947@example.com,Male,9113524837,France,1988-11-25
6948,Priya,Bhatt,priya.bhatt6948@gmail.com,Female,6563332164,United States,1981-06-14
6949,Kiran,Kumar,kiran.kumar6949@example.com,Male,6680175702,Germany,1996-09-15
6950,Ritu,Roy,ritu.roy6950@yahoo.com,Female,6323689221,UAE,1992-03-08
6951,Aarav,Nair,aarav.nair6951@yahoo.com,Female,8228138266,France,1993-08-17
6952,Diya,Mehta,diya.mehta6952@yahoo.com,Female,8874014602,India,1989-08-13
6953,Kiran,Trivedi,kiran.trivedi6953@mail.com,Male,9860189946,UAE,1983-04-09
6954,Nisha,Das,nisha.das6954@outlook.com,Female,9529992416,UAE,1987-01-20
6955,Sara,Malhotra,sara.malhotra6955@example.com,Male,6813249208,Australia,2005-07-25
6956,Riya,Pillai,riya.pillai6956@outlook.com,Female,7785777010,France,1977-01-21
6957,Ritu,Khan,ritu.khan6957@yahoo.com,Female,6058073717,Brazil,1999-11-26
6958,Vivaan,Gupta,vivaan.gupta6958@gmail.com,Female,8005387502,Germany,1995-09-06
6959,Sai,Shah,sai.shah6959@example.com,Male,9927043693,Australia,1986-07-29
6960,Maya,Iyer,maya.iyer6960@mail.com,Female,8620015412,United Kingdom,1999-12-02
6961,Nisha,Prasad,nisha.prasad6961@example.com,Female,8930642125,Germany,1996-08-04
6962,Maya,Verma,maya.verma6962@example.com,Female,7073711332,United States,2005-06-05
6963,Sai,Yadav,sai.yadav6963@gmail.com,Male,7148073731,Canada,1987-12-13
6964,Karthik,Yadav,karthik.yadav6964@outlook.com,Female,9623842364,United States,1968-10-09
6965,Isha,Pillai,isha.pillai6965@outlook.com,Female,9145121386,United States,2000-11-28
6966,Mohit,Ghosh,mohit.ghosh6966@mail.com,Male,7648849305,Australia,2002-05-18
6967,Aarav,Gupta,aarav.gupta6967@gmail.com,Female,9356352879,Canada,1966-02-09
6968,Diya,Verma,diya.verma6968@yahoo.com,Male,8052779877,UAE,1999-03-18
6969,Sahil,Sharma,sahil.sharma6969@yahoo.com,Female,6498161622,Australia,1984-08-27
6970,Pooja,Bhatt,pooja.bhatt6970@yahoo.com,Female,6414883664,UAE,1998-08-27
6971,Reyansh,Singh,reyansh.singh6971@example.com,Male,9909776066,India,1978-06-27
6972,Nisha,Agarwal,nisha.agarwal6972@gmail.com,Female,6214613801,Australia,1983-05-16
6973,Sai,Bose,sai.bose6973@example.com,Female,9537775755,Brazil,1976-02-07
6974,Krishna,Prasad,krishna.prasad6974@gmail.com,Female,6800152536,Australia,1994-06-21
6975,Aditya,Bhatt,aditya.bhatt6975@outlook.com,Male,7926451760,UAE,1992-08-19
6976,Myra,Reddy,myra.reddy6976@yahoo.com,Female,9615356613,Canada,1966-04-08
6977,Myra,Kashyap,myra.kashyap6977@gmail.com,Female,9416345541,UAE,1990-07-27
6978,Aditya,Chauhan,aditya.chauhan6978@outlook.com,Female,9344152030,South Africa,1982-01-26
6979,Vihaan,Trivedi,vihaan.trivedi6979@example.com,Male,6125167093,Germany,1976-09-09
6980,Sunita,Chauhan,sunita.chauhan6980@mail.com,Male,8592699209,France,1972-01-03
6981,Krishna,Patel,krishna.patel6981@mail.com,Female,9086960383,India,1995-09-15
6982,Sahil,Roy,sahil.roy6982@gmail.com,Male,9242663163,Germany,1977-05-21
6983,Anil,Malhotra,anil.malhotra6983@gmail.com,Male,9515315564,France,1999-07-01
6984,Rohan,Mehta,rohan.mehta6984@outlook.com,Female,6165646105,United States,2006-11-06
6985,Kavya,Agarwal,kavya.agarwal6985@gmail.com,Male,9086737686,Brazil,1983-03-19
6986,Sahil,Nair,sahil.nair6986@gmail.com,Male,7886771322,South Africa,1994-08-12
6987,Kiran,Prasad,kiran.prasad6987@mail.com,Female,7113170674,Canada,1992-02-22
6988,Myra,Malhotra,myra.malhotra6988@outlook.com,Male,7202213849,India,1995-11-09
6989,Vihaan,Pillai,vihaan.pillai6989@example.com,Female,8047649895,Australia,1998-03-19
6990,Maya,Das,maya.das6990@example.com,Male,8653958126,Australia,1986-04-19
6991,Arjun,Gupta,arjun.gupta6991@outlook.com,Male,9479926733,Germany,2000-12-01
6992,Sunita,Trivedi,sunita.trivedi6992@gmail.com,Male,7997449480,South Africa,1982-03-19
6993,Aanya,Chauhan,aanya.chauhan6993@yahoo.com,Male,9909424618,United States,1973-02-08
6994,Aanya,Roy,aanya.roy6994@gmail.com,Male,7976676674,South Africa,1995-12-19
6995,Anil,Shah,anil.shah6995@outlook.com,Male,6549688103,Australia,1968-02-08
6996,Aditya,Roy,aditya.roy6996@yahoo.com,Female,6113904363,Canada,1998-07-01
6997,Nisha,Roy,nisha.roy6997@gmail.com,Male,6612162237,United States,1981-04-16
6998,Reyansh,Menon,reyansh.menon6998@gmail.com,Male,6756682817,South Africa,1989-02-12
6999,Sunita,Gupta,sunita.gupta6999@yahoo.com,Male,7396502583,United States,1966-12-16
7000,Sunita,Bhatia,sunita.bhatia7000@outlook.com,Male,6642246931,Canada,1979-08-23
7001,Ritu,Malhotra,ritu.malhotra7001@mail.com,Male,8555921176,Australia,1997-11-12
7002,Sahil,Nair,sahil.nair7002@outlook.com,Female,6019295935,India,2001-03-20
7003,Karthik,Khan,karthik.khan7003@gmail.com,Male,9912309369,South Africa,1991-10-27
7004,Diya,Bhatt,diya.bhatt7004@gmail.com,Male,8621293657,Australia,1980-05-19
7005,Myra,Malhotra,myra.malhotra7005@example.com,Male,7163974134,UAE,1976-08-08
7006,Riya,Shah,riya.shah7006@yahoo.com,Male,8143754342,Canada,1970-09-01
7007,Sara,Kapoor,sara.kapoor7007@yahoo.com,Male,9839981947,India,1992-01-27
7008,Aditya,Reddy,aditya.reddy7008@mail.com,Male,9715481325,Brazil,1966-06-08
7009,Nisha,Singh,nisha.singh7009@gmail.com,Male,9571574682,United States,1968-08-09
7010,Pooja,Joshi,pooja.joshi7010@mail.com,Male,9703257753,South Africa,1981-03-23
7011,Aarav,Nair,aarav.nair7011@example.com,Female,6978233004,Germany,1968-01-03
7012,Sunita,Sharma,sunita.sharma7012@example.com,Female,8662562733,Germany,2006-02-22
7013,Reyansh,Mehta,reyansh.mehta7013@outlook.com,Female,7637883751,South Africa,2000-07-26
7014,Kiran,Trivedi,kiran.trivedi7014@yahoo.com,Female,7155590859,India,1969-10-03
7015,Nisha,Malhotra,nisha.malhotra7015@mail.com,Male,8618671422,Brazil,1990-08-06
7016,Reyansh,Iyer,reyansh.iyer7016@example.com,Male,8671634918,Germany,2000-04-17
7017,Priya,Sharma,priya.sharma7017@gmail.com,Female,8515054095,India,1999-06-27
7018,Sai,Shah,sai.shah7018@mail.com,Male,6616914191,United Kingdom,2001-03-10
7019,Ritu,Reddy,ritu.reddy7019@outlook.com,Female,9013701226,Australia,1978-12-26
7020,Aditya,Nair,aditya.nair7020@example.com,Male,6155914896,France,1972-05-03
7021,Aarav,Trivedi,aarav.trivedi7021@yahoo.com,Male,7324062006,United Kingdom,1984-07-14
7022,Sneha,Menon,sneha.menon7022@gmail.com,Female,7796426159,Canada,1991-10-28
7023,Nisha,Sharma,nisha.sharma7023@outlook.com,Female,6922715913,Brazil,1968-08-14
7024,Kavya,Sharma,kavya.sharma7024@yahoo.com,Male,8805089360,Canada,1986-09-21
7025,Ritu,Trivedi,ritu.trivedi7025@gmail.com,Female,9774207877,Brazil,2005-09-25
7026,Maya,Mehta,maya.mehta7026@gmail.com,Male,6450540451,United Kingdom,2000-01-21
7027,Sahil,Ghosh,sahil.ghosh7027@mail.com,Female,9115514257,Brazil,1991-07-23
7028,Arjun,Naidu,arjun.naidu7028@mail.com,Female,7334177446,Germany,1997-11-18
7029,Krishna,Verma,krishna.verma7029@gmail.com,Male,8891320570,United States,1985-06-19
7030,Myra,Kapoor,myra.kapoor7030@example.com,Female,6400208727,Germany,2007-07-14
7031,Aditya,Reddy,aditya.reddy7031@yahoo.com,Female,6950140527,United Kingdom,1996-07-21
7032,Mohit,Kapoor,mohit.kapoor7032@gmail.com,Female,7128933844,India,1967-03-12
7033,Vivaan,Roy,vivaan.roy7033@yahoo.com,Male,9130000972,India,1994-01-21
7034,Rohan,Verma,rohan.verma7034@yahoo.com,Male,6979407027,United Kingdom,1969-04-18
7035,Arjun,Nair,arjun.nair7035@example.com,Female,7267752257,Canada,1987-07-23
7036,Sneha,Kumar,sneha.kumar7036@gmail.com,Female,7610578973,UAE,1999-03-27
7037,Kavya,Kumar,kavya.kumar7037@gmail.com,Female,6282023099,Germany,1990-03-01
7038,Diya,Prasad,diya.prasad7038@outlook.com,Male,7251099544,Australia,1996-09-08
7039,Diya,Mehta,diya.mehta7039@yahoo.com,Female,9907079078,France,1971-08-24
7040,Maya,Ghosh,maya.ghosh7040@gmail.com,Female,8857093548,Australia,1996-09-23
7041,Nisha,Iyer,nisha.iyer7041@example.com,Male,8019461920,France,1989-12-10
7042,Maya,Verma,maya.verma7042@example.com,Female,6150664937,Australia,1969-01-04
7043,Sara,Bose,sara.bose7043@example.com,Male,9404937851,Brazil,1981-06-01
7044,Tarun,Sharma,tarun.sharma7044@outlook.com,Female,7849876731,United States,1979-01-24
7045,Ananya,Pillai,ananya.pillai7045@gmail.com,Male,6950868747,United Kingdom,1996-10-27
7046,Kavya,Chauhan,kavya.chauhan7046@example.com,Male,8565870827,UAE,1995-10-15
7047,Diya,Malhotra,diya.malhotra7047@example.com,Male,6805088368,India,1999-02-08
7048,Maya,Trivedi,maya.trivedi7048@outlook.com,Female,7706249535,United States,1972-07-31
7049,Riya,Chauhan,riya.chauhan7049@yahoo.com,Male,8970321655,Germany,1982-05-11
7050,Sara,Ghosh,sara.ghosh7050@mail.com,Female,6333885744,Germany,1998-01-15
7051,Aditya,Das,aditya.das7051@outlook.com,Female,6007163510,UAE,1997-08-30
7052,Aarav,Gupta,aarav.gupta7052@outlook.com,Male,9212008612,United Kingdom,1979-01-01
7053,Reyansh,Patel,reyansh.patel7053@outlook.com,Male,6512614090,France,1972-08-11
7054,Sunita,Ghosh,sunita.ghosh7054@gmail.com,Male,6205352837,Australia,2003-07-15
7055,Myra,Das,myra.das7055@example.com,Female,8650155967,UAE,2000-12-19
7056,Sneha,Prasad,sneha.prasad7056@outlook.com,Female,9964830957,France,1971-12-24
7057,Aarav,Yadav,aarav.yadav7057@yahoo.com,Female,6980222681,Australia,1979-03-28
7058,Vivaan,Shah,vivaan.shah7058@outlook.com,Male,8896789400,Brazil,2005-03-07
7059,Riya,Kapoor,riya.kapoor7059@yahoo.com,Male,7709287902,South Africa,1970-01-10
7060,Ritu,Trivedi,ritu.trivedi7060@gmail.com,Female,7352439003,Canada,1971-07-23
7061,Pooja,Kashyap,pooja.kashyap7061@outlook.com,Female,7045783861,United Kingdom,1999-01-21
7062,Maya,Bhatt,maya.bhatt7062@gmail.com,Female,6362135786,France,1981-09-10
7063,Kiran,Prasad,kiran.prasad7063@example.com,Male,9925051355,Canada,1968-04-04
7064,Anil,Ghosh,anil.ghosh7064@mail.com,Male,7601066419,Canada,1968-06-04
7065,Myra,Patel,myra.patel7065@example.com,Male,9999168581,France,1991-11-13
7066,Aanya,Roy,aanya.roy7066@gmail.com,Male,8696329601,Canada,2003-09-13
7067,Reyansh,Das,reyansh.das7067@example.com,Male,7750108524,United States,1970-03-31
7068,Rohan,Patel,rohan.patel7068@mail.com,Female,9389870215,India,2004-11-20
7069,Riya,Naidu,riya.naidu7069@outlook.com,Male,6054017900,United Kingdom,1996-02-18
7070,Sahil,Nair,sahil.nair7070@gmail.com,Female,8666501812,India,2002-03-16
7071,Kiran,Sharma,kiran.sharma7071@example.com,Male,8194404846,Germany,1996-05-23
7072,Ananya,Iyer,ananya.iyer7072@mail.com,Male,9332314915,Germany,1968-12-07
7073,Sunita,Bhatia,sunita.bhatia7073@example.com,Female,6911209481,France,1981-07-02
7074,Krishna,Kashyap,krishna.kashyap7074@mail.com,Male,7327852228,Germany,1978-03-04
7075,Vihaan,Patel,vihaan.patel7075@mail.com,Female,6671487546,United Kingdom,1996-04-28
7076,Sunita,Yadav,sunita.yadav7076@mail.com,Female,6371549974,Canada,1992-05-25
7077,Reyansh,Agarwal,reyansh.agarwal7077@mail.com,Male,7935821813,South Africa,2003-10-01
7078,Kiran,Kashyap,kiran.kashyap7078@gmail.com,Male,7941445663,UAE,1984-02-20
7079,Pooja,Kashyap,pooja.kashyap7079@outlook.com,Female,7780071360,India,1971-11-16
7080,Aditya,Gupta,aditya.gupta7080@yahoo.com,Female,7210625054,UAE,1986-01-08
7081,Sunita,Shah,sunita.shah7081@example.com,Female,8046718685,United States,1988-10-18
7082,Tarun,Kashyap,tarun.kashyap7082@gmail.com,Female,8096898680,Australia,1989-04-28
7083,Anil,Chauhan,anil.chauhan7083@gmail.com,Male,9704885486,Germany,1978-12-29
7084,Sara,Yadav,sara.yadav7084@mail.com,Female,6007966543,Brazil,1990-03-31
7085,Kavya,Malhotra,kavya.malhotra7085@outlook.com,Male,7952044248,United Kingdom,1969-02-02
7086,Tarun,Nair,tarun.nair7086@yahoo.com,Female,7853197608,India,1977-02-24
7087,Pooja,Malhotra,pooja.malhotra7087@outlook.com,Female,8178836113,France,2006-09-30
7088,Kavya,Yadav,kavya.yadav7088@mail.com,Female,8444609699,United States,1971-08-24
7089,Rohan,Bhatt,rohan.bhatt7089@mail.com,Male,8882445844,Australia,1989-03-25
7090,Diya,Das,diya.das7090@gmail.com,Male,9318934164,Brazil,1979-12-23
7091,Vihaan,Bhatt,vihaan.bhatt7091@example.com,Female,8151861492,South Africa,1974-03-15
7092,Aanya,Malhotra,aanya.malhotra7092@mail.com,Female,9486047467,United Kingdom,1980-07-05
7093,Nisha,Yadav,nisha.yadav7093@yahoo.com,Female,9324728399,Germany,1992-11-13
7094,Sara,Yadav,sara.yadav7094@mail.com,Male,6579278678,Brazil,1997-07-13
7095,Sneha,Kapoor,sneha.kapoor7095@example.com,Female,8494696285,South Africa,1980-07-04
7096,Aanya,Prasad,aanya.prasad7096@example.com,Male,8398863546,Canada,1969-01-29
7097,Sai,Iyer,sai.iyer7097@gmail.com,Male,8110873152,South Africa,1979-07-07
7098,Rohan,Bhatia,rohan.bhatia7098@yahoo.com,Female,6383336660,United Kingdom,2005-07-24
7099,Reyansh,Kapoor,reyansh.kapoor7099@yahoo.com,Male,6718192721,Germany,1990-06-30
7100,Myra,Prasad,myra.prasad7100@example.com,Female,6178606723,France,1989-01-31
7101,Mohit,Yadav,mohit.yadav7101@mail.com,Female,6759291270,Canada,1973-05-21
7102,Ritu,Pillai,ritu.pillai7102@example.com,Male,7164332612,Australia,1995-11-06
7103,Maya,Verma,maya.verma7103@example.com,Female,7992363528,United Kingdom,2005-10-30
7104,Anil,Roy,anil.roy7104@example.com,Male,8362488088,UAE,1996-08-05
7105,Ananya,Kapoor,ananya.kapoor7105@mail.com,Female,7191424575,France,2005-04-14
7106,Karthik,Malhotra,karthik.malhotra7106@yahoo.com,Male,8096830824,UAE,1985-12-06
7107,Arjun,Menon,arjun.menon7107@gmail.com,Male,7535572403,Germany,1973-02-15
7108,Priya,Prasad,priya.prasad7108@mail.com,Female,7049216123,France,1967-07-27
7109,Nisha,Joshi,nisha.joshi7109@example.com,Female,8313721692,Germany,1985-06-26
7110,Sara,Verma,sara.verma7110@outlook.com,Female,6566274692,UAE,2003-05-07
7111,Ritu,Menon,ritu.menon7111@outlook.com,Female,7450498356,United States,1972-01-13
7112,Reyansh,Ghosh,reyansh.ghosh7112@yahoo.com,Female,9723879995,United Kingdom,1967-10-25
7113,Vivaan,Bhatt,vivaan.bhatt7113@example.com,Female,6015645856,Brazil,1965-10-30
7114,Sai,Ghosh,sai.ghosh7114@outlook.com,Female,6997963712,France,2003-08-10
7115,Karthik,Bhatia,karthik.bhatia7115@example.com,Female,7090875526,United Kingdom,1980-05-13
7116,Isha,Iyer,isha.iyer7116@yahoo.com,Male,8017750093,Brazil,1988-06-12
7117,Myra,Verma,myra.verma7117@example.com,Male,8283070755,United States,2003-12-12
7118,Riya,Reddy,riya.reddy7118@gmail.com,Male,6673857224,United States,1979-07-19
7119,Aanya,Das,aanya.das7119@example.com,Male,8426340789,India,1993-02-22
7120,Mohit,Kashyap,mohit.kashyap7120@example.com,Female,6023489690,Brazil,1971-09-25
7121,Riya,Kapoor,riya.kapoor7121@outlook.com,Male,9079149864,Australia,1999-06-07
7122,Myra,Reddy,myra.reddy7122@outlook.com,Female,7031290265,Germany,1976-05-21
7123,Aditya,Prasad,aditya.prasad7123@outlook.com,Male,8624093706,South Africa,1970-06-23
7124,Reyansh,Khan,reyansh.khan7124@gmail.com,Female,8359882261,Canada,1995-03-20
7125,Rohan,Gupta,rohan.gupta7125@example.com,Male,6179284166,Canada,1995-07-24
7126,Myra,Joshi,myra.joshi7126@mail.com,Female,9056544925,UAE,1986-06-29
7127,Isha,Kumar,isha.kumar7127@yahoo.com,Male,7456227031,France,2000-01-27
7128,Sara,Mehta,sara.mehta7128@outlook.com,Male,8917611764,UAE,1998-07-09
7129,Ritu,Menon,ritu.menon7129@yahoo.com,Female,9003248712,Canada,1969-02-27
7130,Pooja,Shah,pooja.shah7130@outlook.com,Female,9971779429,India,1967-03-05
7131,Sahil,Trivedi,sahil.trivedi7131@mail.com,Male,6605563335,Australia,1998-01-07
7132,Anil,Iyer,anil.iyer7132@example.com,Male,9418014864,Canada,1986-05-01
7133,Sara,Sharma,sara.sharma7133@example.com,Male,6815851489,South Africa,1974-12-13
7134,Maya,Prasad,maya.prasad7134@gmail.com,Female,8699430015,UAE,2003-04-08
7135,Isha,Khan,isha.khan7135@mail.com,Male,6007687628,Germany,1970-07-17
7136,Maya,Ghosh,maya.ghosh7136@outlook.com,Female,6124331423,Canada,1972-01-08
7137,Isha,Agarwal,isha.agarwal7137@outlook.com,Male,6541168708,India,1995-12-01
7138,Ananya,Pillai,ananya.pillai7138@mail.com,Female,9760788673,Germany,2003-09-09
7139,Nisha,Trivedi,nisha.trivedi7139@mail.com,Male,8911931190,South Africa,1970-07-25
7140,Diya,Naidu,diya.naidu7140@example.com,Female,7781526044,Brazil,1996-01-09
7141,Pooja,Bose,pooja.bose7141@gmail.com,Male,6710908094,France,1981-03-21
7142,Tarun,Chauhan,tarun.chauhan7142@yahoo.com,Male,9255298158,United States,2003-01-14
7143,Sara,Trivedi,sara.trivedi7143@example.com,Male,6987758482,United Kingdom,1993-02-02
7144,Karthik,Ghosh,karthik.ghosh7144@gmail.com,Male,8307250188,Australia,2002-09-10
7145,Sai,Naidu,sai.naidu7145@outlook.com,Female,6277313094,UAE,1998-01-31
7146,Kavya,Ghosh,kavya.ghosh7146@yahoo.com,Female,8105973603,South Africa,1985-06-21
7147,Riya,Kumar,riya.kumar7147@example.com,Male,6144741435,South Africa,2000-04-21
7148,Vihaan,Reddy,vihaan.reddy7148@outlook.com,Male,7782671039,Australia,1988-02-03
7149,Kiran,Patel,kiran.patel7149@gmail.com,Male,7295189181,South Africa,1984-11-23
7150,Isha,Pillai,isha.pillai7150@example.com,Male,9624570730,Canada,2004-07-21
7151,Myra,Agarwal,myra.agarwal7151@mail.com,Male,6441936275,Canada,2001-05-18
7152,Ritu,Joshi,ritu.joshi7152@example.com,Female,7335628020,Australia,1977-12-25
7153,Anil,Agarwal,anil.agarwal7153@example.com,Male,9042943903,Brazil,1983-02-04
7154,Sai,Naidu,sai.naidu7154@outlook.com,Male,7858269769,South Africa,1991-06-13
7155,Sneha,Bhatia,sneha.bhatia7155@mail.com,Male,9181428354,France,1983-05-16
7156,Ananya,Prasad,ananya.prasad7156@yahoo.com,Male,9166348407,South Africa,1969-07-30
7157,Reyansh,Patel,reyansh.patel7157@example.com,Female,7016536315,United Kingdom,1984-07-22
7158,Aarav,Malhotra,aarav.malhotra7158@gmail.com,Male,9513066031,India,1969-09-18
7159,Pooja,Singh,pooja.singh7159@outlook.com,Female,8865366180,Brazil,1999-10-22
7160,Sahil,Naidu,sahil.naidu7160@mail.com,Female,9557167355,Australia,1980-08-20
7161,Arjun,Trivedi,arjun.trivedi7161@example.com,Female,7040856162,Brazil,2005-08-29
7162,Kiran,Joshi,kiran.joshi7162@outlook.com,Male,6354260222,United States,1986-09-12
7163,Reyansh,Bhatt,reyansh.bhatt7163@outlook.com,Female,8532136401,Australia,1967-12-26
7164,Kavya,Malhotra,kavya.malhotra7164@outlook.com,Female,9735655636,Brazil,1986-11-02
7165,Ananya,Pillai,ananya.pillai7165@gmail.com,Female,8522415917,South Africa,1987-12-18
7166,Kavya,Khan,kavya.khan7166@outlook.com,Male,6898867036,Australia,1983-06-26
7167,Sara,Malhotra,sara.malhotra7167@mail.com,Male,6696850131,Germany,2002-09-16
7168,Myra,Reddy,myra.reddy7168@outlook.com,Male,8996122022,UAE,2007-06-26
7169,Sunita,Kumar,sunita.kumar7169@example.com,Female,7658817436,Canada,1979-11-12
7170,Pooja,Agarwal,pooja.agarwal7170@gmail.com,Male,9609971070,United States,1992-10-20
7171,Myra,Kashyap,myra.kashyap7171@yahoo.com,Female,7600418127,France,1973-06-12
7172,Sahil,Ghosh,sahil.ghosh7172@mail.com,Female,6375588397,Canada,1996-09-22
7173,Vihaan,Nair,vihaan.nair7173@example.com,Female,7311738043,France,1997-01-09
7174,Reyansh,Bhatt,reyansh.bhatt7174@example.com,Male,9704679702,Canada,1985-12-21
7175,Sahil,Kumar,sahil.kumar7175@example.com,Male,8507252066,India,1995-10-17
7176,Ananya,Mehta,ananya.mehta7176@mail.com,Female,8554691096,Canada,2005-08-10
7177,Isha,Bhatia,isha.bhatia7177@example.com,Female,7191505845,France,1972-06-21
7178,Aarav,Das,aarav.das7178@example.com,Male,8644118472,France,1984-04-18
7179,Tarun,Singh,tarun.singh7179@yahoo.com,Female,7932591706,Germany,1988-03-28
7180,Ananya,Mehta,ananya.mehta7180@yahoo.com,Female,8566273118,South Africa,1966-07-25
7181,Vihaan,Verma,vihaan.verma7181@mail.com,Male,9916174726,Australia,1988-02-04
7182,Nisha,Chauhan,nisha.chauhan7182@example.com,Female,9955100651,UAE,1972-02-23
7183,Sara,Gupta,sara.gupta7183@yahoo.com,Female,8083699113,Germany,1985-07-24
7184,Maya,Bhatt,maya.bhatt7184@example.com,Male,6642383681,United States,1985-01-17
7185,Diya,Iyer,diya.iyer7185@mail.com,Male,6253471371,Germany,1979-12-14
7186,Rohan,Joshi,rohan.joshi7186@example.com,Female,7271895386,United States,1975-03-27
7187,Sahil,Khan,sahil.khan7187@example.com,Female,9602604800,India,1981-12-14
7188,Sara,Bose,sara.bose7188@mail.com,Female,6356762805,United States,1994-12-06
7189,Diya,Kapoor,diya.kapoor7189@yahoo.com,Female,6201537934,Canada,1984-07-11
7190,Riya,Shah,riya.shah7190@example.com,Female,9194541924,UAE,1987-10-19
7191,Krishna,Reddy,krishna.reddy7191@yahoo.com,Male,9361391933,United States,2007-07-10
7192,Aditya,Gupta,aditya.gupta7192@yahoo.com,Female,6658263442,United States,2005-04-01
7193,Aarav,Kashyap,aarav.kashyap7193@outlook.com,Male,6266276368,Brazil,1975-09-09
7194,Sara,Agarwal,sara.agarwal7194@outlook.com,Male,7562696113,United Kingdom,2002-10-31
7195,Kavya,Bhatt,kavya.bhatt7195@mail.com,Female,6352461112,Canada,1993-09-26
7196,Ananya,Naidu,ananya.naidu7196@gmail.com,Male,9499817617,United States,1986-06-11
7197,Isha,Bhatt,isha.bhatt7197@mail.com,Female,9866383644,France,1987-12-17
7198,Riya,Patel,riya.patel7198@mail.com,Male,8098479107,UAE,1988-09-27
7199,Sneha,Trivedi,sneha.trivedi7199@outlook.com,Male,8684265417,United Kingdom,1989-07-17
7200,Reyansh,Agarwal,reyansh.agarwal7200@gmail.com,Male,7259433378,Australia,1989-08-27
7201,Rohan,Joshi,rohan.joshi7201@example.com,Male,6548292266,South Africa,1987-11-01
7202,Vivaan,Malhotra,vivaan.malhotra7202@mail.com,Female,8965449267,Germany,2004-11-20
7203,Aanya,Trivedi,aanya.trivedi7203@outlook.com,Female,8002580231,United States,1992-05-09
7204,Ritu,Trivedi,ritu.trivedi7204@gmail.com,Male,7224693429,India,1985-04-06
7205,Sara,Gupta,sara.gupta7205@outlook.com,Male,8221580389,UAE,1979-05-11
7206,Karthik,Chauhan,karthik.chauhan7206@mail.com,Female,7567523945,UAE,1974-09-23
7207,Aanya,Patel,aanya.patel7207@example.com,Female,6674165775,United States,1983-04-14
7208,Myra,Agarwal,myra.agarwal7208@mail.com,Female,6064018723,India,1989-09-25
7209,Kiran,Joshi,kiran.joshi7209@mail.com,Male,8948527433,India,1972-10-26
7210,Sunita,Mehta,sunita.mehta7210@mail.com,Male,8997314571,Brazil,2004-01-15
7211,Sara,Naidu,sara.naidu7211@mail.com,Male,7864597318,Brazil,1989-05-11
7212,Aditya,Kumar,aditya.kumar7212@yahoo.com,Female,7776294553,Canada,1996-07-27
7213,Mohit,Joshi,mohit.joshi7213@mail.com,Male,7655370425,United States,2007-06-17
7214,Maya,Prasad,maya.prasad7214@yahoo.com,Female,8993154295,South Africa,1981-10-10
7215,Riya,Kumar,riya.kumar7215@gmail.com,Female,6929941726,Brazil,2007-09-26
7216,Diya,Yadav,diya.yadav7216@mail.com,Male,9380409415,Canada,1973-05-07
7217,Tarun,Bhatia,tarun.bhatia7217@mail.com,Male,9288946838,South Africa,2001-11-15
7218,Myra,Singh,myra.singh7218@outlook.com,Male,6602598910,United States,1999-08-17
7219,Sara,Joshi,sara.joshi7219@outlook.com,Male,8240240603,Germany,1972-05-02
7220,Maya,Khan,maya.khan7220@gmail.com,Female,9326005673,South Africa,1969-05-31
7221,Rohan,Pillai,rohan.pillai7221@mail.com,Female,9451109869,UAE,1977-09-02
7222,Anil,Yadav,anil.yadav7222@mail.com,Male,6725666038,United States,1968-03-27
7223,Isha,Patel,isha.patel7223@outlook.com,Female,7308938423,United States,1992-01-03
7224,Sunita,Trivedi,sunita.trivedi7224@gmail.com,Female,8339117411,France,1971-01-19
7225,Sahil,Verma,sahil.verma7225@outlook.com,Male,9789457383,India,1972-09-21
7226,Vivaan,Joshi,vivaan.joshi7226@example.com,Male,8936481010,Australia,1972-07-01
7227,Vihaan,Kashyap,vihaan.kashyap7227@example.com,Male,6340888919,Germany,1981-02-08
7228,Tarun,Malhotra,tarun.malhotra7228@gmail.com,Female,8739634172,United States,1990-01-26
7229,Vihaan,Prasad,vihaan.prasad7229@outlook.com,Male,8900923431,United States,1973-04-16
7230,Reyansh,Khan,reyansh.khan7230@gmail.com,Male,7589422492,India,1974-08-24
7231,Maya,Kapoor,maya.kapoor7231@gmail.com,Female,7197351982,United States,1985-03-11
7232,Nisha,Bhatia,nisha.bhatia7232@yahoo.com,Female,8968351772,South Africa,1972-12-05
7233,Sunita,Kapoor,sunita.kapoor7233@yahoo.com,Male,7253958180,South Africa,1983-05-16
7234,Kiran,Reddy,kiran.reddy7234@yahoo.com,Male,9811656487,France,1984-02-14
7235,Sunita,Mehta,sunita.mehta7235@example.com,Female,7224374946,United States,1970-10-04
7236,Kavya,Ghosh,kavya.ghosh7236@gmail.com,Male,9104111132,Brazil,1986-03-07
7237,Reyansh,Reddy,reyansh.reddy7237@outlook.com,Female,6295854468,India,1998-03-07
7238,Aditya,Yadav,aditya.yadav7238@gmail.com,Male,8527976589,India,1997-01-27
7239,Ritu,Singh,ritu.singh7239@mail.com,Female,6962494589,Brazil,1984-09-30
7240,Isha,Bhatt,isha.bhatt7240@yahoo.com,Female,8910777066,Canada,1974-08-13
7241,Tarun,Das,tarun.das7241@yahoo.com,Female,7772866367,Canada,2006-11-10
7242,Sahil,Gupta,sahil.gupta7242@mail.com,Female,8251480920,Brazil,1970-05-26
7243,Sahil,Iyer,sahil.iyer7243@gmail.com,Male,6087539279,UAE,1968-04-12
7244,Riya,Verma,riya.verma7244@yahoo.com,Male,6674229795,Germany,2005-12-03
7245,Myra,Joshi,myra.joshi7245@gmail.com,Female,9788199795,Australia,1971-02-03
7246,Sara,Bose,sara.bose7246@yahoo.com,Female,9788008027,South Africa,1996-09-30
7247,Ananya,Bhatia,ananya.bhatia7247@yahoo.com,Male,7705582899,UAE,1978-03-27
7248,Tarun,Mehta,tarun.mehta7248@yahoo.com,Male,7257944012,UAE,1997-12-11
7249,Anil,Verma,anil.verma7249@mail.com,Female,6413613981,Australia,1988-02-12
7250,Anil,Das,anil.das7250@mail.com,Female,6765176036,Canada,1976-05-11
7251,Kavya,Sharma,kavya.sharma7251@outlook.com,Female,8106128752,United Kingdom,1970-05-15
7252,Kiran,Chauhan,kiran.chauhan7252@yahoo.com,Male,7883609733,Australia,1972-07-29
7253,Myra,Shah,myra.shah7253@yahoo.com,Male,8779594046,United States,1966-06-06
7254,Mohit,Gupta,mohit.gupta7254@outlook.com,Female,8274541733,India,2003-09-22
7255,Diya,Bose,diya.bose7255@example.com,Male,8677587316,India,1993-11-16
7256,Isha,Chauhan,isha.chauhan7256@gmail.com,Female,7763395189,India,2005-02-12
7257,Anil,Joshi,anil.joshi7257@example.com,Male,7609244789,France,2004-04-28
7258,Rohan,Singh,rohan.singh7258@outlook.com,Female,9446205830,Brazil,1988-12-26
7259,Reyansh,Iyer,reyansh.iyer7259@outlook.com,Male,7000144824,Brazil,1976-07-14
7260,Reyansh,Shah,reyansh.shah7260@outlook.com,Male,8405174812,France,1992-04-12
7261,Priya,Malhotra,priya.malhotra7261@mail.com,Male,8735787358,UAE,1998-06-20
7262,Sneha,Nair,sneha.nair7262@mail.com,Male,9596175205,Canada,2002-02-27
7263,Ritu,Verma,ritu.verma7263@yahoo.com,Female,7600447463,Canada,2006-08-09
7264,Sneha,Bose,sneha.bose7264@gmail.com,Female,9649484617,UAE,1999-07-30
7265,Nisha,Mehta,nisha.mehta7265@example.com,Male,7000930667,Germany,1994-01-11
7266,Mohit,Gupta,mohit.gupta7266@mail.com,Male,9281067328,UAE,1986-02-20
7267,Rohan,Shah,rohan.shah7267@mail.com,Male,7594349036,Brazil,1997-09-02
7268,Myra,Sharma,myra.sharma7268@gmail.com,Female,9003705787,Australia,2002-02-16
7269,Krishna,Malhotra,krishna.malhotra7269@outlook.com,Female,9698605037,United Kingdom,1969-09-27
7270,Rohan,Prasad,rohan.prasad7270@yahoo.com,Female,8724409143,United Kingdom,1983-08-20
7271,Kavya,Patel,kavya.patel7271@example.com,Female,7777920918,Brazil,1992-06-25
7272,Aditya,Gupta,aditya.gupta7272@mail.com,Female,6376923624,Australia,2002-06-10
7273,Aanya,Kapoor,aanya.kapoor7273@gmail.com,Female,8233842663,UAE,1972-03-17
7274,Vihaan,Kashyap,vihaan.kashyap7274@gmail.com,Female,9468225278,India,1999-02-19
7275,Kavya,Pillai,kavya.pillai7275@gmail.com,Female,6999678949,Canada,1988-03-05
7276,Kavya,Bhatt,kavya.bhatt7276@outlook.com,Male,6399044648,United Kingdom,1973-08-15
7277,Sahil,Das,sahil.das7277@example.com,Female,9981275085,South Africa,1997-04-26
7278,Riya,Patel,riya.patel7278@outlook.com,Female,8830632157,Canada,1984-11-10
7279,Krishna,Menon,krishna.menon7279@yahoo.com,Female,6970306090,India,1974-08-16
7280,Isha,Bose,isha.bose7280@yahoo.com,Male,8937527707,France,2007-04-11
7281,Myra,Ghosh,myra.ghosh7281@example.com,Female,9822984094,France,1971-06-06
7282,Ananya,Sharma,ananya.sharma7282@gmail.com,Female,9767151413,United Kingdom,2005-12-05
7283,Anil,Chauhan,anil.chauhan7283@yahoo.com,Female,9929342247,Germany,1967-11-24
7284,Pooja,Prasad,pooja.prasad7284@outlook.com,Male,9018457441,India,1968-02-26
7285,Kiran,Mehta,kiran.mehta7285@yahoo.com,Male,6026052635,United Kingdom,2004-08-23
7286,Vihaan,Singh,vihaan.singh7286@yahoo.com,Female,6714506883,India,1976-07-11
7287,Riya,Verma,riya.verma7287@mail.com,Male,7994274767,Brazil,1976-10-10
7288,Rohan,Agarwal,rohan.agarwal7288@mail.com,Male,9039573234,South Africa,1999-11-16
7289,Ananya,Chauhan,ananya.chauhan7289@outlook.com,Male,7204037962,United States,1989-07-04
7290,Isha,Nair,isha.nair7290@mail.com,Female,7956437463,South Africa,1974-07-08
7291,Diya,Malhotra,diya.malhotra7291@yahoo.com,Female,8308207091,United States,1985-05-29
7292,Aditya,Naidu,aditya.naidu7292@outlook.com,Female,9891154785,Germany,1995-10-18
7293,Vivaan,Gupta,vivaan.gupta7293@outlook.com,Male,7790254040,United Kingdom,1995-04-05
7294,Sara,Bose,sara.bose7294@yahoo.com,Female,8368276921,UAE,1966-12-21
7295,Sahil,Malhotra,sahil.malhotra7295@gmail.com,Female,8943479574,Germany,1999-01-05
7296,Aditya,Menon,aditya.menon7296@example.com,Female,6274282936,Germany,2002-12-15
7297,Karthik,Verma,karthik.verma7297@gmail.com,Male,6728562037,United States,1977-01-22
7298,Aarav,Bhatt,aarav.bhatt7298@outlook.com,Male,9609811374,United Kingdom,2007-05-20
7299,Krishna,Gupta,krishna.gupta7299@mail.com,Female,6756540917,India,1999-03-12
7300,Priya,Naidu,priya.naidu7300@yahoo.com,Male,8977251737,Germany,1968-05-29
7301,Riya,Trivedi,riya.trivedi7301@example.com,Female,6330041374,South Africa,1993-07-19
7302,Ritu,Khan,ritu.khan7302@mail.com,Female,9940022948,Germany,2001-10-26
7303,Kiran,Kapoor,kiran.kapoor7303@outlook.com,Male,7988130685,United States,1987-10-14
7304,Ananya,Chauhan,ananya.chauhan7304@yahoo.com,Male,6424369795,France,1996-02-09
7305,Sai,Iyer,sai.iyer7305@yahoo.com,Female,9326056859,Canada,2006-12-14
7306,Aditya,Agarwal,aditya.agarwal7306@outlook.com,Male,8489021265,Canada,1987-10-31
7307,Krishna,Prasad,krishna.prasad7307@yahoo.com,Male,9058987228,France,1999-10-17
7308,Ananya,Menon,ananya.menon7308@outlook.com,Male,8509220825,France,1999-01-03
7309,Sneha,Reddy,sneha.reddy7309@outlook.com,Male,7612042275,United Kingdom,1972-12-19
7310,Nisha,Ghosh,nisha.ghosh7310@yahoo.com,Female,8470632319,Brazil,2002-04-08
7311,Rohan,Das,rohan.das7311@example.com,Female,8595881912,India,2006-07-15
7312,Kiran,Kapoor,kiran.kapoor7312@outlook.com,Male,7601089373,France,1982-12-24
7313,Sai,Menon,sai.menon7313@yahoo.com,Male,9598299872,UAE,2000-10-26
7314,Anil,Trivedi,anil.trivedi7314@yahoo.com,Female,7079733064,Germany,1987-10-14
7315,Riya,Reddy,riya.reddy7315@yahoo.com,Male,8433393410,Germany,1989-04-26
7316,Kiran,Kapoor,kiran.kapoor7316@yahoo.com,Male,9997208347,United Kingdom,1991-03-18
7317,Nisha,Ghosh,nisha.ghosh7317@yahoo.com,Female,9937494185,Brazil,1993-11-03
7318,Aarav,Sharma,aarav.sharma7318@yahoo.com,Male,6697651724,Germany,1990-04-26
7319,Priya,Roy,priya.roy7319@mail.com,Female,6323315356,Canada,2002-11-11
7320,Diya,Sharma,diya.sharma7320@mail.com,Female,8232754719,United Kingdom,1992-12-12
7321,Diya,Shah,diya.shah7321@example.com,Male,7443683556,Germany,1985-03-08
7322,Krishna,Verma,krishna.verma7322@outlook.com,Male,7360595569,United States,1973-04-24
7323,Riya,Das,riya.das7323@outlook.com,Male,9881943603,Australia,1979-03-31
7324,Priya,Joshi,priya.joshi7324@yahoo.com,Female,9695486480,Brazil,1969-06-13
7325,Vihaan,Reddy,vihaan.reddy7325@gmail.com,Male,7743901336,France,2005-07-19
7326,Isha,Bhatt,isha.bhatt7326@example.com,Male,8855845412,South Africa,1984-03-16
7327,Aarav,Das,aarav.das7327@outlook.com,Male,8033676825,Brazil,1977-01-30
7328,Reyansh,Ghosh,reyansh.ghosh7328@gmail.com,Female,6209291770,South Africa,1974-11-07
7329,Krishna,Trivedi,krishna.trivedi7329@example.com,Male,7989002172,Germany,2002-10-15
7330,Anil,Das,anil.das7330@gmail.com,Female,7051441501,Canada,2007-09-11
7331,Aarav,Shah,aarav.shah7331@yahoo.com,Female,8084670815,Canada,1979-10-24
7332,Anil,Iyer,anil.iyer7332@outlook.com,Male,9851014093,France,1973-11-16
7333,Aditya,Bhatt,aditya.bhatt7333@mail.com,Female,6643271814,Australia,1989-11-02
7334,Priya,Chauhan,priya.chauhan7334@gmail.com,Female,6383756782,United States,1996-01-25
7335,Vihaan,Yadav,vihaan.yadav7335@example.com,Male,6193625821,Australia,1981-09-29
7336,Kiran,Ghosh,kiran.ghosh7336@yahoo.com,Male,8826033663,United Kingdom,1971-10-12
7337,Riya,Malhotra,riya.malhotra7337@yahoo.com,Female,6226301688,South Africa,1978-01-14
7338,Sahil,Bose,sahil.bose7338@example.com,Female,7950281659,Canada,1980-01-10
7339,Sunita,Kashyap,sunita.kashyap7339@outlook.com,Female,9426938027,Brazil,1976-02-22
7340,Sahil,Iyer,sahil.iyer7340@yahoo.com,Male,7496407536,South Africa,1997-07-12
7341,Sahil,Joshi,sahil.joshi7341@mail.com,Male,6395567549,Germany,1994-06-07
7342,Isha,Reddy,isha.reddy7342@example.com,Male,6304000143,UAE,1992-09-11
7343,Karthik,Malhotra,karthik.malhotra7343@yahoo.com,Male,8471392449,Australia,1997-11-20
7344,Sneha,Joshi,sneha.joshi7344@yahoo.com,Female,8174727793,United States,2000-04-11
7345,Sara,Shah,sara.shah7345@mail.com,Male,7549060014,United Kingdom,2004-06-15
7346,Sai,Roy,sai.roy7346@outlook.com,Male,7026673177,United Kingdom,1967-03-06
7347,Priya,Patel,priya.patel7347@gmail.com,Male,9245835306,United Kingdom,1988-05-24
7348,Aanya,Nair,aanya.nair7348@example.com,Female,8956420231,France,1987-11-30
7349,Kavya,Singh,kavya.singh7349@outlook.com,Male,6237716770,UAE,1969-08-06
7350,Aditya,Joshi,aditya.joshi7350@gmail.com,Male,6064703452,Germany,1997-04-28
7351,Riya,Verma,riya.verma7351@example.com,Male,7801209148,Brazil,2005-08-20
7352,Sai,Yadav,sai.yadav7352@mail.com,Female,6546868222,Canada,1995-01-02
7353,Pooja,Bhatia,pooja.bhatia7353@mail.com,Female,8921627863,Australia,1973-11-23
7354,Pooja,Sharma,pooja.sharma7354@example.com,Male,7177624629,France,1967-07-24
7355,Vihaan,Naidu,vihaan.naidu7355@mail.com,Female,6918170794,United States,1972-04-24
7356,Sahil,Roy,sahil.roy7356@outlook.com,Female,9991335809,South Africa,1970-10-02
7357,Ritu,Shah,ritu.shah7357@example.com,Female,6757520324,South Africa,1972-04-20
7358,Riya,Joshi,riya.joshi7358@gmail.com,Female,8258047724,Australia,2003-06-08
7359,Maya,Verma,maya.verma7359@mail.com,Male,8252879616,South Africa,1979-12-24
7360,Myra,Bhatia,myra.bhatia7360@outlook.com,Male,7252041806,United Kingdom,1977-02-28
7361,Ritu,Menon,ritu.menon7361@outlook.com,Male,7541603266,Australia,1981-04-26
7362,Riya,Kapoor,riya.kapoor7362@gmail.com,Female,6630256349,France,1985-05-30
7363,Tarun,Iyer,tarun.iyer7363@gmail.com,Male,9761555657,India,2005-12-26
7364,Sunita,Bhatia,sunita.bhatia7364@yahoo.com,Male,6972328510,South Africa,1969-10-16
7365,Ritu,Menon,ritu.menon7365@example.com,Female,9565083669,UAE,1986-03-19
7366,Karthik,Iyer,karthik.iyer7366@gmail.com,Female,9237661761,UAE,2003-09-07
7367,Aditya,Verma,aditya.verma7367@outlook.com,Female,7443527599,United States,1967-03-18
7368,Sara,Agarwal,sara.agarwal7368@example.com,Male,9999015773,South Africa,1989-08-08
7369,Sneha,Malhotra,sneha.malhotra7369@example.com,Male,9824990786,Brazil,1988-01-04
7370,Rohan,Yadav,rohan.yadav7370@outlook.com,Female,9823308103,United Kingdom,2003-11-10
7371,Priya,Prasad,priya.prasad7371@outlook.com,Female,9659316327,United Kingdom,1971-09-25
7372,Sunita,Yadav,sunita.yadav7372@example.com,Male,7790852482,Germany,2002-01-23
7373,Arjun,Iyer,arjun.iyer7373@outlook.com,Female,6827314797,France,1978-05-18
7374,Sunita,Gupta,sunita.gupta7374@outlook.com,Female,7600276218,France,2004-10-06
7375,Vihaan,Khan,vihaan.khan7375@gmail.com,Female,6550461007,United Kingdom,1996-08-06
7376,Riya,Kashyap,riya.kashyap7376@outlook.com,Female,7448739461,United States,1987-05-19
7377,Tarun,Malhotra,tarun.malhotra7377@example.com,Female,8043832190,France,2002-03-22
7378,Kiran,Menon,kiran.menon7378@gmail.com,Male,8356568112,United States,1994-05-19
7379,Rohan,Chauhan,rohan.chauhan7379@example.com,Female,6412084193,United States,1995-03-22
7380,Krishna,Mehta,krishna.mehta7380@example.com,Female,8871975687,South Africa,1966-10-11
7381,Myra,Kumar,myra.kumar7381@example.com,Female,8097018093,Australia,2001-04-09
7382,Mohit,Pillai,mohit.pillai7382@outlook.com,Male,9815247894,Germany,1984-07-04
7383,Sunita,Reddy,sunita.reddy7383@outlook.com,Female,9890056641,France,1996-10-05
7384,Pooja,Bhatt,pooja.bhatt7384@mail.com,Female,6629597735,United States,2001-08-18
7385,Riya,Bose,riya.bose7385@yahoo.com,Male,9265253486,United Kingdom,2000-04-08
7386,Vivaan,Malhotra,vivaan.malhotra7386@mail.com,Male,7682159431,UAE,1986-11-15
7387,Ritu,Menon,ritu.menon7387@outlook.com,Male,6387032865,Germany,1985-04-19
7388,Mohit,Iyer,mohit.iyer7388@gmail.com,Male,8607787982,France,1996-04-20
7389,Aarav,Pillai,aarav.pillai7389@mail.com,Male,7255858365,India,1970-09-17
7390,Maya,Nair,maya.nair7390@example.com,Female,7266205682,Australia,1999-05-02
7391,Reyansh,Bhatt,reyansh.bhatt7391@outlook.com,Female,6221082167,UAE,1995-08-14
7392,Sahil,Trivedi,sahil.trivedi7392@gmail.com,Male,7137015075,United States,1994-02-02
7393,Vihaan,Joshi,vihaan.joshi7393@example.com,Female,7651721536,South Africa,2006-11-22
7394,Mohit,Shah,mohit.shah7394@gmail.com,Male,6959882630,South Africa,1994-06-04
7395,Kiran,Pillai,kiran.pillai7395@example.com,Female,8304200536,India,1971-03-12
7396,Sneha,Mehta,sneha.mehta7396@gmail.com,Male,8657562733,South Africa,2000-09-10
7397,Vihaan,Iyer,vihaan.iyer7397@example.com,Male,8652970656,India,1980-03-25
7398,Tarun,Bhatt,tarun.bhatt7398@example.com,Female,6556332223,UAE,1977-02-13
7399,Mohit,Khan,mohit.khan7399@outlook.com,Female,8517235351,United States,1970-09-23
7400,Priya,Joshi,priya.joshi7400@outlook.com,Female,9257901841,Germany,1983-11-25
7401,Diya,Joshi,diya.joshi7401@gmail.com,Male,7323347748,United States,1980-06-07
7402,Rohan,Ghosh,rohan.ghosh7402@mail.com,Male,7478930545,United States,1975-03-29
7403,Riya,Shah,riya.shah7403@gmail.com,Female,6007769882,India,1999-06-06
7404,Sara,Iyer,sara.iyer7404@yahoo.com,Male,6029687359,Canada,1981-01-28
7405,Krishna,Prasad,krishna.prasad7405@yahoo.com,Male,9988877935,United States,1989-11-15
7406,Anil,Khan,anil.khan7406@outlook.com,Male,7323965313,Germany,1998-12-15
7407,Krishna,Sharma,krishna.sharma7407@outlook.com,Female,6653698826,France,1978-06-17
7408,Diya,Chauhan,diya.chauhan7408@yahoo.com,Male,6990049686,United Kingdom,1994-04-13
7409,Riya,Prasad,riya.prasad7409@mail.com,Male,7661440174,Canada,1999-09-02
7410,Mohit,Bose,mohit.bose7410@outlook.com,Female,8516636723,Brazil,1998-11-08
7411,Rohan,Prasad,rohan.prasad7411@outlook.com,Female,8511631092,India,1970-10-17
7412,Tarun,Das,tarun.das7412@yahoo.com,Male,7761954321,UAE,2001-06-13
7413,Reyansh,Iyer,reyansh.iyer7413@yahoo.com,Female,7786698381,Brazil,1987-03-21
7414,Sai,Mehta,sai.mehta7414@gmail.com,Male,6249007633,Germany,1984-10-07
7415,Aditya,Pillai,aditya.pillai7415@example.com,Male,9466386703,Germany,2004-11-08
7416,Tarun,Bhatt,tarun.bhatt7416@yahoo.com,Male,7733404316,Brazil,1988-12-28
7417,Ananya,Menon,ananya.menon7417@example.com,Male,9915011550,France,1985-05-03
7418,Aarav,Das,aarav.das7418@mail.com,Female,8107609262,India,2007-09-27
7419,Sai,Ghosh,sai.ghosh7419@yahoo.com,Male,8544925950,United States,1996-04-02
7420,Sneha,Pillai,sneha.pillai7420@mail.com,Female,7409813478,UAE,1989-04-03
7421,Arjun,Menon,arjun.menon7421@example.com,Female,7499787622,South Africa,1985-10-17
7422,Aanya,Pillai,aanya.pillai7422@mail.com,Male,6318597963,South Africa,1978-10-06
7423,Priya,Bose,priya.bose7423@mail.com,Male,7169358692,France,1971-03-13
7424,Sahil,Verma,sahil.verma7424@mail.com,Male,8633622995,Australia,1970-12-16
7425,Reyansh,Chauhan,reyansh.chauhan7425@gmail.com,Female,9938727832,India,1983-12-01
7426,Vihaan,Agarwal,vihaan.agarwal7426@yahoo.com,Female,6526529904,United States,2003-07-12
7427,Myra,Singh,myra.singh7427@mail.com,Female,6405616087,Brazil,1978-04-18
7428,Tarun,Das,tarun.das7428@example.com,Female,8696836908,Germany,2004-02-24
7429,Isha,Iyer,isha.iyer7429@example.com,Female,8190301199,Germany,1975-01-09
7430,Mohit,Iyer,mohit.iyer7430@outlook.com,Male,9206880630,Australia,2000-04-05
7431,Vivaan,Iyer,vivaan.iyer7431@mail.com,Male,8500528816,India,1979-08-07
7432,Vihaan,Mehta,vihaan.mehta7432@gmail.com,Female,9775661190,Canada,2003-10-16
7433,Karthik,Das,karthik.das7433@outlook.com,Male,8395959381,Australia,2006-02-02
7434,Tarun,Bhatia,tarun.bhatia7434@example.com,Female,8251261678,United Kingdom,1986-05-16
7435,Sara,Agarwal,sara.agarwal7435@outlook.com,Female,9352610138,Canada,2007-05-30
7436,Reyansh,Singh,reyansh.singh7436@outlook.com,Female,7639430350,South Africa,1993-03-26
7437,Ritu,Malhotra,ritu.malhotra7437@yahoo.com,Male,9860666767,South Africa,1966-01-25
7438,Pooja,Bhatt,pooja.bhatt7438@mail.com,Female,7722114702,Australia,1970-10-16
7439,Maya,Naidu,maya.naidu7439@outlook.com,Female,7737890100,India,1992-12-11
7440,Vihaan,Bhatt,vihaan.bhatt7440@mail.com,Male,8816669684,United States,2002-04-30
7441,Isha,Iyer,isha.iyer7441@mail.com,Male,7434876096,Brazil,1993-07-22
7442,Reyansh,Prasad,reyansh.prasad7442@yahoo.com,Female,6860565086,United States,1986-03-18
7443,Maya,Bhatt,maya.bhatt7443@gmail.com,Male,8852543626,United States,1982-10-16
7444,Ritu,Singh,ritu.singh7444@mail.com,Male,8741777919,UAE,2003-06-24
7445,Maya,Joshi,maya.joshi7445@yahoo.com,Female,6627979720,UAE,1997-05-24
7446,Ritu,Chauhan,ritu.chauhan7446@mail.com,Female,6523702907,India,2007-07-15
7447,Ananya,Trivedi,ananya.trivedi7447@yahoo.com,Male,6518759747,France,2002-01-22
7448,Krishna,Khan,krishna.khan7448@mail.com,Male,9233914311,UAE,1970-03-16
7449,Diya,Das,diya.das7449@example.com,Male,8566854529,UAE,1987-12-25
7450,Aarav,Trivedi,aarav.trivedi7450@gmail.com,Female,8767408992,United States,2001-11-12
7451,Vihaan,Das,vihaan.das7451@mail.com,Female,6552219296,United States,1977-10-24
7452,Pooja,Ghosh,pooja.ghosh7452@mail.com,Male,7108311859,Brazil,1987-10-19
7453,Mohit,Nair,mohit.nair7453@yahoo.com,Female,6920109162,Brazil,1975-01-17
7454,Myra,Chauhan,myra.chauhan7454@gmail.com,Male,8246617591,Australia,1985-03-17
7455,Kiran,Roy,kiran.roy7455@outlook.com,Male,7841452972,Australia,1988-05-16
7456,Sara,Naidu,sara.naidu7456@mail.com,Female,7387096872,India,1985-12-01
7457,Mohit,Bose,mohit.bose7457@example.com,Male,6363825063,Australia,1998-09-09
7458,Krishna,Roy,krishna.roy7458@mail.com,Female,6366355255,France,1999-05-25
7459,Priya,Shah,priya.shah7459@yahoo.com,Male,8986125607,Canada,1976-10-20
7460,Myra,Bhatt,myra.bhatt7460@mail.com,Male,9821821863,India,1994-05-14
7461,Ananya,Prasad,ananya.prasad7461@example.com,Female,7874884667,United States,1988-08-16
7462,Isha,Shah,isha.shah7462@gmail.com,Female,8404792159,United Kingdom,1977-06-06
7463,Riya,Malhotra,riya.malhotra7463@example.com,Female,9701862964,South Africa,1995-04-21
7464,Ritu,Agarwal,ritu.agarwal7464@example.com,Male,9713235835,South Africa,1986-06-01
7465,Vihaan,Bhatia,vihaan.bhatia7465@outlook.com,Male,7571959805,Canada,2002-10-08
7466,Sunita,Iyer,sunita.iyer7466@gmail.com,Male,8583056196,India,1992-02-21
7467,Sahil,Bose,sahil.bose7467@gmail.com,Female,8278693446,United States,2000-08-05
7468,Pooja,Reddy,pooja.reddy7468@example.com,Male,9867904380,Australia,1985-01-26
7469,Vihaan,Malhotra,vihaan.malhotra7469@example.com,Female,8112695916,Brazil,1977-08-27
7470,Karthik,Nair,karthik.nair7470@outlook.com,Male,8739080523,Canada,1996-02-22
7471,Aditya,Roy,aditya.roy7471@outlook.com,Female,8615940103,United States,1988-01-13
7472,Arjun,Verma,arjun.verma7472@mail.com,Male,6345182488,France,1988-12-06
7473,Rohan,Iyer,rohan.iyer7473@gmail.com,Female,6834459569,Canada,1973-07-30
7474,Ritu,Shah,ritu.shah7474@yahoo.com,Male,8713619429,Canada,1992-01-24
7475,Vivaan,Ghosh,vivaan.ghosh7475@yahoo.com,Female,7001630560,United States,2005-08-16
7476,Myra,Mehta,myra.mehta7476@gmail.com,Female,7185778379,UAE,1985-07-25
7477,Vivaan,Naidu,vivaan.naidu7477@example.com,Female,9805563594,Brazil,1987-12-31
7478,Riya,Malhotra,riya.malhotra7478@mail.com,Male,8553381983,Canada,1972-10-11
7479,Sneha,Singh,sneha.singh7479@example.com,Male,8070112394,India,1988-08-16
7480,Pooja,Joshi,pooja.joshi7480@gmail.com,Female,6338120123,UAE,1999-11-12
7481,Vihaan,Bhatt,vihaan.bhatt7481@yahoo.com,Female,9592653906,South Africa,2005-08-11
7482,Sara,Bose,sara.bose7482@example.com,Female,8300134797,Australia,1967-08-27
7483,Kiran,Bhatt,kiran.bhatt7483@outlook.com,Female,8329385779,United States,1985-10-13
7484,Krishna,Kapoor,krishna.kapoor7484@example.com,Female,6254311699,South Africa,2005-04-13
7485,Sai,Kashyap,sai.kashyap7485@gmail.com,Female,7449474139,Germany,1980-12-31
7486,Nisha,Joshi,nisha.joshi7486@example.com,Male,9912233898,United Kingdom,1976-06-17
7487,Kiran,Bhatia,kiran.bhatia7487@outlook.com,Female,7700141549,South Africa,1985-09-06
7488,Vivaan,Trivedi,vivaan.trivedi7488@outlook.com,Female,8242761059,Germany,1989-12-04
7489,Sahil,Malhotra,sahil.malhotra7489@gmail.com,Male,9645288589,Brazil,1979-11-07
7490,Arjun,Yadav,arjun.yadav7490@gmail.com,Male,9143198120,Canada,1966-02-15
7491,Vivaan,Sharma,vivaan.sharma7491@example.com,Male,8733903470,United Kingdom,1999-04-19
7492,Isha,Bhatt,isha.bhatt7492@example.com,Female,6998605657,Brazil,1997-09-28
7493,Anil,Prasad,anil.prasad7493@example.com,Female,9825149123,United States,1982-12-31
7494,Priya,Chauhan,priya.chauhan7494@yahoo.com,Female,7964112881,United Kingdom,1976-04-25
7495,Sneha,Sharma,sneha.sharma7495@example.com,Male,9665968634,United States,1973-12-12
7496,Nisha,Reddy,nisha.reddy7496@gmail.com,Male,7594767206,UAE,1981-12-13
7497,Myra,Mehta,myra.mehta7497@gmail.com,Female,8256073906,UAE,1977-01-17
7498,Arjun,Iyer,arjun.iyer7498@example.com,Male,8759210332,United States,1972-04-10
7499,Sahil,Patel,sahil.patel7499@outlook.com,Male,9978321708,United Kingdom,1996-09-16
7500,Isha,Gupta,isha.gupta7500@gmail.com,Female,7339992764,United States,2005-05-31
7501,Rohan,Mehta,rohan.mehta7501@gmail.com,Female,7178672970,UAE,1969-10-21
7502,Nisha,Malhotra,nisha.malhotra7502@yahoo.com,Male,6375055070,Brazil,1979-10-31
7503,Rohan,Yadav,rohan.yadav7503@example.com,Female,7031368175,South Africa,2000-09-13
7504,Diya,Trivedi,diya.trivedi7504@outlook.com,Male,6054304563,Brazil,1981-02-26
7505,Aanya,Patel,aanya.patel7505@outlook.com,Female,6888489078,France,2000-08-27
7506,Krishna,Gupta,krishna.gupta7506@gmail.com,Female,6710650038,India,1968-10-21
7507,Priya,Nair,priya.nair7507@outlook.com,Male,8842791104,South Africa,1986-12-22
7508,Aditya,Malhotra,aditya.malhotra7508@yahoo.com,Female,7426526261,Canada,1974-11-04
7509,Karthik,Bose,karthik.bose7509@example.com,Male,6797877316,South Africa,1993-12-24
7510,Riya,Agarwal,riya.agarwal7510@yahoo.com,Male,9050560539,South Africa,2005-02-03
7511,Sneha,Bhatia,sneha.bhatia7511@gmail.com,Male,7535039581,United Kingdom,1993-04-05
7512,Aditya,Bhatt,aditya.bhatt7512@gmail.com,Female,9050985398,UAE,2002-03-10
7513,Sai,Ghosh,sai.ghosh7513@gmail.com,Female,9602914363,South Africa,1966-06-04
7514,Karthik,Bose,karthik.bose7514@outlook.com,Male,7576652395,United Kingdom,1983-05-21
7515,Aanya,Das,aanya.das7515@yahoo.com,Male,6578382677,UAE,1998-01-23
7516,Isha,Naidu,isha.naidu7516@outlook.com,Male,9339338090,United Kingdom,1996-03-09
7517,Myra,Ghosh,myra.ghosh7517@mail.com,Male,7813133724,Canada,2002-01-24
7518,Anil,Malhotra,anil.malhotra7518@gmail.com,Female,6269926081,India,1981-05-15
7519,Kiran,Pillai,kiran.pillai7519@example.com,Male,8810682443,France,1987-04-22
7520,Reyansh,Iyer,reyansh.iyer7520@mail.com,Female,7544993545,Canada,1988-10-01
7521,Arjun,Shah,arjun.shah7521@example.com,Female,7388660084,South Africa,1987-09-04
7522,Vivaan,Malhotra,vivaan.malhotra7522@example.com,Male,6949623030,India,1981-11-25
7523,Kiran,Menon,kiran.menon7523@outlook.com,Female,8612549947,Canada,1990-10-19
7524,Aarav,Bose,aarav.bose7524@example.com,Male,9608493412,India,1994-12-30
7525,Diya,Menon,diya.menon7525@gmail.com,Male,7824366780,South Africa,1970-02-03
7526,Diya,Shah,diya.shah7526@example.com,Female,7260158812,India,2006-11-27
7527,Krishna,Trivedi,krishna.trivedi7527@gmail.com,Female,9939338078,UAE,2005-01-29
7528,Aanya,Patel,aanya.patel7528@gmail.com,Female,7266985338,Canada,1999-02-24
7529,Riya,Trivedi,riya.trivedi7529@mail.com,Female,8593985755,UAE,1971-06-06
7530,Sahil,Mehta,sahil.mehta7530@mail.com,Male,6943215565,UAE,1976-04-18
7531,Sara,Bhatt,sara.bhatt7531@yahoo.com,Female,7219995140,India,1985-02-22
7532,Isha,Chauhan,isha.chauhan7532@mail.com,Female,8571582085,France,1980-01-11
7533,Maya,Naidu,maya.naidu7533@mail.com,Male,7355760399,Canada,1988-01-15
7534,Sunita,Sharma,sunita.sharma7534@outlook.com,Male,6130379703,United Kingdom,1968-06-06
7535,Sahil,Reddy,sahil.reddy7535@gmail.com,Female,8641267383,United States,1978-08-13
7536,Aanya,Sharma,aanya.sharma7536@mail.com,Female,8545376920,India,1985-05-22
7537,Mohit,Gupta,mohit.gupta7537@yahoo.com,Female,9033154184,Canada,1986-09-30
7538,Vivaan,Menon,vivaan.menon7538@yahoo.com,Male,9588463327,UAE,1976-07-26
7539,Sara,Chauhan,sara.chauhan7539@gmail.com,Male,6204639691,United Kingdom,2006-04-15
7540,Tarun,Reddy,tarun.reddy7540@yahoo.com,Female,7044044190,Germany,1976-05-11
7541,Pooja,Nair,pooja.nair7541@gmail.com,Male,9326558035,Australia,1981-01-20
7542,Isha,Kashyap,isha.kashyap7542@mail.com,Male,8123157294,Australia,2004-07-09
7543,Sara,Kapoor,sara.kapoor7543@yahoo.com,Female,9493302273,Brazil,1985-03-21
7544,Nisha,Chauhan,nisha.chauhan7544@example.com,Female,9303617846,India,2002-12-20
7545,Sunita,Verma,sunita.verma7545@example.com,Female,8805273997,Brazil,1976-09-06
7546,Arjun,Bhatia,arjun.bhatia7546@example.com,Male,7210671495,United States,1993-06-26
7547,Ritu,Sharma,ritu.sharma7547@example.com,Female,8518992751,India,1972-06-24
7548,Ananya,Verma,ananya.verma7548@yahoo.com,Male,7947710334,India,1989-10-11
7549,Pooja,Reddy,pooja.reddy7549@yahoo.com,Female,6210446237,United Kingdom,1983-07-11
7550,Sai,Agarwal,sai.agarwal7550@mail.com,Male,6719055370,United States,1979-08-14
7551,Sai,Bhatia,sai.bhatia7551@gmail.com,Female,8626507642,France,1989-11-07
7552,Riya,Gupta,riya.gupta7552@gmail.com,Female,8549824623,France,1987-08-08
7553,Anil,Patel,anil.patel7553@example.com,Male,8196413740,UAE,1969-04-22
7554,Kiran,Bose,kiran.bose7554@example.com,Female,9786061547,United States,2003-04-15
7555,Arjun,Kumar,arjun.kumar7555@yahoo.com,Male,8174942700,India,1997-03-07
7556,Myra,Ghosh,myra.ghosh7556@mail.com,Female,6462525097,Canada,1979-09-03
7557,Sara,Das,sara.das7557@yahoo.com,Female,6441786379,France,1987-08-28
7558,Priya,Menon,priya.menon7558@gmail.com,Female,9349688823,Canada,1978-07-30
7559,Priya,Menon,priya.menon7559@example.com,Male,9107192036,Canada,1983-06-09
7560,Sneha,Singh,sneha.singh7560@example.com,Male,7728152655,India,2007-05-26
7561,Karthik,Bhatia,karthik.bhatia7561@yahoo.com,Female,8304499074,United Kingdom,1982-11-05
7562,Anil,Bose,anil.bose7562@yahoo.com,Female,7864038506,United Kingdom,1983-05-20
7563,Reyansh,Iyer,reyansh.iyer7563@mail.com,Female,8495032747,Australia,1971-09-08
7564,Ananya,Agarwal,ananya.agarwal7564@gmail.com,Male,7965997667,Germany,1974-07-25
7565,Aanya,Trivedi,aanya.trivedi7565@mail.com,Male,9421072037,United Kingdom,2002-11-30
7566,Anil,Bose,anil.bose7566@yahoo.com,Female,6315341402,France,1985-04-12
7567,Riya,Mehta,riya.mehta7567@outlook.com,Female,6204188027,South Africa,1990-02-20
7568,Kavya,Kashyap,kavya.kashyap7568@gmail.com,Male,8004155948,Australia,1998-04-15
7569,Priya,Menon,priya.menon7569@yahoo.com,Female,7539169981,Australia,1998-11-17
7570,Aditya,Iyer,aditya.iyer7570@gmail.com,Male,6356811951,South Africa,1990-01-29
7571,Kiran,Das,kiran.das7571@yahoo.com,Male,6864984789,Brazil,2001-01-07
7572,Karthik,Naidu,karthik.naidu7572@yahoo.com,Male,7397422732,Australia,1974-06-11
7573,Riya,Khan,riya.khan7573@mail.com,Male,6930529769,France,1973-02-05
7574,Sara,Naidu,sara.naidu7574@mail.com,Female,9142054642,United Kingdom,1996-08-01
7575,Diya,Prasad,diya.prasad7575@gmail.com,Female,8556183023,Canada,1972-07-14
7576,Anil,Ghosh,anil.ghosh7576@gmail.com,Male,8717731925,Canada,1980-06-03
7577,Isha,Ghosh,isha.ghosh7577@example.com,Male,7231167201,South Africa,1997-01-18
7578,Vihaan,Kumar,vihaan.kumar7578@gmail.com,Female,8050726450,Canada,2001-10-23
7579,Kavya,Chauhan,kavya.chauhan7579@yahoo.com,Female,7214560718,France,1994-01-28
7580,Riya,Malhotra,riya.malhotra7580@outlook.com,Male,6606681182,Australia,1973-03-05
7581,Diya,Trivedi,diya.trivedi7581@gmail.com,Male,6110838781,Brazil,1980-08-19
7582,Ritu,Khan,ritu.khan7582@mail.com,Female,8565362899,India,1990-04-10
7583,Maya,Agarwal,maya.agarwal7583@gmail.com,Female,7201899768,India,1970-11-04
7584,Ananya,Khan,ananya.khan7584@outlook.com,Female,6142256787,Canada,1974-10-22
7585,Aanya,Chauhan,aanya.chauhan7585@yahoo.com,Female,8250266977,Germany,1980-03-28
7586,Sneha,Sharma,sneha.sharma7586@outlook.com,Female,7020062953,Canada,2001-09-08
7587,Maya,Shah,maya.shah7587@mail.com,Female,7745248473,United States,2003-10-15
7588,Karthik,Chauhan,karthik.chauhan7588@example.com,Female,7785204185,Germany,1987-10-05
7589,Sunita,Das,sunita.das7589@example.com,Female,7002609017,Germany,2005-04-30
7590,Aditya,Bhatt,aditya.bhatt7590@example.com,Female,7062747178,UAE,2001-01-17
7591,Pooja,Menon,pooja.menon7591@yahoo.com,Female,7167742349,Brazil,2005-08-24
7592,Ananya,Agarwal,ananya.agarwal7592@gmail.com,Male,9481074895,UAE,1991-05-06
7593,Pooja,Reddy,pooja.reddy7593@yahoo.com,Female,8709061630,France,1982-09-24
7594,Ritu,Agarwal,ritu.agarwal7594@outlook.com,Female,6437138970,Brazil,1973-01-27
7595,Rohan,Bose,rohan.bose7595@example.com,Female,9325597023,United Kingdom,1997-09-04
7596,Krishna,Pillai,krishna.pillai7596@yahoo.com,Male,7158412460,Australia,2002-05-02
7597,Ananya,Iyer,ananya.iyer7597@yahoo.com,Female,7530833034,Canada,1967-11-07
7598,Reyansh,Bhatt,reyansh.bhatt7598@yahoo.com,Female,7326980541,United States,1966-09-21
7599,Sneha,Verma,sneha.verma7599@yahoo.com,Male,6919379818,India,1987-08-13
7600,Maya,Bose,maya.bose7600@mail.com,Male,7731613680,Australia,1974-08-23
7601,Arjun,Pillai,arjun.pillai7601@gmail.com,Male,6213858795,United Kingdom,1968-08-26
7602,Ananya,Singh,ananya.singh7602@gmail.com,Male,8572056255,Canada,1991-05-07
7603,Anil,Singh,anil.singh7603@mail.com,Female,9955018180,India,1985-08-23
7604,Vihaan,Yadav,vihaan.yadav7604@yahoo.com,Male,7262086988,United States,1971-12-30
7605,Sunita,Agarwal,sunita.agarwal7605@gmail.com,Female,6346139364,France,1970-04-02
7606,Sunita,Mehta,sunita.mehta7606@yahoo.com,Female,9273392006,India,2001-11-23
7607,Kiran,Prasad,kiran.prasad7607@yahoo.com,Male,6624828770,Canada,1969-05-15
7608,Aditya,Mehta,aditya.mehta7608@mail.com,Male,8910124776,Germany,1987-05-28
7609,Aanya,Singh,aanya.singh7609@gmail.com,Male,8358246691,Canada,1989-01-29
7610,Sai,Iyer,sai.iyer7610@example.com,Male,6787001546,France,2005-04-27
7611,Vihaan,Das,vihaan.das7611@example.com,Male,6375714920,India,1998-07-22
7612,Tarun,Joshi,tarun.joshi7612@yahoo.com,Female,6782055002,United States,1986-12-31
7613,Anil,Prasad,anil.prasad7613@gmail.com,Female,7823356491,Brazil,1995-05-07
7614,Sneha,Patel,sneha.patel7614@mail.com,Male,9054904193,Canada,1972-11-13
7615,Pooja,Patel,pooja.patel7615@mail.com,Female,7352396255,Brazil,1995-08-07
7616,Sneha,Malhotra,sneha.malhotra7616@example.com,Female,8881905107,India,1981-08-17
7617,Ananya,Nair,ananya.nair7617@mail.com,Female,7209315482,France,1970-03-10
7618,Aarav,Iyer,aarav.iyer7618@gmail.com,Female,6895299879,Brazil,2003-11-25
7619,Priya,Menon,priya.menon7619@mail.com,Male,9348554590,India,1974-03-20
7620,Pooja,Mehta,pooja.mehta7620@outlook.com,Male,9121889621,United States,1993-06-13
7621,Arjun,Bhatia,arjun.bhatia7621@gmail.com,Male,7791536158,South Africa,1995-09-14
7622,Arjun,Khan,arjun.khan7622@yahoo.com,Female,8279119567,Canada,1970-08-22
7623,Anil,Mehta,anil.mehta7623@mail.com,Female,6918431625,India,2002-09-10
7624,Sunita,Das,sunita.das7624@yahoo.com,Male,9937825779,United Kingdom,1968-12-28
7625,Karthik,Mehta,karthik.mehta7625@outlook.com,Female,9462288927,Australia,1971-01-16
7626,Nisha,Patel,nisha.patel7626@mail.com,Female,6722288140,Germany,1966-03-15
7627,Sneha,Mehta,sneha.mehta7627@outlook.com,Male,8456159270,South Africa,1972-04-17
7628,Isha,Iyer,isha.iyer7628@yahoo.com,Male,8235300685,South Africa,1988-12-17
7629,Nisha,Pillai,nisha.pillai7629@example.com,Female,7716674025,Australia,1972-05-23
7630,Sara,Kashyap,sara.kashyap7630@outlook.com,Female,9365131081,United States,1975-11-28
7631,Maya,Chauhan,maya.chauhan7631@outlook.com,Female,6564298919,Germany,1972-11-02
7632,Rohan,Roy,rohan.roy7632@mail.com,Female,7986954406,South Africa,1977-05-16
7633,Priya,Chauhan,priya.chauhan7633@example.com,Female,8461708193,Australia,1987-06-11
7634,Aditya,Pillai,aditya.pillai7634@outlook.com,Male,7480613151,United Kingdom,2002-04-06
7635,Isha,Bhatt,isha.bhatt7635@example.com,Male,9295309420,Australia,1987-02-17
7636,Vivaan,Naidu,vivaan.naidu7636@example.com,Male,9654446407,UAE,1990-10-17
7637,Aarav,Bhatt,aarav.bhatt7637@mail.com,Male,7465268931,South Africa,1969-07-08
7638,Sunita,Das,sunita.das7638@gmail.com,Female,7763360719,France,1993-04-18
7639,Sai,Pillai,sai.pillai7639@example.com,Male,6502125676,UAE,1978-04-04
7640,Myra,Mehta,myra.mehta7640@mail.com,Female,6709523577,India,1994-04-06
7641,Mohit,Bose,mohit.bose7641@gmail.com,Female,9805859240,Germany,1982-07-31
7642,Maya,Chauhan,maya.chauhan7642@example.com,Female,8822296941,India,1970-09-29
7643,Ananya,Shah,ananya.shah7643@yahoo.com,Male,7573115418,UAE,1997-05-16
7644,Sneha,Iyer,sneha.iyer7644@outlook.com,Female,6685489975,United Kingdom,1979-09-30
7645,Sunita,Malhotra,sunita.malhotra7645@outlook.com,Male,7068698724,United States,1997-07-13
7646,Maya,Nair,maya.nair7646@yahoo.com,Male,6191401647,Germany,1988-04-22
7647,Nisha,Agarwal,nisha.agarwal7647@outlook.com,Male,7874883189,Brazil,2002-12-09
7648,Priya,Chauhan,priya.chauhan7648@outlook.com,Male,9881475901,United Kingdom,1992-09-11
7649,Sneha,Iyer,sneha.iyer7649@example.com,Male,8259613442,Canada,1973-05-02
7650,Ritu,Bose,ritu.bose7650@gmail.com,Male,7907148691,India,1999-07-06
7651,Aanya,Shah,aanya.shah7651@outlook.com,Male,6423300003,South Africa,1990-06-24
7652,Maya,Khan,maya.khan7652@mail.com,Male,7800954625,Canada,1979-03-24
7653,Isha,Ghosh,isha.ghosh7653@yahoo.com,Male,8559117361,India,1984-03-22
7654,Sahil,Reddy,sahil.reddy7654@mail.com,Female,8587835132,India,1991-09-12
7655,Ananya,Kashyap,ananya.kashyap7655@gmail.com,Male,9285502883,Australia,1987-07-14
7656,Sunita,Das,sunita.das7656@mail.com,Female,9459306631,Australia,1989-10-09
7657,Sara,Bose,sara.bose7657@gmail.com,Female,7855628400,United Kingdom,1995-12-30
7658,Aarav,Roy,aarav.roy7658@yahoo.com,Female,6304427490,UAE,1986-11-06
7659,Sara,Agarwal,sara.agarwal7659@yahoo.com,Female,8117422202,UAE,1984-11-14
7660,Isha,Ghosh,isha.ghosh7660@gmail.com,Female,9948910815,France,1979-06-24
7661,Ananya,Patel,ananya.patel7661@mail.com,Male,8729679873,Canada,1993-07-23
7662,Sunita,Patel,sunita.patel7662@yahoo.com,Female,7796509134,Brazil,2002-12-11
7663,Kiran,Yadav,kiran.yadav7663@outlook.com,Female,7201166576,Canada,1968-05-26
7664,Kiran,Kapoor,kiran.kapoor7664@gmail.com,Female,9551010821,United States,1996-03-09
7665,Diya,Naidu,diya.naidu7665@gmail.com,Female,7354587574,South Africa,2007-05-10
7666,Anil,Yadav,anil.yadav7666@example.com,Female,6661239420,France,1980-11-28
7667,Kavya,Kumar,kavya.kumar7667@example.com,Female,9489257272,United Kingdom,1995-08-29
7668,Aanya,Singh,aanya.singh7668@outlook.com,Male,8951127534,Germany,2003-01-26
7669,Riya,Roy,riya.roy7669@example.com,Male,9110429695,Brazil,1969-08-18
7670,Sneha,Singh,sneha.singh7670@outlook.com,Male,8371521348,Brazil,1972-09-02
7671,Kavya,Bose,kavya.bose7671@outlook.com,Male,7633714079,South Africa,1998-02-14
7672,Sunita,Roy,sunita.roy7672@yahoo.com,Male,6578881657,Germany,1970-02-10
7673,Aanya,Agarwal,aanya.agarwal7673@outlook.com,Female,6821447544,Germany,2001-04-26
7674,Aarav,Agarwal,aarav.agarwal7674@gmail.com,Male,6034582674,Germany,1971-08-23
7675,Isha,Yadav,isha.yadav7675@example.com,Female,9045337055,Germany,1980-05-26
7676,Aanya,Verma,aanya.verma7676@example.com,Female,7911932547,Brazil,1973-10-10
7677,Aditya,Agarwal,aditya.agarwal7677@yahoo.com,Male,8372116638,Germany,1985-07-02
7678,Mohit,Trivedi,mohit.trivedi7678@outlook.com,Female,7641434264,Australia,1991-02-28
7679,Diya,Bhatt,diya.bhatt7679@yahoo.com,Male,8859375428,France,1997-11-30
7680,Rohan,Malhotra,rohan.malhotra7680@yahoo.com,Male,7921340642,United States,1974-12-16
7681,Aanya,Yadav,aanya.yadav7681@outlook.com,Male,8735590110,Canada,1999-08-12
7682,Sahil,Mehta,sahil.mehta7682@yahoo.com,Male,8470766806,UAE,2004-07-20
7683,Ritu,Singh,ritu.singh7683@outlook.com,Male,8130855986,Australia,1975-02-05
7684,Sara,Khan,sara.khan7684@example.com,Female,8898584155,India,1987-08-27
7685,Mohit,Agarwal,mohit.agarwal7685@example.com,Female,9544482861,France,1989-04-18
7686,Pooja,Malhotra,pooja.malhotra7686@gmail.com,Male,8511332934,United States,1991-10-20
7687,Sai,Khan,sai.khan7687@mail.com,Female,7670242782,Canada,1988-03-04
7688,Riya,Verma,riya.verma7688@example.com,Female,9178382152,Germany,2000-06-01
7689,Myra,Reddy,myra.reddy7689@mail.com,Female,6295436790,Germany,1972-07-26
7690,Sai,Mehta,sai.mehta7690@mail.com,Male,9313244502,South Africa,2001-06-13
7691,Vivaan,Chauhan,vivaan.chauhan7691@yahoo.com,Female,6008734007,Germany,1984-05-21
7692,Sara,Kumar,sara.kumar7692@gmail.com,Female,8337791392,India,2007-09-13
7693,Ananya,Mehta,ananya.mehta7693@outlook.com,Male,9014124298,Germany,1992-02-04
7694,Maya,Shah,maya.shah7694@mail.com,Female,8799400096,France,1984-07-30
7695,Ananya,Patel,ananya.patel7695@yahoo.com,Female,9567929411,South Africa,1983-08-08
7696,Karthik,Prasad,karthik.prasad7696@example.com,Male,7385183347,Germany,1988-01-06
7697,Rohan,Bose,rohan.bose7697@example.com,Female,8023237713,United Kingdom,1981-06-14
7698,Tarun,Prasad,tarun.prasad7698@yahoo.com,Female,6811073513,Canada,1970-02-19
7699,Myra,Nair,myra.nair7699@gmail.com,Male,7591330589,UAE,1991-09-16
7700,Vivaan,Sharma,vivaan.sharma7700@yahoo.com,Male,8501995400,South Africa,1981-08-09
7701,Sahil,Malhotra,sahil.malhotra7701@example.com,Male,9169087147,South Africa,1993-08-12
7702,Sahil,Kumar,sahil.kumar7702@outlook.com,Male,6425399571,Brazil,1996-10-08
7703,Reyansh,Bhatia,reyansh.bhatia7703@gmail.com,Female,8927942934,United Kingdom,2000-12-24
7704,Sara,Verma,sara.verma7704@gmail.com,Male,7682673629,Brazil,2001-05-12
7705,Pooja,Chauhan,pooja.chauhan7705@outlook.com,Male,9404499967,United States,1988-09-25
7706,Mohit,Shah,mohit.shah7706@yahoo.com,Male,6446154292,France,1987-12-28
7707,Aanya,Das,aanya.das7707@yahoo.com,Male,7951417215,United Kingdom,1996-04-17
7708,Vivaan,Khan,vivaan.khan7708@yahoo.com,Male,6540406423,South Africa,1977-09-04
7709,Ananya,Kumar,ananya.kumar7709@gmail.com,Male,6672838764,Germany,1994-04-10
7710,Rohan,Bose,rohan.bose7710@yahoo.com,Female,6252925660,India,1986-12-06
7711,Myra,Ghosh,myra.ghosh7711@yahoo.com,Male,9608545776,United States,1996-09-08
7712,Maya,Nair,maya.nair7712@gmail.com,Male,6776688671,Australia,1973-11-02
7713,Mohit,Iyer,mohit.iyer7713@mail.com,Female,6813788710,South Africa,1983-01-04
7714,Vihaan,Naidu,vihaan.naidu7714@outlook.com,Male,7133608945,United States,2004-11-14
7715,Nisha,Menon,nisha.menon7715@outlook.com,Male,8518276159,Canada,2000-04-22
7716,Vihaan,Joshi,vihaan.joshi7716@yahoo.com,Female,8657454382,Australia,1973-06-03
7717,Nisha,Prasad,nisha.prasad7717@yahoo.com,Female,7068185510,France,1982-02-19
7718,Sahil,Singh,sahil.singh7718@example.com,Male,7982336770,Canada,1983-12-21
7719,Pooja,Prasad,pooja.prasad7719@example.com,Female,8305917042,Germany,1977-02-19
7720,Sunita,Joshi,sunita.joshi7720@mail.com,Male,6292277194,South Africa,1976-11-27
7721,Arjun,Roy,arjun.roy7721@outlook.com,Male,9739945655,United Kingdom,1976-12-12
7722,Ananya,Kapoor,ananya.kapoor7722@gmail.com,Female,8954000069,Brazil,1987-02-02
7723,Aanya,Nair,aanya.nair7723@example.com,Female,7601760052,UAE,1985-02-11
7724,Tarun,Bhatia,tarun.bhatia7724@gmail.com,Female,9313379990,Germany,1967-03-06
7725,Kavya,Bhatt,kavya.bhatt7725@outlook.com,Female,7406692100,Australia,1985-02-28
7726,Ananya,Gupta,ananya.gupta7726@outlook.com,Female,6562462540,UAE,1982-04-06
7727,Arjun,Iyer,arjun.iyer7727@example.com,Female,9746545190,France,1970-09-19
7728,Aanya,Das,aanya.das7728@mail.com,Female,9795139872,United States,1999-10-23
7729,Karthik,Bhatia,karthik.bhatia7729@gmail.com,Female,8881284709,UAE,1967-08-02
7730,Arjun,Yadav,arjun.yadav7730@yahoo.com,Male,7385261497,Australia,1982-07-30
7731,Sara,Bose,sara.bose7731@gmail.com,Male,7529244543,Brazil,1994-08-26
7732,Priya,Pillai,priya.pillai7732@yahoo.com,Female,6351712306,United Kingdom,1988-11-21
7733,Pooja,Khan,pooja.khan7733@gmail.com,Male,6007120670,Canada,1971-10-30
7734,Ritu,Das,ritu.das7734@outlook.com,Male,7067953392,United States,2003-11-04
7735,Aditya,Das,aditya.das7735@gmail.com,Female,9143938340,Canada,1998-08-16
7736,Anil,Roy,anil.roy7736@gmail.com,Female,9964963420,Brazil,1989-07-05
7737,Sai,Malhotra,sai.malhotra7737@mail.com,Female,6205181185,Germany,2004-09-14
7738,Kiran,Singh,kiran.singh7738@gmail.com,Female,7287640368,South Africa,2006-05-02
7739,Sneha,Menon,sneha.menon7739@outlook.com,Male,7948774870,France,2002-12-16
7740,Diya,Chauhan,diya.chauhan7740@example.com,Male,7391504617,United Kingdom,1966-12-19
7741,Sara,Gupta,sara.gupta7741@example.com,Male,8829989191,France,1991-10-22
7742,Aanya,Chauhan,aanya.chauhan7742@outlook.com,Female,8810701537,France,1979-08-17
7743,Sai,Pillai,sai.pillai7743@mail.com,Male,8421916558,United States,2000-08-31
7744,Sai,Bose,sai.bose7744@yahoo.com,Male,9716807124,United Kingdom,1985-02-19
7745,Priya,Kumar,priya.kumar7745@example.com,Female,9074907811,Australia,1990-04-24
7746,Priya,Mehta,priya.mehta7746@outlook.com,Male,7909349351,United Kingdom,2007-09-15
7747,Anil,Gupta,anil.gupta7747@mail.com,Female,6843191902,Australia,1990-09-13
7748,Sahil,Agarwal,sahil.agarwal7748@gmail.com,Male,6909153056,Germany,1977-10-30
7749,Arjun,Bhatt,arjun.bhatt7749@yahoo.com,Male,6053775575,India,1983-05-18
7750,Pooja,Yadav,pooja.yadav7750@mail.com,Male,7060028868,Brazil,1984-12-20
7751,Sara,Das,sara.das7751@yahoo.com,Female,7589097586,South Africa,1968-04-28
7752,Mohit,Singh,mohit.singh7752@example.com,Female,7096953962,Australia,1967-07-25
7753,Ritu,Malhotra,ritu.malhotra7753@outlook.com,Female,6556451608,France,1993-10-12
7754,Pooja,Menon,pooja.menon7754@outlook.com,Male,6054130929,India,2002-03-31
7755,Sai,Kumar,sai.kumar7755@mail.com,Male,6987506878,Canada,1989-06-29
7756,Sahil,Shah,sahil.shah7756@gmail.com,Male,6170275056,Brazil,1969-08-16
7757,Karthik,Mehta,karthik.mehta7757@gmail.com,Female,8239211644,Germany,1969-02-02
7758,Arjun,Iyer,arjun.iyer7758@outlook.com,Female,9339390077,Brazil,2004-02-17
7759,Krishna,Kashyap,krishna.kashyap7759@yahoo.com,Female,7168943388,South Africa,1982-08-07
7760,Pooja,Ghosh,pooja.ghosh7760@yahoo.com,Female,9732342573,Brazil,1988-09-03
7761,Kiran,Bose,kiran.bose7761@mail.com,Female,8858258002,Germany,2006-02-17
7762,Sara,Iyer,sara.iyer7762@mail.com,Male,9788274964,United States,1981-04-29
7763,Nisha,Kashyap,nisha.kashyap7763@example.com,Female,9040298006,South Africa,1986-05-26
7764,Myra,Agarwal,myra.agarwal7764@yahoo.com,Male,8379806488,Canada,1978-03-07
7765,Myra,Chauhan,myra.chauhan7765@example.com,Male,8170495883,United Kingdom,1973-08-17
7766,Sahil,Kumar,sahil.kumar7766@gmail.com,Male,6250270863,United States,1987-06-07
7767,Aanya,Yadav,aanya.yadav7767@mail.com,Female,7907421721,United Kingdom,1992-02-22
7768,Karthik,Kapoor,karthik.kapoor7768@outlook.com,Female,9047631231,Canada,1982-04-08
7769,Reyansh,Mehta,reyansh.mehta7769@example.com,Female,7220344182,UAE,1985-05-03
7770,Diya,Singh,diya.singh7770@gmail.com,Male,9805516278,Brazil,1997-04-24
7771,Riya,Bhatt,riya.bhatt7771@gmail.com,Male,7674172068,Germany,1985-04-22
7772,Krishna,Mehta,krishna.mehta7772@mail.com,Male,9294991707,Germany,1969-07-11
7773,Reyansh,Trivedi,reyansh.trivedi7773@example.com,Female,6107746321,South Africa,1967-10-28
7774,Rohan,Kashyap,rohan.kashyap7774@gmail.com,Male,6746966460,France,1979-05-31
7775,Ritu,Sharma,ritu.sharma7775@example.com,Male,6362873405,Brazil,1979-01-31
7776,Rohan,Trivedi,rohan.trivedi7776@mail.com,Male,6592082574,South Africa,1997-07-09
7777,Sara,Bhatt,sara.bhatt7777@example.com,Male,6513689008,United Kingdom,1998-11-30
7778,Isha,Bose,isha.bose7778@example.com,Male,6057533480,Brazil,1985-06-17
7779,Aditya,Gupta,aditya.gupta7779@outlook.com,Male,7527446081,India,2002-07-23
7780,Diya,Patel,diya.patel7780@outlook.com,Female,9700065376,France,1976-12-13
7781,Ritu,Roy,ritu.roy7781@example.com,Male,8087940588,Brazil,1986-10-01
7782,Anil,Ghosh,anil.ghosh7782@outlook.com,Female,6646625665,United Kingdom,1998-04-03
7783,Kavya,Malhotra,kavya.malhotra7783@example.com,Male,9769892504,Germany,1994-06-03
7784,Rohan,Singh,rohan.singh7784@gmail.com,Female,9361215910,France,1981-08-27
7785,Riya,Bose,riya.bose7785@outlook.com,Female,7535456607,Australia,1991-05-03
7786,Aarav,Yadav,aarav.yadav7786@outlook.com,Female,7214097638,Canada,2002-11-21
7787,Krishna,Chauhan,krishna.chauhan7787@mail.com,Female,9294393339,Germany,2000-12-13
7788,Aditya,Verma,aditya.verma7788@yahoo.com,Male,6879042588,Germany,1978-05-19
7789,Sai,Das,sai.das7789@example.com,Female,8084396538,Brazil,1978-12-23
7790,Mohit,Trivedi,mohit.trivedi7790@mail.com,Male,9074962949,United States,1966-05-27
7791,Rohan,Iyer,rohan.iyer7791@example.com,Male,7007009773,South Africa,1994-06-27
7792,Tarun,Prasad,tarun.prasad7792@gmail.com,Female,9375985033,France,1997-05-18
7793,Kiran,Kapoor,kiran.kapoor7793@gmail.com,Male,8899980767,France,2003-07-14
7794,Kavya,Agarwal,kavya.agarwal7794@gmail.com,Female,8137440542,UAE,1985-04-14
7795,Rohan,Joshi,rohan.joshi7795@outlook.com,Male,6598083109,Brazil,1997-04-01
7796,Vihaan,Prasad,vihaan.prasad7796@outlook.com,Female,9355139278,Australia,1984-11-16
7797,Aarav,Khan,aarav.khan7797@mail.com,Male,8391265935,Brazil,1990-12-25
7798,Krishna,Agarwal,krishna.agarwal7798@mail.com,Male,6523757582,Germany,1992-08-21
7799,Rohan,Menon,rohan.menon7799@outlook.com,Female,6730639638,United States,1979-08-18
7800,Isha,Mehta,isha.mehta7800@yahoo.com,Male,9046823401,Australia,1990-06-18
7801,Karthik,Khan,karthik.khan7801@mail.com,Female,6200791741,Germany,1967-09-10
7802,Sai,Verma,sai.verma7802@mail.com,Female,8503134752,UAE,1988-04-25
7803,Vihaan,Malhotra,vihaan.malhotra7803@example.com,Male,7134677664,South Africa,2001-01-15
7804,Diya,Naidu,diya.naidu7804@example.com,Female,8476997591,UAE,1996-04-13
7805,Riya,Iyer,riya.iyer7805@outlook.com,Male,6402375976,India,1982-09-23
7806,Sara,Nair,sara.nair7806@yahoo.com,Female,6654179870,South Africa,1978-07-02
7807,Riya,Pillai,riya.pillai7807@outlook.com,Female,7530086805,South Africa,2006-12-24
7808,Sahil,Verma,sahil.verma7808@example.com,Female,9909768953,India,1977-11-05
7809,Sunita,Iyer,sunita.iyer7809@yahoo.com,Female,6219562313,India,2003-04-11
7810,Krishna,Nair,krishna.nair7810@example.com,Female,8521601607,Canada,1997-02-17
7811,Riya,Yadav,riya.yadav7811@mail.com,Male,7365546754,South Africa,1989-03-15
7812,Myra,Patel,myra.patel7812@example.com,Male,8469857915,Australia,1968-05-28
7813,Riya,Yadav,riya.yadav7813@yahoo.com,Female,6658382654,India,2003-07-25
7814,Riya,Verma,riya.verma7814@yahoo.com,Male,9701812163,South Africa,1990-04-01
7815,Arjun,Shah,arjun.shah7815@outlook.com,Male,9232117802,India,2000-02-04
7816,Sneha,Roy,sneha.roy7816@yahoo.com,Female,9467459425,United Kingdom,1971-11-03
7817,Sahil,Patel,sahil.patel7817@gmail.com,Male,7643846602,United States,1989-07-08
7818,Arjun,Trivedi,arjun.trivedi7818@mail.com,Female,9274380321,India,1994-06-24
7819,Aditya,Chauhan,aditya.chauhan7819@gmail.com,Female,9318280963,Brazil,2004-11-26
7820,Riya,Mehta,riya.mehta7820@outlook.com,Male,7744872265,India,1975-11-02
7821,Aditya,Trivedi,aditya.trivedi7821@yahoo.com,Female,8003702487,United States,1973-03-27
7822,Isha,Iyer,isha.iyer7822@mail.com,Female,6372918865,South Africa,1975-08-18
7823,Priya,Trivedi,priya.trivedi7823@gmail.com,Female,9702458074,France,1978-05-03
7824,Arjun,Kashyap,arjun.kashyap7824@yahoo.com,Male,7695994654,UAE,2006-09-12
7825,Karthik,Trivedi,karthik.trivedi7825@example.com,Male,9537127240,Australia,1986-04-30
7826,Sneha,Patel,sneha.patel7826@outlook.com,Female,6517390787,Brazil,1971-02-17
7827,Rohan,Yadav,rohan.yadav7827@example.com,Male,7046355136,India,1979-02-01
7828,Ananya,Gupta,ananya.gupta7828@mail.com,Male,7959382873,India,1993-12-13
7829,Aarav,Reddy,aarav.reddy7829@yahoo.com,Male,7076267901,Germany,1987-12-29
7830,Ritu,Bhatt,ritu.bhatt7830@outlook.com,Male,9424092816,UAE,1969-04-21
7831,Rohan,Nair,rohan.nair7831@yahoo.com,Female,7685249456,UAE,1986-09-27
7832,Aanya,Gupta,aanya.gupta7832@yahoo.com,Male,6776394003,United Kingdom,1991-01-19
7833,Rohan,Pillai,rohan.pillai7833@outlook.com,Male,8532323016,South Africa,1969-11-21
7834,Isha,Verma,isha.verma7834@yahoo.com,Male,6068423572,Canada,1982-02-10
7835,Reyansh,Nair,reyansh.nair7835@outlook.com,Male,7876962064,India,1970-04-19
7836,Pooja,Nair,pooja.nair7836@gmail.com,Male,8833104986,Australia,1991-09-07
7837,Aarav,Bose,aarav.bose7837@mail.com,Male,6019563082,India,1987-12-27
7838,Vihaan,Yadav,vihaan.yadav7838@mail.com,Male,6729643221,France,1967-12-29
7839,Priya,Yadav,priya.yadav7839@yahoo.com,Male,6494011678,UAE,1971-02-18
7840,Sara,Kumar,sara.kumar7840@mail.com,Female,7224662108,Australia,1973-11-02
7841,Priya,Ghosh,priya.ghosh7841@outlook.com,Male,7375038304,United Kingdom,1985-01-11
7842,Diya,Mehta,diya.mehta7842@mail.com,Female,8260221936,United States,1994-12-12
7843,Ritu,Kapoor,ritu.kapoor7843@gmail.com,Male,9490650093,India,1986-03-19
7844,Nisha,Kapoor,nisha.kapoor7844@mail.com,Male,9649341870,United Kingdom,1980-07-12
7845,Rohan,Sharma,rohan.sharma7845@outlook.com,Male,8282051797,UAE,1966-10-31
7846,Ananya,Roy,ananya.roy7846@yahoo.com,Female,6423425663,United States,1988-10-24
7847,Isha,Verma,isha.verma7847@mail.com,Male,9178094850,Germany,1991-05-03
7848,Reyansh,Sharma,reyansh.sharma7848@yahoo.com,Male,8542993239,Brazil,1978-11-16
7849,Vihaan,Reddy,vihaan.reddy7849@example.com,Male,8751933984,UAE,1982-12-24
7850,Aditya,Chauhan,aditya.chauhan7850@outlook.com,Male,7035473687,Germany,1969-08-08
7851,Vihaan,Verma,vihaan.verma7851@outlook.com,Male,8224794283,United States,1992-03-30
7852,Pooja,Pillai,pooja.pillai7852@mail.com,Female,6390174427,France,1997-09-28
7853,Riya,Menon,riya.menon7853@gmail.com,Female,6481283308,France,1980-10-22
7854,Tarun,Malhotra,tarun.malhotra7854@outlook.com,Male,7265949842,UAE,1966-05-22
7855,Ritu,Singh,ritu.singh7855@yahoo.com,Female,6306336813,South Africa,1976-07-13
7856,Kavya,Prasad,kavya.prasad7856@mail.com,Female,6222167537,United States,1971-03-02
7857,Ananya,Agarwal,ananya.agarwal7857@outlook.com,Female,7461093146,Australia,2004-09-05
7858,Diya,Reddy,diya.reddy7858@yahoo.com,Male,9261823012,Brazil,1983-04-23
7859,Sneha,Prasad,sneha.prasad7859@mail.com,Male,9225001629,UAE,2007-08-06
7860,Riya,Verma,riya.verma7860@mail.com,Female,6171723419,South Africa,1982-02-26
7861,Diya,Patel,diya.patel7861@mail.com,Male,9794961161,United States,1966-12-23
7862,Priya,Shah,priya.shah7862@gmail.com,Female,6533023616,United Kingdom,1977-05-09
7863,Arjun,Reddy,arjun.reddy7863@outlook.com,Female,6310216368,India,1995-09-05
7864,Vivaan,Singh,vivaan.singh7864@yahoo.com,Male,7933608961,India,1997-11-30
7865,Tarun,Agarwal,tarun.agarwal7865@gmail.com,Female,7748462747,Australia,1998-07-09
7866,Kavya,Prasad,kavya.prasad7866@yahoo.com,Female,7353545319,United States,2005-10-27
7867,Kiran,Pillai,kiran.pillai7867@mail.com,Female,8113786640,Germany,1989-08-14
7868,Vihaan,Verma,vihaan.verma7868@example.com,Male,8090554348,Brazil,1974-01-21
7869,Sara,Patel,sara.patel7869@example.com,Female,9522950627,Australia,1979-07-01
7870,Arjun,Gupta,arjun.gupta7870@gmail.com,Female,8206773566,Brazil,1974-03-11
7871,Diya,Sharma,diya.sharma7871@example.com,Female,6882574522,Brazil,1975-04-22
7872,Anil,Bose,anil.bose7872@mail.com,Male,8837361155,Brazil,1993-10-02
7873,Sneha,Bhatia,sneha.bhatia7873@yahoo.com,Female,9309567537,United States,1966-11-17
7874,Aanya,Patel,aanya.patel7874@gmail.com,Female,8153024788,Germany,1979-08-01
7875,Ananya,Khan,ananya.khan7875@example.com,Male,9329861656,Brazil,1997-10-27
7876,Sai,Trivedi,sai.trivedi7876@mail.com,Female,8487010319,UAE,1988-11-01
7877,Mohit,Singh,mohit.singh7877@example.com,Male,6625287208,Australia,1989-04-07
7878,Vihaan,Pillai,vihaan.pillai7878@outlook.com,Female,9034821421,Brazil,2002-11-16
7879,Kavya,Naidu,kavya.naidu7879@yahoo.com,Male,8430147887,Canada,1983-01-03
7880,Reyansh,Trivedi,reyansh.trivedi7880@gmail.com,Male,9985380454,India,1992-11-23
7881,Rohan,Pillai,rohan.pillai7881@yahoo.com,Female,8369217461,South Africa,1988-06-24
7882,Aarav,Singh,aarav.singh7882@example.com,Male,8683792160,South Africa,1982-04-16
7883,Rohan,Verma,rohan.verma7883@gmail.com,Male,8214385839,France,1970-02-10
7884,Aanya,Bhatt,aanya.bhatt7884@gmail.com,Female,8164537408,Australia,2006-10-25
7885,Pooja,Bhatia,pooja.bhatia7885@example.com,Female,8459850077,France,1966-05-12
7886,Myra,Nair,myra.nair7886@outlook.com,Female,8240607225,United States,2003-01-12
7887,Arjun,Sharma,arjun.sharma7887@outlook.com,Female,6162141545,United Kingdom,1975-11-30
7888,Priya,Roy,priya.roy7888@yahoo.com,Female,6843099081,South Africa,1990-05-28
7889,Aanya,Iyer,aanya.iyer7889@gmail.com,Female,6912936697,United Kingdom,1989-08-10
7890,Kiran,Shah,kiran.shah7890@mail.com,Male,9163769333,Brazil,1980-03-14
7891,Sunita,Mehta,sunita.mehta7891@example.com,Male,8390478165,Brazil,1989-01-17
7892,Reyansh,Roy,reyansh.roy7892@yahoo.com,Female,7503345556,Germany,1974-06-07
7893,Sunita,Agarwal,sunita.agarwal7893@yahoo.com,Male,9078907100,India,1997-05-06
7894,Vivaan,Malhotra,vivaan.malhotra7894@mail.com,Female,7385750861,United Kingdom,2003-05-05
7895,Aarav,Nair,aarav.nair7895@example.com,Male,7834293364,South Africa,2001-02-14
7896,Mohit,Joshi,mohit.joshi7896@yahoo.com,Male,9140407997,South Africa,2005-09-09
7897,Aditya,Sharma,aditya.sharma7897@gmail.com,Male,9642624591,France,1987-09-10
7898,Tarun,Agarwal,tarun.agarwal7898@gmail.com,Female,8096808874,Australia,1982-05-09
7899,Sunita,Patel,sunita.patel7899@example.com,Female,6833693092,India,1981-09-24
7900,Isha,Shah,isha.shah7900@outlook.com,Female,9324180991,India,1977-02-21
7901,Krishna,Sharma,krishna.sharma7901@mail.com,Female,9488928258,UAE,1985-12-12
7902,Nisha,Bhatt,nisha.bhatt7902@mail.com,Male,9623997642,Canada,1968-07-09
7903,Karthik,Yadav,karthik.yadav7903@gmail.com,Male,6123440997,UAE,1977-07-10
7904,Mohit,Roy,mohit.roy7904@mail.com,Male,9299940995,Canada,1968-07-10
7905,Diya,Agarwal,diya.agarwal7905@outlook.com,Female,6619747339,France,1989-08-19
7906,Anil,Roy,anil.roy7906@example.com,Female,7945359373,Canada,1982-05-23
7907,Sara,Kashyap,sara.kashyap7907@mail.com,Male,7400588268,UAE,1982-08-18
7908,Aarav,Shah,aarav.shah7908@yahoo.com,Male,6889143803,Australia,1983-02-22
7909,Sai,Malhotra,sai.malhotra7909@yahoo.com,Female,7222753656,UAE,1985-11-10
7910,Aarav,Roy,aarav.roy7910@example.com,Female,6238689499,Australia,1980-12-04
7911,Aarav,Ghosh,aarav.ghosh7911@example.com,Female,8851388630,South Africa,1985-08-25
7912,Diya,Das,diya.das7912@mail.com,Male,8862233432,Canada,1978-11-16
7913,Myra,Nair,myra.nair7913@mail.com,Female,6239842769,Brazil,1991-03-05
7914,Sara,Reddy,sara.reddy7914@mail.com,Male,9383805851,South Africa,1975-06-12
7915,Myra,Shah,myra.shah7915@outlook.com,Female,9356275157,UAE,1968-03-30
7916,Priya,Pillai,priya.pillai7916@example.com,Female,9413599545,India,1999-11-11
7917,Rohan,Bhatt,rohan.bhatt7917@mail.com,Male,6941069725,Brazil,1979-03-04
7918,Vivaan,Menon,vivaan.menon7918@outlook.com,Female,6991137355,South Africa,1990-10-26
7919,Sai,Iyer,sai.iyer7919@yahoo.com,Male,6901108819,UAE,1980-02-09
7920,Isha,Roy,isha.roy7920@gmail.com,Female,9074756357,Germany,1975-02-20
7921,Nisha,Verma,nisha.verma7921@outlook.com,Female,9164087930,Australia,2000-11-08
7922,Aarav,Bose,aarav.bose7922@example.com,Male,6433288285,India,1992-07-22
7923,Kavya,Singh,kavya.singh7923@example.com,Female,6039855005,India,1985-01-14
7924,Arjun,Prasad,arjun.prasad7924@example.com,Male,7755909369,France,1976-09-09
7925,Pooja,Kapoor,pooja.kapoor7925@yahoo.com,Male,6594316479,Brazil,1975-01-16
7926,Sunita,Pillai,sunita.pillai7926@outlook.com,Male,6787387568,Canada,1989-09-25
7927,Sahil,Kashyap,sahil.kashyap7927@yahoo.com,Female,6636486475,Australia,1989-03-21
7928,Aarav,Mehta,aarav.mehta7928@example.com,Female,9940754997,Canada,2005-05-18
7929,Karthik,Bose,karthik.bose7929@yahoo.com,Female,8297195731,United States,1997-06-03
7930,Sahil,Ghosh,sahil.ghosh7930@example.com,Female,6544598737,United Kingdom,1998-12-15
7931,Maya,Bhatt,maya.bhatt7931@mail.com,Male,9523488724,United Kingdom,1972-08-19
7932,Tarun,Sharma,tarun.sharma7932@example.com,Male,8360847317,India,1996-05-22
7933,Diya,Sharma,diya.sharma7933@yahoo.com,Female,7860207769,UAE,1999-11-11
7934,Rohan,Das,rohan.das7934@gmail.com,Female,6693889417,UAE,2003-10-02
7935,Nisha,Singh,nisha.singh7935@outlook.com,Male,7771851044,Germany,1966-01-12
7936,Krishna,Singh,krishna.singh7936@gmail.com,Male,9683742384,France,1971-05-16
7937,Krishna,Ghosh,krishna.ghosh7937@gmail.com,Female,7077758554,Australia,1985-09-02
7938,Ritu,Pillai,ritu.pillai7938@example.com,Male,9126718457,Brazil,1982-03-30
7939,Sai,Roy,sai.roy7939@example.com,Male,7789028094,UAE,1966-01-17
7940,Aditya,Naidu,aditya.naidu7940@example.com,Male,9763233221,South Africa,1986-06-03
7941,Maya,Prasad,maya.prasad7941@gmail.com,Male,8878259902,United States,1980-04-07
7942,Sai,Iyer,sai.iyer7942@gmail.com,Male,6130358923,Brazil,1998-07-18
7943,Maya,Agarwal,maya.agarwal7943@gmail.com,Female,8126314438,United Kingdom,1994-05-28
7944,Sahil,Kumar,sahil.kumar7944@yahoo.com,Male,8031463414,Canada,1987-05-14
7945,Sahil,Kashyap,sahil.kashyap7945@gmail.com,Male,9055521930,Germany,1989-05-07
7946,Ananya,Reddy,ananya.reddy7946@example.com,Male,9807444708,United Kingdom,1998-02-24
7947,Aarav,Das,aarav.das7947@gmail.com,Male,9655747213,France,1971-08-21
7948,Ananya,Reddy,ananya.reddy7948@outlook.com,Female,7464849194,India,1976-05-11
7949,Maya,Mehta,maya.mehta7949@yahoo.com,Male,9686330848,Canada,2006-06-02
7950,Vihaan,Bhatia,vihaan.bhatia7950@mail.com,Female,7555971823,UAE,1992-11-25
7951,Rohan,Das,rohan.das7951@gmail.com,Male,9895899447,Canada,1988-12-20
7952,Sara,Kashyap,sara.kashyap7952@gmail.com,Female,8179499150,Canada,1975-02-18
7953,Tarun,Agarwal,tarun.agarwal7953@mail.com,Female,9917767368,India,2007-02-07
7954,Mohit,Iyer,mohit.iyer7954@yahoo.com,Male,6719015605,United States,1967-03-25
7955,Ananya,Khan,ananya.khan7955@example.com,Female,6031149817,Australia,1991-11-09
7956,Sai,Iyer,sai.iyer7956@yahoo.com,Female,8547160401,India,1969-09-18
7957,Sneha,Roy,sneha.roy7957@gmail.com,Male,8133364165,UAE,1981-04-09
7958,Kiran,Ghosh,kiran.ghosh7958@yahoo.com,Male,7245814941,United States,1972-09-09
7959,Vihaan,Bhatt,vihaan.bhatt7959@example.com,Female,9339595321,South Africa,1969-01-19
7960,Sai,Menon,sai.menon7960@yahoo.com,Male,6259686236,United Kingdom,1978-07-08
7961,Maya,Shah,maya.shah7961@outlook.com,Female,8610402174,UAE,1978-12-07
7962,Sunita,Menon,sunita.menon7962@example.com,Male,6696297555,United Kingdom,1997-10-19
7963,Sneha,Ghosh,sneha.ghosh7963@mail.com,Female,7984449864,India,1968-09-06
7964,Ritu,Bose,ritu.bose7964@yahoo.com,Female,7463956072,India,1992-02-05
7965,Ananya,Khan,ananya.khan7965@gmail.com,Male,8726906282,Germany,1980-01-04
7966,Arjun,Nair,arjun.nair7966@gmail.com,Female,6789098031,Germany,1985-06-07
7967,Diya,Verma,diya.verma7967@yahoo.com,Male,8540552446,United Kingdom,1990-02-24
7968,Sara,Mehta,sara.mehta7968@gmail.com,Female,8521328898,India,1980-11-12
7969,Kiran,Shah,kiran.shah7969@example.com,Female,7321229703,South Africa,1977-07-20
7970,Kiran,Khan,kiran.khan7970@mail.com,Female,7299613080,Canada,2002-10-31
7971,Vivaan,Iyer,vivaan.iyer7971@gmail.com,Female,9478506690,Brazil,1994-11-01
7972,Sneha,Pillai,sneha.pillai7972@gmail.com,Male,6259253451,India,2005-11-25
7973,Priya,Agarwal,priya.agarwal7973@gmail.com,Male,8418599275,UAE,1991-10-07
7974,Aarav,Sharma,aarav.sharma7974@example.com,Female,6401350539,United Kingdom,1999-05-25
7975,Aarav,Malhotra,aarav.malhotra7975@outlook.com,Female,8540465546,France,1975-07-07
7976,Ritu,Pillai,ritu.pillai7976@outlook.com,Female,6076501097,South Africa,1965-11-22
7977,Pooja,Iyer,pooja.iyer7977@example.com,Male,7639457466,Canada,1970-03-19
7978,Vihaan,Trivedi,vihaan.trivedi7978@example.com,Male,8012177742,India,1999-12-24
7979,Kavya,Sharma,kavya.sharma7979@gmail.com,Male,6498304839,United Kingdom,1990-03-06
7980,Mohit,Naidu,mohit.naidu7980@example.com,Female,9261701077,India,1967-08-08
7981,Sara,Das,sara.das7981@outlook.com,Female,7064577860,Canada,1966-12-15
7982,Ananya,Bhatia,ananya.bhatia7982@mail.com,Female,9985015601,United Kingdom,2003-08-13
7983,Priya,Patel,priya.patel7983@mail.com,Male,8166809453,France,1985-06-03
7984,Krishna,Bhatia,krishna.bhatia7984@yahoo.com,Male,8542182959,Canada,1999-08-31
7985,Nisha,Kashyap,nisha.kashyap7985@yahoo.com,Female,9653543238,United States,2007-05-22
7986,Riya,Malhotra,riya.malhotra7986@example.com,Male,9858646327,South Africa,1995-09-11
7987,Tarun,Nair,tarun.nair7987@outlook.com,Female,6481357086,Brazil,1970-05-13
7988,Arjun,Joshi,arjun.joshi7988@outlook.com,Male,9765996481,Canada,2007-01-09
7989,Anil,Agarwal,anil.agarwal7989@mail.com,Male,6817001595,Canada,1991-12-03
7990,Priya,Pillai,priya.pillai7990@yahoo.com,Male,7449035215,UAE,1990-03-08
7991,Arjun,Das,arjun.das7991@yahoo.com,Male,7498450934,Germany,1966-12-27
7992,Sara,Naidu,sara.naidu7992@yahoo.com,Female,6409046724,South Africa,1974-05-25
7993,Pooja,Nair,pooja.nair7993@yahoo.com,Male,9585765853,Canada,2004-11-27
7994,Sneha,Yadav,sneha.yadav7994@gmail.com,Male,6438552498,South Africa,1998-10-31
7995,Arjun,Roy,arjun.roy7995@mail.com,Male,7233589235,France,1997-08-09
7996,Sai,Kashyap,sai.kashyap7996@gmail.com,Male,8359908345,UAE,1966-12-23
7997,Riya,Kapoor,riya.kapoor7997@yahoo.com,Male,6913682226,India,1984-06-12
7998,Sunita,Agarwal,sunita.agarwal7998@yahoo.com,Female,7938230883,UAE,1990-08-30
7999,Ritu,Kashyap,ritu.kashyap7999@yahoo.com,Female,9714239168,United Kingdom,1979-04-29
8000,Anil,Malhotra,anil.malhotra8000@mail.com,Female,7274054531,France,1971-04-26
8001,Tarun,Bhatia,tarun.bhatia8001@mail.com,Female,9630391791,India,1990-11-05
8002,Kavya,Sharma,kavya.sharma8002@example.com,Male,8020495626,Brazil,1995-05-22
8003,Arjun,Shah,arjun.shah8003@example.com,Female,8633339651,UAE,2002-09-09
8004,Sunita,Naidu,sunita.naidu8004@mail.com,Male,6280151405,France,1994-06-25
8005,Riya,Yadav,riya.yadav8005@mail.com,Female,7007312620,United States,1966-12-17
8006,Priya,Bhatia,priya.bhatia8006@example.com,Male,6391371501,Brazil,2003-01-26
8007,Myra,Bose,myra.bose8007@mail.com,Female,8691344385,Brazil,1981-12-15
8008,Kavya,Prasad,kavya.prasad8008@gmail.com,Female,9159950642,France,2002-11-14
8009,Aarav,Singh,aarav.singh8009@outlook.com,Female,8769393683,United Kingdom,1977-05-13
8010,Ananya,Patel,ananya.patel8010@mail.com,Male,6132183180,Canada,2007-05-05
8011,Mohit,Kumar,mohit.kumar8011@outlook.com,Male,9902293323,Australia,2006-09-21
8012,Vivaan,Nair,vivaan.nair8012@outlook.com,Male,6299753349,Canada,1970-06-23
8013,Karthik,Ghosh,karthik.ghosh8013@mail.com,Female,9512402482,Canada,2001-01-19
8014,Diya,Nair,diya.nair8014@mail.com,Male,6077092830,Brazil,2002-08-02
8015,Kavya,Yadav,kavya.yadav8015@outlook.com,Female,8479809366,United Kingdom,1982-07-27
8016,Aarav,Das,aarav.das8016@outlook.com,Female,7411755740,Germany,1988-11-02
8017,Kiran,Nair,kiran.nair8017@outlook.com,Male,6213126309,Germany,1983-05-10
8018,Kavya,Khan,kavya.khan8018@yahoo.com,Female,7920854979,Brazil,1971-05-24
8019,Krishna,Singh,krishna.singh8019@yahoo.com,Male,6783384554,Australia,1979-07-06
8020,Myra,Reddy,myra.reddy8020@example.com,Male,7394649258,Brazil,1973-05-21
8021,Maya,Shah,maya.shah8021@gmail.com,Male,8221895987,Canada,1999-06-20
8022,Mohit,Yadav,mohit.yadav8022@example.com,Male,7981958510,India,1987-04-11
8023,Ritu,Yadav,ritu.yadav8023@gmail.com,Male,6902018458,Canada,1974-03-07
8024,Aarav,Pillai,aarav.pillai8024@mail.com,Female,9681780325,United Kingdom,1978-06-22
8025,Nisha,Chauhan,nisha.chauhan8025@example.com,Female,8526095867,France,1995-06-03
8026,Arjun,Prasad,arjun.prasad8026@outlook.com,Male,7543148147,South Africa,1977-04-14
8027,Diya,Chauhan,diya.chauhan8027@example.com,Male,8887530704,Germany,1983-02-01
8028,Aarav,Ghosh,aarav.ghosh8028@yahoo.com,Male,7248962892,India,1984-07-30
8029,Vivaan,Shah,vivaan.shah8029@mail.com,Female,9448764473,Australia,2006-07-26
8030,Diya,Bhatt,diya.bhatt8030@example.com,Female,6693500384,South Africa,1996-06-17
8031,Anil,Pillai,anil.pillai8031@gmail.com,Male,7309427440,Australia,1997-06-27
8032,Sunita,Das,sunita.das8032@example.com,Male,9491643578,South Africa,1988-04-17
8033,Maya,Agarwal,maya.agarwal8033@outlook.com,Female,6286166023,Canada,1981-11-16
8034,Vivaan,Roy,vivaan.roy8034@gmail.com,Female,7976880650,France,1984-08-28
8035,Kiran,Kumar,kiran.kumar8035@example.com,Female,6035504960,India,1993-02-19
8036,Ananya,Chauhan,ananya.chauhan8036@mail.com,Male,7461415113,Brazil,2001-03-02
8037,Riya,Patel,riya.patel8037@mail.com,Female,6463555080,Australia,1974-11-23
8038,Vivaan,Yadav,vivaan.yadav8038@gmail.com,Male,9029318085,Canada,1969-10-07
8039,Karthik,Roy,karthik.roy8039@example.com,Female,8014388822,South Africa,2001-04-14
8040,Karthik,Pillai,karthik.pillai8040@gmail.com,Female,8078417416,France,2000-09-16
8041,Vihaan,Patel,vihaan.patel8041@gmail.com,Female,6528142840,United Kingdom,1998-08-21
8042,Mohit,Singh,mohit.singh8042@example.com,Female,6222980983,United States,1991-04-21
8043,Karthik,Gupta,karthik.gupta8043@gmail.com,Female,7891883252,Germany,2005-01-31
8044,Kiran,Agarwal,kiran.agarwal8044@example.com,Female,9317505522,UAE,2005-08-22
8045,Diya,Naidu,diya.naidu8045@gmail.com,Female,7524850451,France,1989-02-07
8046,Tarun,Iyer,tarun.iyer8046@yahoo.com,Female,9533572713,India,1992-10-09
8047,Nisha,Khan,nisha.khan8047@outlook.com,Female,7335095331,Canada,1970-07-02
8048,Kiran,Chauhan,kiran.chauhan8048@mail.com,Male,6152067675,United Kingdom,1990-06-16
8049,Sunita,Ghosh,sunita.ghosh8049@mail.com,Male,9980534832,United Kingdom,2007-04-09
8050,Aarav,Ghosh,aarav.ghosh8050@gmail.com,Male,9402137734,Australia,2003-11-12
8051,Priya,Bhatt,priya.bhatt8051@outlook.com,Male,9870533501,India,1997-11-15
8052,Sai,Khan,sai.khan8052@outlook.com,Male,8362422275,UAE,1989-11-07
8053,Sara,Das,sara.das8053@outlook.com,Female,6896362187,India,1985-11-01
8054,Isha,Chauhan,isha.chauhan8054@example.com,Female,6950943434,United States,1978-04-22
8055,Aarav,Shah,aarav.shah8055@outlook.com,Female,7258633693,UAE,1970-12-04
8056,Riya,Patel,riya.patel8056@mail.com,Female,6951449936,Germany,1972-01-14
8057,Arjun,Mehta,arjun.mehta8057@yahoo.com,Female,7434012568,Germany,1989-05-17
8058,Nisha,Mehta,nisha.mehta8058@mail.com,Male,8903319060,United States,2005-11-12
8059,Aarav,Chauhan,aarav.chauhan8059@example.com,Male,9640305818,Brazil,2004-05-27
8060,Pooja,Chauhan,pooja.chauhan8060@gmail.com,Female,7988193139,United Kingdom,1972-09-26
8061,Aanya,Reddy,aanya.reddy8061@example.com,Female,6063820586,India,1974-08-25
8062,Arjun,Malhotra,arjun.malhotra8062@gmail.com,Female,7732506291,Australia,1993-04-03
8063,Aanya,Reddy,aanya.reddy8063@outlook.com,Male,6554082337,France,1973-12-30
8064,Karthik,Pillai,karthik.pillai8064@yahoo.com,Female,6450091087,Brazil,1989-12-02
8065,Sara,Agarwal,sara.agarwal8065@example.com,Female,7478588756,Germany,2004-05-16
8066,Sneha,Bhatt,sneha.bhatt8066@mail.com,Male,9875607493,Canada,1973-10-23
8067,Arjun,Yadav,arjun.yadav8067@gmail.com,Male,8921759978,France,1991-10-03
8068,Aditya,Ghosh,aditya.ghosh8068@example.com,Male,8898175355,India,1993-06-08
8069,Kiran,Joshi,kiran.joshi8069@gmail.com,Male,9687437563,India,1984-06-25
8070,Ananya,Chauhan,ananya.chauhan8070@yahoo.com,Male,6861725293,Brazil,1997-03-08
8071,Vihaan,Sharma,vihaan.sharma8071@gmail.com,Male,9907053729,United Kingdom,2006-11-14
8072,Kavya,Bhatia,kavya.bhatia8072@example.com,Male,7805936411,Germany,1994-03-10
8073,Maya,Malhotra,maya.malhotra8073@mail.com,Male,9079484826,Brazil,1999-08-21
8074,Sahil,Kumar,sahil.kumar8074@outlook.com,Male,9738342430,South Africa,1994-08-24
8075,Kiran,Agarwal,kiran.agarwal8075@mail.com,Female,6317837757,United Kingdom,1980-07-29
8076,Tarun,Nair,tarun.nair8076@gmail.com,Female,6962184880,France,2004-06-03
8077,Kiran,Singh,kiran.singh8077@yahoo.com,Male,7982989494,France,1979-03-03
8078,Vivaan,Trivedi,vivaan.trivedi8078@yahoo.com,Male,6982245409,Australia,2000-05-19
8079,Myra,Sharma,myra.sharma8079@example.com,Female,8490575441,India,2003-10-11
8080,Isha,Bose,isha.bose8080@example.com,Female,6100699235,United Kingdom,1989-05-01
8081,Anil,Singh,anil.singh8081@yahoo.com,Female,7065256063,India,1984-09-02
8082,Sunita,Das,sunita.das8082@gmail.com,Male,9073252503,France,1988-03-27
8083,Isha,Gupta,isha.gupta8083@outlook.com,Male,7775511715,Germany,1979-07-19
8084,Aanya,Sharma,aanya.sharma8084@yahoo.com,Female,8246961871,Brazil,1970-01-06
8085,Anil,Ghosh,anil.ghosh8085@example.com,Male,6119175392,UAE,1981-03-09
8086,Mohit,Nair,mohit.nair8086@outlook.com,Female,9965416586,United States,1999-12-25
8087,Riya,Mehta,riya.mehta8087@example.com,Male,7149467945,India,1972-03-31
8088,Riya,Khan,riya.khan8088@gmail.com,Male,6090312270,France,1975-10-05
8089,Aanya,Kumar,aanya.kumar8089@example.com,Male,9173216037,India,1967-05-12
8090,Maya,Das,maya.das8090@yahoo.com,Female,8654546016,Australia,2005-04-02
8091,Isha,Roy,isha.roy8091@mail.com,Male,8788547495,Germany,1979-07-30
8092,Ritu,Pillai,ritu.pillai8092@gmail.com,Female,9178320394,United States,1990-12-11
8093,Anil,Prasad,anil.prasad8093@mail.com,Male,9354051500,United Kingdom,1986-02-16
8094,Myra,Chauhan,myra.chauhan8094@mail.com,Male,7364052968,Australia,1996-10-26
8095,Aanya,Khan,aanya.khan8095@gmail.com,Male,7225362494,Germany,2006-02-25
8096,Anil,Joshi,anil.joshi8096@outlook.com,Female,9689030152,United Kingdom,1974-12-12
8097,Vihaan,Khan,vihaan.khan8097@yahoo.com,Female,7803565048,India,1999-02-28
8098,Krishna,Malhotra,krishna.malhotra8098@example.com,Female,8606860348,UAE,2000-03-12
8099,Aditya,Mehta,aditya.mehta8099@mail.com,Female,9207041045,South Africa,1989-06-19
8100,Ritu,Reddy,ritu.reddy8100@mail.com,Female,9527653168,France,1977-04-29
8101,Nisha,Das,nisha.das8101@outlook.com,Female,7675748326,UAE,1979-01-07
8102,Ananya,Pillai,ananya.pillai8102@gmail.com,Male,9403888018,France,1972-10-23
8103,Riya,Trivedi,riya.trivedi8103@example.com,Male,6246056100,Australia,1993-02-03
8104,Nisha,Joshi,nisha.joshi8104@outlook.com,Female,8067302544,Canada,1970-07-05
8105,Anil,Kapoor,anil.kapoor8105@mail.com,Female,7852314164,Canada,1982-11-22
8106,Myra,Ghosh,myra.ghosh8106@outlook.com,Male,8859642985,UAE,2006-03-21
8107,Tarun,Menon,tarun.menon8107@example.com,Male,8656344429,Brazil,2003-05-26
8108,Reyansh,Reddy,reyansh.reddy8108@mail.com,Male,8709076122,France,1985-11-07
8109,Sahil,Trivedi,sahil.trivedi8109@outlook.com,Female,8770395067,United Kingdom,1995-10-18
8110,Sahil,Menon,sahil.menon8110@outlook.com,Male,9743431584,United Kingdom,1994-05-10
8111,Rohan,Mehta,rohan.mehta8111@gmail.com,Female,9600593813,Germany,2002-12-26
8112,Sneha,Singh,sneha.singh8112@mail.com,Female,7752931698,UAE,1995-01-15
8113,Aarav,Iyer,aarav.iyer8113@outlook.com,Female,6943243467,UAE,1974-08-06
8114,Kiran,Prasad,kiran.prasad8114@yahoo.com,Male,9531915144,United States,1994-05-22
8115,Aanya,Mehta,aanya.mehta8115@gmail.com,Male,8224312637,United Kingdom,1967-03-19
8116,Krishna,Reddy,krishna.reddy8116@mail.com,Male,9026888779,India,1998-08-18
8117,Arjun,Kumar,arjun.kumar8117@example.com,Female,9845197989,United States,2004-11-08
8118,Reyansh,Yadav,reyansh.yadav8118@mail.com,Female,6455770700,Germany,1986-10-01
8119,Vivaan,Kumar,vivaan.kumar8119@yahoo.com,Male,6336956935,India,2007-01-18
8120,Priya,Kapoor,priya.kapoor8120@gmail.com,Female,8380884042,UAE,1968-06-07
8121,Ananya,Malhotra,ananya.malhotra8121@gmail.com,Male,7994068174,Germany,1989-10-26
8122,Ananya,Malhotra,ananya.malhotra8122@outlook.com,Male,9299577066,South Africa,1995-12-04
8123,Sunita,Agarwal,sunita.agarwal8123@mail.com,Female,7654013377,South Africa,2007-02-10
8124,Ananya,Yadav,ananya.yadav8124@yahoo.com,Male,6571350397,UAE,1986-06-27
8125,Riya,Trivedi,riya.trivedi8125@yahoo.com,Male,7709447015,Australia,1975-04-25
8126,Anil,Bhatia,anil.bhatia8126@mail.com,Male,6103169214,South Africa,1992-06-13
8127,Pooja,Shah,pooja.shah8127@outlook.com,Female,6963279081,France,2004-02-16
8128,Aditya,Ghosh,aditya.ghosh8128@mail.com,Male,8103951648,Canada,1981-10-14
8129,Kiran,Malhotra,kiran.malhotra8129@mail.com,Female,7237033523,France,1999-06-01
8130,Kiran,Chauhan,kiran.chauhan8130@mail.com,Male,6015416024,South Africa,2000-05-01
8131,Nisha,Gupta,nisha.gupta8131@yahoo.com,Male,6515256571,Brazil,1974-10-03
8132,Mohit,Singh,mohit.singh8132@example.com,Male,6834389960,Canada,1993-03-28
8133,Isha,Trivedi,isha.trivedi8133@example.com,Male,6822245533,Brazil,2005-07-27
8134,Riya,Bhatt,riya.bhatt8134@gmail.com,Male,7326712319,United Kingdom,2003-09-11
8135,Sai,Shah,sai.shah8135@example.com,Female,8163524643,UAE,1983-12-25
8136,Kavya,Yadav,kavya.yadav8136@example.com,Male,9442204085,Australia,1972-06-08
8137,Vihaan,Khan,vihaan.khan8137@yahoo.com,Female,8071303696,Australia,1990-10-04
8138,Kiran,Agarwal,kiran.agarwal8138@example.com,Male,9838234727,United States,1998-03-07
8139,Kavya,Trivedi,kavya.trivedi8139@yahoo.com,Male,9841255374,Australia,1997-11-24
8140,Mohit,Joshi,mohit.joshi8140@mail.com,Male,6685748496,United Kingdom,1969-09-13
8141,Vihaan,Joshi,vihaan.joshi8141@mail.com,Male,7262846959,UAE,1998-04-16
8142,Priya,Patel,priya.patel8142@outlook.com,Male,8182077055,United States,2000-01-03
8143,Kavya,Das,kavya.das8143@yahoo.com,Female,9681349809,UAE,1985-05-17
8144,Reyansh,Yadav,reyansh.yadav8144@mail.com,Female,9302954584,United States,1994-09-03
8145,Vivaan,Trivedi,vivaan.trivedi8145@example.com,Female,7265119603,France,1986-04-25
8146,Ananya,Mehta,ananya.mehta8146@mail.com,Female,6952731834,South Africa,1989-11-26
8147,Sahil,Nair,sahil.nair8147@outlook.com,Male,9909662385,South Africa,2000-04-05
8148,Nisha,Verma,nisha.verma8148@mail.com,Male,8835287723,France,1998-08-12
8149,Nisha,Nair,nisha.nair8149@example.com,Male,6891751029,Australia,2001-04-15
8150,Nisha,Agarwal,nisha.agarwal8150@mail.com,Male,7899600354,France,1995-06-01
8151,Rohan,Trivedi,rohan.trivedi8151@mail.com,Female,6817393091,Brazil,2002-01-23
8152,Sara,Pillai,sara.pillai8152@example.com,Female,8358662596,UAE,2005-11-11
8153,Arjun,Bhatia,arjun.bhatia8153@gmail.com,Male,8629051294,UAE,1999-10-04
8154,Riya,Trivedi,riya.trivedi8154@mail.com,Female,6957423558,United States,1973-07-24
8155,Aarav,Bhatt,aarav.bhatt8155@yahoo.com,Male,7690038245,Canada,1972-10-12
8156,Ananya,Verma,ananya.verma8156@example.com,Male,6318120875,Germany,1967-07-02
8157,Tarun,Joshi,tarun.joshi8157@outlook.com,Female,9294126646,Australia,1968-06-24
8158,Kavya,Sharma,kavya.sharma8158@gmail.com,Male,8731020545,South Africa,1968-12-11
8159,Reyansh,Gupta,reyansh.gupta8159@mail.com,Female,9304991887,Canada,2004-05-04
8160,Diya,Roy,diya.roy8160@yahoo.com,Male,8844342243,Canada,1992-10-27
8161,Ritu,Kumar,ritu.kumar8161@yahoo.com,Male,8295195830,UAE,1976-07-15
8162,Nisha,Nair,nisha.nair8162@outlook.com,Male,8331881397,France,1979-06-26
8163,Anil,Prasad,anil.prasad8163@yahoo.com,Male,9656067443,Germany,1987-01-30
8164,Isha,Shah,isha.shah8164@gmail.com,Female,8226526723,Germany,1994-12-05
8165,Priya,Kashyap,priya.kashyap8165@yahoo.com,Female,9620182878,India,1992-02-16
8166,Ritu,Shah,ritu.shah8166@example.com,Male,7299127768,UAE,1976-07-24
8167,Vivaan,Kapoor,vivaan.kapoor8167@mail.com,Male,6699799056,Australia,1981-12-18
8168,Sneha,Ghosh,sneha.ghosh8168@outlook.com,Male,7740355377,Canada,1968-08-22
8169,Pooja,Iyer,pooja.iyer8169@mail.com,Male,7751541791,United Kingdom,1980-05-03
8170,Myra,Joshi,myra.joshi8170@example.com,Female,6344653500,Australia,1976-07-17
8171,Karthik,Malhotra,karthik.malhotra8171@outlook.com,Male,8179218681,Australia,2005-12-29
8172,Sahil,Shah,sahil.shah8172@gmail.com,Female,7073412577,Brazil,1982-10-03
8173,Sneha,Das,sneha.das8173@outlook.com,Female,8008247881,United Kingdom,1994-07-18
8174,Aditya,Khan,aditya.khan8174@gmail.com,Female,6745159816,Brazil,1983-06-27
8175,Vihaan,Ghosh,vihaan.ghosh8175@gmail.com,Male,7559754816,UAE,2000-07-12
8176,Sara,Agarwal,sara.agarwal8176@example.com,Female,6374442444,United Kingdom,1982-05-02
8177,Vihaan,Verma,vihaan.verma8177@example.com,Male,8040585606,South Africa,1996-11-23
8178,Pooja,Menon,pooja.menon8178@gmail.com,Male,6568819510,Brazil,1993-09-05
8179,Vihaan,Bhatt,vihaan.bhatt8179@example.com,Male,9485078103,India,1974-10-16
8180,Karthik,Khan,karthik.khan8180@outlook.com,Female,8273263231,Germany,1968-12-31
8181,Rohan,Nair,rohan.nair8181@gmail.com,Male,8350775912,India,1992-09-27
8182,Sunita,Roy,sunita.roy8182@yahoo.com,Male,6854988104,Brazil,1984-10-10
8183,Anil,Ghosh,anil.ghosh8183@mail.com,Female,8538276964,Canada,1989-09-29
8184,Sahil,Mehta,sahil.mehta8184@mail.com,Male,6331475610,Brazil,1999-12-19
8185,Rohan,Gupta,rohan.gupta8185@example.com,Female,8171720905,Germany,1998-11-06
8186,Tarun,Iyer,tarun.iyer8186@yahoo.com,Female,6627548330,India,1975-02-12
8187,Sahil,Bhatt,sahil.bhatt8187@mail.com,Male,7128274061,United Kingdom,2003-03-13
8188,Reyansh,Roy,reyansh.roy8188@example.com,Female,8427937005,Brazil,2003-10-21
8189,Aarav,Agarwal,aarav.agarwal8189@gmail.com,Female,7485307474,Canada,1988-01-19
8190,Maya,Shah,maya.shah8190@outlook.com,Male,8783380176,France,1993-10-20
8191,Diya,Prasad,diya.prasad8191@yahoo.com,Male,6437616706,South Africa,1968-02-18
8192,Isha,Joshi,isha.joshi8192@gmail.com,Female,6022466629,Brazil,1984-08-01
8193,Sai,Patel,sai.patel8193@gmail.com,Female,7541828099,Germany,2000-11-08
8194,Sahil,Trivedi,sahil.trivedi8194@outlook.com,Male,8301906317,UAE,1969-06-10
8195,Rohan,Shah,rohan.shah8195@mail.com,Female,9769304787,Canada,1997-04-29
8196,Reyansh,Das,reyansh.das8196@gmail.com,Male,7045707905,Canada,1987-05-02
8197,Priya,Ghosh,priya.ghosh8197@gmail.com,Male,9589666267,Germany,2007-10-22
8198,Vihaan,Kumar,vihaan.kumar8198@example.com,Male,6733461135,South Africa,1999-04-19
8199,Krishna,Menon,krishna.menon8199@outlook.com,Male,9205688527,Germany,1966-07-23
8200,Reyansh,Kashyap,reyansh.kashyap8200@example.com,Male,7801077330,United States,1999-01-14
8201,Myra,Kashyap,myra.kashyap8201@gmail.com,Male,6768324000,Germany,1978-03-23
8202,Sunita,Shah,sunita.shah8202@mail.com,Male,8467152190,Germany,2000-06-13
8203,Vihaan,Nair,vihaan.nair8203@outlook.com,Female,9345545299,United Kingdom,1989-08-03
8204,Vihaan,Chauhan,vihaan.chauhan8204@outlook.com,Female,6516667084,United States,1988-12-05
8205,Sunita,Gupta,sunita.gupta8205@example.com,Female,6545674553,Brazil,1984-07-09
8206,Aanya,Das,aanya.das8206@example.com,Male,8427521917,UAE,1974-09-14
8207,Nisha,Kashyap,nisha.kashyap8207@gmail.com,Female,8571904628,India,1981-07-04
8208,Ananya,Chauhan,ananya.chauhan8208@outlook.com,Female,8944814365,South Africa,2004-02-17
8209,Reyansh,Chauhan,reyansh.chauhan8209@example.com,Male,8732641855,South Africa,2005-11-13
8210,Tarun,Gupta,tarun.gupta8210@outlook.com,Female,9820392416,Brazil,1977-09-27
8211,Reyansh,Pillai,reyansh.pillai8211@mail.com,Female,8460385342,United Kingdom,2004-05-20
8212,Vihaan,Singh,vihaan.singh8212@yahoo.com,Female,6725199483,Canada,1971-05-16
8213,Karthik,Ghosh,karthik.ghosh8213@mail.com,Male,6466314695,France,1998-07-12
8214,Anil,Reddy,anil.reddy8214@example.com,Female,6001044564,Germany,1987-06-20
8215,Aditya,Verma,aditya.verma8215@mail.com,Female,8921198364,South Africa,1988-12-03
8216,Kiran,Naidu,kiran.naidu8216@example.com,Male,7624093532,UAE,1992-01-29
8217,Tarun,Chauhan,tarun.chauhan8217@yahoo.com,Female,8583647779,South Africa,2004-09-13
8218,Vivaan,Shah,vivaan.shah8218@yahoo.com,Male,7187413026,Brazil,1976-01-30
8219,Tarun,Bhatt,tarun.bhatt8219@gmail.com,Female,7293392918,Canada,1978-01-25
8220,Rohan,Patel,rohan.patel8220@example.com,Male,7725930219,United Kingdom,1986-11-29
8221,Kavya,Gupta,kavya.gupta8221@yahoo.com,Female,8075033858,United States,1971-12-19
8222,Nisha,Naidu,nisha.naidu8222@yahoo.com,Female,9474043558,Canada,2006-04-30
8223,Sara,Iyer,sara.iyer8223@yahoo.com,Female,6597735451,United Kingdom,1995-11-11
8224,Riya,Patel,riya.patel8224@outlook.com,Female,7790500989,Canada,1977-10-09
8225,Diya,Sharma,diya.sharma8225@mail.com,Male,8676956979,Brazil,1981-01-26
8226,Anil,Joshi,anil.joshi8226@yahoo.com,Female,9038523752,Australia,1982-11-17
8227,Anil,Patel,anil.patel8227@mail.com,Male,8920599345,India,2004-09-27
8228,Sneha,Ghosh,sneha.ghosh8228@gmail.com,Female,7336632455,France,1995-07-12
8229,Isha,Iyer,isha.iyer8229@example.com,Male,9005771168,United Kingdom,1990-09-13
8230,Sai,Pillai,sai.pillai8230@outlook.com,Female,8280265374,France,1965-11-21
8231,Sunita,Bhatt,sunita.bhatt8231@yahoo.com,Female,8107303073,Brazil,1986-11-03
8232,Kiran,Chauhan,kiran.chauhan8232@yahoo.com,Female,7232365842,France,2004-12-22
8233,Rohan,Shah,rohan.shah8233@mail.com,Male,9826535718,United States,2006-08-03
8234,Aarav,Malhotra,aarav.malhotra8234@example.com,Male,6273268881,UAE,2002-09-07
8235,Maya,Pillai,maya.pillai8235@mail.com,Female,8319180207,Canada,1968-02-17
8236,Sara,Kashyap,sara.kashyap8236@gmail.com,Male,9797587492,Brazil,1988-10-31
8237,Diya,Kashyap,diya.kashyap8237@gmail.com,Female,8685559674,Australia,1966-09-12
8238,Sai,Trivedi,sai.trivedi8238@yahoo.com,Female,9651663153,France,1969-06-01
8239,Vivaan,Bose,vivaan.bose8239@example.com,Female,8158121418,Canada,1996-06-03
8240,Maya,Roy,maya.roy8240@yahoo.com,Female,7738310107,France,1982-02-16
8241,Aarav,Iyer,aarav.iyer8241@mail.com,Female,7722760148,Brazil,1966-02-28
8242,Aanya,Joshi,aanya.joshi8242@gmail.com,Female,8965567013,United Kingdom,2002-07-22
8243,Anil,Pillai,anil.pillai8243@gmail.com,Female,7386720084,Brazil,1984-08-09
8244,Sneha,Bhatia,sneha.bhatia8244@example.com,Male,8935851453,Germany,1975-07-16
8245,Sneha,Malhotra,sneha.malhotra8245@gmail.com,Male,9796806888,United Kingdom,2003-04-04
8246,Arjun,Sharma,arjun.sharma8246@outlook.com,Male,7940182180,Brazil,2002-11-27
8247,Aarav,Trivedi,aarav.trivedi8247@gmail.com,Female,8051682665,Germany,1966-06-05
8248,Kavya,Chauhan,kavya.chauhan8248@example.com,Male,8565213710,South Africa,2000-06-11
8249,Rohan,Mehta,rohan.mehta8249@example.com,Female,8663892122,Canada,1997-11-20
8250,Aditya,Kumar,aditya.kumar8250@example.com,Female,6729752111,South Africa,2004-10-18
8251,Riya,Joshi,riya.joshi8251@mail.com,Female,9394083159,Germany,1973-07-02
8252,Maya,Kapoor,maya.kapoor8252@mail.com,Female,8567103896,South Africa,1981-10-11
8253,Kavya,Joshi,kavya.joshi8253@yahoo.com,Male,7564135372,Australia,1971-07-30
8254,Nisha,Yadav,nisha.yadav8254@yahoo.com,Male,7791898728,UAE,1971-11-19
8255,Tarun,Menon,tarun.menon8255@yahoo.com,Female,6094149108,United States,1969-11-21
8256,Myra,Agarwal,myra.agarwal8256@gmail.com,Female,8901233688,United States,2002-10-27
8257,Rohan,Shah,rohan.shah8257@gmail.com,Female,7624087841,France,1966-04-21
8258,Arjun,Gupta,arjun.gupta8258@mail.com,Male,9435697810,India,2000-10-27
8259,Sahil,Das,sahil.das8259@mail.com,Female,8517812343,United Kingdom,1971-02-25
8260,Anil,Patel,anil.patel8260@yahoo.com,Female,7899534820,Germany,1983-04-09
8261,Anil,Bhatia,anil.bhatia8261@mail.com,Male,7728611087,India,1999-09-25
8262,Mohit,Sharma,mohit.sharma8262@outlook.com,Female,6278638950,United States,1985-07-24
8263,Aanya,Patel,aanya.patel8263@gmail.com,Female,9326778175,Germany,2005-03-29
8264,Sai,Kashyap,sai.kashyap8264@yahoo.com,Male,7108758220,Brazil,1987-11-23
8265,Tarun,Kapoor,tarun.kapoor8265@gmail.com,Male,9588987802,Australia,1984-03-10
8266,Priya,Mehta,priya.mehta8266@mail.com,Male,8934182633,Australia,1968-03-25
8267,Priya,Prasad,priya.prasad8267@mail.com,Female,6256464144,UAE,1996-07-06
8268,Riya,Mehta,riya.mehta8268@mail.com,Male,6488660043,United States,2005-04-25
8269,Diya,Singh,diya.singh8269@yahoo.com,Male,8696644133,Canada,1975-11-22
8270,Priya,Ghosh,priya.ghosh8270@gmail.com,Female,8709584901,Canada,1979-08-12
8271,Aditya,Bhatt,aditya.bhatt8271@mail.com,Female,9206323288,Brazil,1979-03-08
8272,Rohan,Patel,rohan.patel8272@mail.com,Female,6721188549,South Africa,1976-11-30
8273,Rohan,Nair,rohan.nair8273@example.com,Male,9769224003,United States,1980-11-06
8274,Mohit,Joshi,mohit.joshi8274@gmail.com,Female,7786705287,Brazil,2000-04-09
8275,Sai,Menon,sai.menon8275@outlook.com,Female,7423765360,Brazil,1996-10-26
8276,Kiran,Joshi,kiran.joshi8276@yahoo.com,Male,8224030291,Australia,1991-02-05
8277,Tarun,Verma,tarun.verma8277@yahoo.com,Male,8470580582,India,2006-04-14
8278,Karthik,Yadav,karthik.yadav8278@gmail.com,Female,8222980965,South Africa,1982-04-07
8279,Kavya,Patel,kavya.patel8279@example.com,Male,6296512472,France,1985-04-24
8280,Ritu,Bhatt,ritu.bhatt8280@example.com,Female,9039465768,Brazil,1998-12-17
8281,Karthik,Joshi,karthik.joshi8281@mail.com,Male,9513693759,France,1966-04-21
8282,Ananya,Chauhan,ananya.chauhan8282@outlook.com,Male,8629593961,South Africa,2003-12-27
8283,Aarav,Reddy,aarav.reddy8283@outlook.com,Male,7716918004,Canada,1981-03-19
8284,Tarun,Agarwal,tarun.agarwal8284@mail.com,Male,8745907899,United Kingdom,1989-06-06
8285,Riya,Gupta,riya.gupta8285@mail.com,Female,9122764243,Germany,1981-12-15
8286,Vihaan,Roy,vihaan.roy8286@example.com,Male,7929497213,United States,1983-08-05
8287,Arjun,Trivedi,arjun.trivedi8287@gmail.com,Female,6074919502,United States,1971-08-08
8288,Ritu,Iyer,ritu.iyer8288@gmail.com,Male,6032491804,Canada,1968-09-03
8289,Diya,Ghosh,diya.ghosh8289@example.com,Male,7507309325,United Kingdom,2002-12-22
8290,Aanya,Bhatt,aanya.bhatt8290@gmail.com,Female,8492383304,Australia,1976-01-16
8291,Sahil,Bhatt,sahil.bhatt8291@mail.com,Male,9955825075,South Africa,1975-06-23
8292,Karthik,Bhatia,karthik.bhatia8292@example.com,Male,7070897546,India,2004-08-27
8293,Vivaan,Shah,vivaan.shah8293@gmail.com,Female,8995278879,Germany,1966-01-03
8294,Krishna,Chauhan,krishna.chauhan8294@example.com,Male,6267666111,France,2003-01-12
8295,Sunita,Kashyap,sunita.kashyap8295@yahoo.com,Male,8516866016,Canada,1993-11-29
8296,Arjun,Menon,arjun.menon8296@outlook.com,Female,6186338463,South Africa,2007-01-21
8297,Reyansh,Khan,reyansh.khan8297@example.com,Female,6827021672,South Africa,2002-02-12
8298,Priya,Bhatt,priya.bhatt8298@yahoo.com,Male,8667648551,United Kingdom,1996-09-23
8299,Riya,Gupta,riya.gupta8299@mail.com,Male,8113754303,Australia,1979-11-17
8300,Aditya,Khan,aditya.khan8300@gmail.com,Male,6594584441,United States,2006-08-08
8301,Mohit,Iyer,mohit.iyer8301@yahoo.com,Male,7516090822,Germany,2001-05-02
8302,Riya,Bhatia,riya.bhatia8302@gmail.com,Female,9985846416,South Africa,1972-04-06
8303,Myra,Bhatt,myra.bhatt8303@gmail.com,Female,9035595555,UAE,2003-12-25
8304,Kavya,Verma,kavya.verma8304@example.com,Female,7874165953,India,1996-12-12
8305,Karthik,Chauhan,karthik.chauhan8305@outlook.com,Male,6846857780,United Kingdom,1989-02-21
8306,Vivaan,Trivedi,vivaan.trivedi8306@gmail.com,Male,8514077312,France,1996-11-18
8307,Vihaan,Bhatia,vihaan.bhatia8307@mail.com,Female,7690324064,United Kingdom,1970-09-02
8308,Reyansh,Yadav,reyansh.yadav8308@yahoo.com,Male,9090166710,United States,1978-05-18
8309,Pooja,Mehta,pooja.mehta8309@mail.com,Female,8797656403,UAE,1972-03-22
8310,Anil,Shah,anil.shah8310@mail.com,Female,6587545343,Australia,1984-05-16
8311,Vihaan,Verma,vihaan.verma8311@example.com,Male,8177668600,United Kingdom,2000-10-30
8312,Sneha,Shah,sneha.shah8312@mail.com,Female,6729045165,UAE,1976-09-21
8313,Vihaan,Patel,vihaan.patel8313@mail.com,Female,9071634056,Brazil,1984-01-17
8314,Tarun,Das,tarun.das8314@outlook.com,Male,8858517841,South Africa,2002-07-12
8315,Krishna,Gupta,krishna.gupta8315@yahoo.com,Female,6272982648,UAE,1981-02-15
8316,Karthik,Kumar,karthik.kumar8316@yahoo.com,Female,9196839018,Australia,1992-10-11
8317,Karthik,Prasad,karthik.prasad8317@mail.com,Female,9440899625,France,1982-10-08
8318,Aarav,Kumar,aarav.kumar8318@gmail.com,Male,8572687054,UAE,1970-08-08
8319,Tarun,Malhotra,tarun.malhotra8319@yahoo.com,Male,8199350927,France,1973-11-03
8320,Rohan,Joshi,rohan.joshi8320@mail.com,Female,6566067241,India,1972-03-31
8321,Aanya,Mehta,aanya.mehta8321@mail.com,Female,9517980238,UAE,1972-08-16
8322,Myra,Kumar,myra.kumar8322@mail.com,Male,7047314310,Brazil,2003-07-07
8323,Kiran,Singh,kiran.singh8323@yahoo.com,Female,7976728190,France,1982-04-03
8324,Sara,Gupta,sara.gupta8324@example.com,Male,7494943193,Brazil,1986-01-29
8325,Tarun,Prasad,tarun.prasad8325@outlook.com,Female,8971675942,Canada,1971-02-20
8326,Isha,Trivedi,isha.trivedi8326@yahoo.com,Male,7150382394,India,1977-11-05
8327,Sneha,Shah,sneha.shah8327@outlook.com,Female,8880606865,Brazil,1970-03-15
8328,Sneha,Kapoor,sneha.kapoor8328@mail.com,Male,7528575370,Germany,1966-05-04
8329,Aanya,Pillai,aanya.pillai8329@gmail.com,Male,7987088431,United States,1966-12-06
8330,Ritu,Prasad,ritu.prasad8330@gmail.com,Female,7676212933,South Africa,1987-02-14
8331,Ritu,Kapoor,ritu.kapoor8331@gmail.com,Female,9605134829,Canada,1988-10-04
8332,Isha,Das,isha.das8332@yahoo.com,Male,6671278271,United Kingdom,2001-11-04
8333,Tarun,Patel,tarun.patel8333@gmail.com,Female,9252248401,South Africa,1987-03-04
8334,Ananya,Kashyap,ananya.kashyap8334@yahoo.com,Male,6792698594,Brazil,1968-12-03
8335,Mohit,Bhatt,mohit.bhatt8335@yahoo.com,Male,8014223423,United States,1996-03-10
8336,Aditya,Roy,aditya.roy8336@gmail.com,Male,6376540867,Brazil,1996-05-01
8337,Isha,Kapoor,isha.kapoor8337@mail.com,Male,9632457377,Brazil,2002-03-02
8338,Sunita,Menon,sunita.menon8338@gmail.com,Male,6211859747,Germany,2004-10-18
8339,Aditya,Sharma,aditya.sharma8339@mail.com,Male,9817992227,United Kingdom,1991-06-05
8340,Reyansh,Naidu,reyansh.naidu8340@example.com,Male,8479285554,United Kingdom,1983-03-11
8341,Tarun,Roy,tarun.roy8341@yahoo.com,Male,7782403025,United States,1971-11-28
8342,Sara,Gupta,sara.gupta8342@gmail.com,Male,8931252930,UAE,2001-04-29
8343,Reyansh,Kumar,reyansh.kumar8343@outlook.com,Male,6399142103,Germany,2005-12-07
8344,Sara,Naidu,sara.naidu8344@example.com,Male,6762650410,Brazil,1989-02-04
8345,Myra,Chauhan,myra.chauhan8345@mail.com,Male,8135460347,United Kingdom,2004-02-16
8346,Sneha,Bose,sneha.bose8346@outlook.com,Male,7360616931,United Kingdom,1999-01-16
8347,Tarun,Naidu,tarun.naidu8347@example.com,Male,8476875440,Australia,1979-07-28
8348,Rohan,Naidu,rohan.naidu8348@outlook.com,Male,7848310723,Australia,1969-08-22
8349,Diya,Joshi,diya.joshi8349@gmail.com,Male,8391495457,Germany,1966-05-12
8350,Vihaan,Malhotra,vihaan.malhotra8350@mail.com,Female,9939678546,South Africa,1979-06-17
8351,Reyansh,Pillai,reyansh.pillai8351@outlook.com,Male,7639813350,United Kingdom,2006-06-10
8352,Aanya,Patel,aanya.patel8352@example.com,Male,9463399803,United Kingdom,1986-04-01
8353,Aarav,Joshi,aarav.joshi8353@yahoo.com,Female,8344164709,Germany,1991-01-10
8354,Krishna,Verma,krishna.verma8354@yahoo.com,Female,9899129706,India,1994-01-14
8355,Aditya,Joshi,aditya.joshi8355@yahoo.com,Female,9154132873,Australia,1981-10-05
8356,Anil,Naidu,anil.naidu8356@gmail.com,Male,7034997271,Australia,2001-02-11
8357,Rohan,Sharma,rohan.sharma8357@example.com,Male,6957945637,United Kingdom,2002-11-20
8358,Sai,Menon,sai.menon8358@yahoo.com,Male,6774378737,United Kingdom,1984-11-20
8359,Priya,Khan,priya.khan8359@mail.com,Female,9622434179,India,1996-11-05
8360,Mohit,Prasad,mohit.prasad8360@mail.com,Female,6543078521,United States,1977-05-30
8361,Priya,Roy,priya.roy8361@yahoo.com,Female,9178386417,Brazil,1985-01-13
8362,Ritu,Naidu,ritu.naidu8362@yahoo.com,Male,9352377885,United Kingdom,1987-05-19
8363,Nisha,Sharma,nisha.sharma8363@mail.com,Female,8436819207,Germany,1977-05-30
8364,Vivaan,Bose,vivaan.bose8364@gmail.com,Female,7234755616,Germany,1994-11-04
8365,Pooja,Chauhan,pooja.chauhan8365@outlook.com,Male,9375116704,Brazil,2007-02-19
8366,Kavya,Yadav,kavya.yadav8366@mail.com,Female,7931249532,Australia,1998-08-19
8367,Myra,Das,myra.das8367@example.com,Female,7125058292,Canada,1985-12-08
8368,Isha,Pillai,isha.pillai8368@mail.com,Female,9427505845,South Africa,1972-06-18
8369,Vihaan,Patel,vihaan.patel8369@yahoo.com,Male,7213991841,South Africa,1980-09-30
8370,Sahil,Bhatt,sahil.bhatt8370@example.com,Male,6484197365,France,1970-09-29
8371,Krishna,Yadav,krishna.yadav8371@mail.com,Male,9859731999,United Kingdom,1973-06-07
8372,Sneha,Roy,sneha.roy8372@example.com,Male,8621630833,Australia,1974-05-28
8373,Maya,Iyer,maya.iyer8373@yahoo.com,Male,8377779439,Brazil,1992-09-10
8374,Ritu,Bhatia,ritu.bhatia8374@yahoo.com,Male,9970045684,France,1999-08-17
8375,Kiran,Kashyap,kiran.kashyap8375@example.com,Female,9418505054,South Africa,1989-09-21
8376,Priya,Naidu,priya.naidu8376@example.com,Male,8932585258,France,1993-02-14
8377,Arjun,Bhatia,arjun.bhatia8377@gmail.com,Male,9288463049,United Kingdom,1994-01-31
8378,Kavya,Malhotra,kavya.malhotra8378@outlook.com,Female,8752574191,United Kingdom,1991-01-08
8379,Riya,Bhatt,riya.bhatt8379@mail.com,Male,7264371124,South Africa,1973-03-24
8380,Mohit,Yadav,mohit.yadav8380@yahoo.com,Male,9733907345,India,1982-10-29
8381,Ritu,Yadav,ritu.yadav8381@outlook.com,Male,6141895740,Australia,1993-10-13
8382,Sunita,Gupta,sunita.gupta8382@yahoo.com,Male,7032557985,UAE,1990-12-12
8383,Sai,Bhatia,sai.bhatia8383@outlook.com,Female,6802143127,United States,1991-05-13
8384,Riya,Singh,riya.singh8384@gmail.com,Female,6652934740,France,1997-11-12
8385,Ritu,Menon,ritu.menon8385@example.com,Male,7158270081,France,1973-04-19
8386,Krishna,Menon,krishna.menon8386@outlook.com,Female,9659085904,Brazil,1979-04-21
8387,Myra,Chauhan,myra.chauhan8387@mail.com,Female,9294161731,United States,1985-05-26
8388,Maya,Sharma,maya.sharma8388@outlook.com,Male,7966230341,United States,2002-07-22
8389,Reyansh,Roy,reyansh.roy8389@yahoo.com,Male,7003962908,France,1976-01-15
8390,Diya,Joshi,diya.joshi8390@gmail.com,Male,7076113482,Canada,1980-01-11
8391,Myra,Prasad,myra.prasad8391@outlook.com,Male,8609286608,United Kingdom,1987-07-01
8392,Vivaan,Verma,vivaan.verma8392@example.com,Female,7699655819,Germany,1993-04-17
8393,Vivaan,Kapoor,vivaan.kapoor8393@outlook.com,Female,7997419815,Canada,1991-09-11
8394,Ritu,Kumar,ritu.kumar8394@outlook.com,Female,8491227809,Canada,1992-08-08
8395,Arjun,Roy,arjun.roy8395@example.com,Male,8137145607,South Africa,1990-03-05
8396,Maya,Kashyap,maya.kashyap8396@outlook.com,Male,7069460221,Australia,2006-08-04
8397,Nisha,Roy,nisha.roy8397@yahoo.com,Female,7980709276,United States,2005-06-11
8398,Arjun,Trivedi,arjun.trivedi8398@yahoo.com,Female,8541490700,Germany,1999-06-29
8399,Krishna,Menon,krishna.menon8399@gmail.com,Female,9648098969,Australia,1995-09-04
8400,Vivaan,Das,vivaan.das8400@gmail.com,Female,8710321064,India,2004-02-04
8401,Tarun,Menon,tarun.menon8401@yahoo.com,Female,6122947023,Germany,1992-06-12
8402,Sai,Trivedi,sai.trivedi8402@outlook.com,Male,7717761238,South Africa,1987-01-13
8403,Arjun,Trivedi,arjun.trivedi8403@mail.com,Male,6478869498,UAE,2003-05-30
8404,Ritu,Khan,ritu.khan8404@gmail.com,Female,9616802114,Germany,1997-03-07
8405,Priya,Sharma,priya.sharma8405@yahoo.com,Female,9066579038,UAE,1985-07-05
8406,Reyansh,Iyer,reyansh.iyer8406@gmail.com,Male,8370038025,Australia,1997-02-22
8407,Tarun,Verma,tarun.verma8407@yahoo.com,Female,8286297846,Brazil,1983-10-22
8408,Tarun,Menon,tarun.menon8408@example.com,Female,6575059676,United Kingdom,1978-05-24
8409,Sara,Ghosh,sara.ghosh8409@mail.com,Male,9681874463,Brazil,1967-06-02
8410,Arjun,Verma,arjun.verma8410@outlook.com,Male,9730892277,Germany,2006-08-06
8411,Anil,Naidu,anil.naidu8411@example.com,Female,9756437763,France,2006-12-01
8412,Myra,Roy,myra.roy8412@outlook.com,Female,9333745035,South Africa,2007-10-12
8413,Vivaan,Patel,vivaan.patel8413@yahoo.com,Female,9689699547,Canada,2002-05-28
8414,Priya,Chauhan,priya.chauhan8414@outlook.com,Male,6524018622,UAE,1991-08-30
8415,Nisha,Roy,nisha.roy8415@gmail.com,Female,9239650637,Germany,1973-09-24
8416,Maya,Singh,maya.singh8416@outlook.com,Female,6961607610,France,1990-10-07
8417,Tarun,Singh,tarun.singh8417@yahoo.com,Female,8515263344,United States,1992-02-28
8418,Diya,Kashyap,diya.kashyap8418@gmail.com,Male,7771503278,Canada,2000-07-09
8419,Sara,Bose,sara.bose8419@example.com,Male,6875111268,Brazil,2006-04-23
8420,Mohit,Das,mohit.das8420@mail.com,Male,9393089949,India,1973-06-01
8421,Rohan,Singh,rohan.singh8421@yahoo.com,Female,7072993881,Germany,2007-05-21
8422,Vihaan,Chauhan,vihaan.chauhan8422@yahoo.com,Male,7543900851,South Africa,1993-06-02
8423,Maya,Singh,maya.singh8423@outlook.com,Male,7091966261,Germany,1968-06-08
8424,Aarav,Bhatt,aarav.bhatt8424@gmail.com,Male,9955561837,United Kingdom,1979-12-18
8425,Kiran,Malhotra,kiran.malhotra8425@mail.com,Male,7729327577,Canada,1969-02-11
8426,Maya,Roy,maya.roy8426@gmail.com,Male,7829990796,United Kingdom,1996-08-20
8427,Pooja,Prasad,pooja.prasad8427@gmail.com,Female,8714876598,UAE,1986-02-13
8428,Riya,Yadav,riya.yadav8428@example.com,Male,6453209803,Germany,1984-03-05
8429,Myra,Singh,myra.singh8429@mail.com,Female,7154000445,Brazil,2003-10-08
8430,Tarun,Malhotra,tarun.malhotra8430@yahoo.com,Male,9059748961,South Africa,1995-02-06
8431,Tarun,Kapoor,tarun.kapoor8431@yahoo.com,Male,7420033248,United States,1999-07-22
8432,Vihaan,Gupta,vihaan.gupta8432@yahoo.com,Female,9421440618,South Africa,1993-09-01
8433,Kavya,Pillai,kavya.pillai8433@gmail.com,Male,7692391299,United Kingdom,1985-07-13
8434,Mohit,Singh,mohit.singh8434@yahoo.com,Female,6667439086,UAE,1992-01-20
8435,Riya,Verma,riya.verma8435@outlook.com,Female,9205786587,France,1974-12-10
8436,Maya,Mehta,maya.mehta8436@gmail.com,Female,8941572210,United Kingdom,2000-04-25
8437,Rohan,Chauhan,rohan.chauhan8437@mail.com,Male,7674505948,Canada,1979-08-02
8438,Arjun,Mehta,arjun.mehta8438@mail.com,Male,9757493744,United Kingdom,2004-12-06
8439,Arjun,Kapoor,arjun.kapoor8439@gmail.com,Male,6359705792,United Kingdom,1984-11-30
8440,Aanya,Verma,aanya.verma8440@outlook.com,Male,7476984948,United Kingdom,2002-02-05
8441,Anil,Agarwal,anil.agarwal8441@yahoo.com,Male,9995174839,UAE,2002-09-04
8442,Priya,Yadav,priya.yadav8442@yahoo.com,Female,9866363399,India,1983-12-09
8443,Priya,Verma,priya.verma8443@outlook.com,Male,9524469115,United Kingdom,2001-09-11
8444,Anil,Prasad,anil.prasad8444@gmail.com,Male,7023381543,United States,1990-08-24
8445,Aanya,Iyer,aanya.iyer8445@example.com,Female,6575610175,United States,1993-03-15
8446,Kavya,Kapoor,kavya.kapoor8446@outlook.com,Female,8810638685,South Africa,1997-08-28
8447,Kavya,Kashyap,kavya.kashyap8447@yahoo.com,Male,6998474320,Germany,1974-01-13
8448,Riya,Kapoor,riya.kapoor8448@example.com,Female,9003627117,United Kingdom,1977-07-28
8449,Kiran,Yadav,kiran.yadav8449@example.com,Female,6004078299,Canada,1990-02-26
8450,Anil,Kashyap,anil.kashyap8450@mail.com,Male,6897464829,Brazil,1970-10-24
8451,Ritu,Agarwal,ritu.agarwal8451@example.com,Male,6512408705,UAE,1974-11-25
8452,Aditya,Verma,aditya.verma8452@yahoo.com,Female,8826993478,UAE,1986-09-16
8453,Sneha,Sharma,sneha.sharma8453@outlook.com,Male,8991395297,South Africa,1995-08-10
8454,Ritu,Agarwal,ritu.agarwal8454@outlook.com,Male,8175481269,Germany,2004-06-12
8455,Myra,Bhatia,myra.bhatia8455@yahoo.com,Male,6623036163,Canada,1976-01-10
8456,Maya,Pillai,maya.pillai8456@outlook.com,Male,7291517341,Canada,2006-06-27
8457,Sai,Yadav,sai.yadav8457@outlook.com,Male,9273771619,South Africa,1984-03-20
8458,Maya,Chauhan,maya.chauhan8458@yahoo.com,Male,6271283162,Brazil,1993-08-29
8459,Aarav,Malhotra,aarav.malhotra8459@yahoo.com,Female,8615546185,South Africa,1980-11-15
8460,Anil,Kumar,anil.kumar8460@outlook.com,Female,9477769341,Germany,1996-04-08
8461,Isha,Reddy,isha.reddy8461@yahoo.com,Male,6701085426,Australia,2002-09-08
8462,Maya,Iyer,maya.iyer8462@yahoo.com,Female,6844087898,South Africa,1967-08-09
8463,Riya,Kapoor,riya.kapoor8463@yahoo.com,Female,6201668194,South Africa,1983-03-07
8464,Rohan,Prasad,rohan.prasad8464@example.com,Male,6235023800,Australia,2005-05-23
8465,Mohit,Verma,mohit.verma8465@mail.com,Male,6603035656,United Kingdom,1995-08-29
8466,Aarav,Yadav,aarav.yadav8466@gmail.com,Male,7746579549,Canada,1981-06-04
8467,Arjun,Bhatia,arjun.bhatia8467@outlook.com,Female,9388278331,United Kingdom,1976-04-28
8468,Myra,Malhotra,myra.malhotra8468@outlook.com,Male,8665358010,India,1992-11-08
8469,Priya,Naidu,priya.naidu8469@outlook.com,Female,8763078649,India,1989-05-05
8470,Diya,Reddy,diya.reddy8470@gmail.com,Male,8106297939,UAE,1990-11-19
8471,Reyansh,Nair,reyansh.nair8471@example.com,Male,6907635102,Brazil,1988-01-08
8472,Rohan,Bhatia,rohan.bhatia8472@mail.com,Male,7601784190,South Africa,1969-05-11
8473,Kavya,Naidu,kavya.naidu8473@example.com,Female,7259908742,Canada,1980-04-29
8474,Tarun,Verma,tarun.verma8474@outlook.com,Female,7210452675,United States,1989-02-11
8475,Riya,Agarwal,riya.agarwal8475@mail.com,Male,9917531927,Canada,1997-08-07
8476,Krishna,Naidu,krishna.naidu8476@mail.com,Male,7514541347,Germany,1973-04-28
8477,Sahil,Agarwal,sahil.agarwal8477@gmail.com,Male,8739178582,Brazil,1984-07-20
8478,Aditya,Khan,aditya.khan8478@yahoo.com,Male,6285094651,Australia,1976-07-10
8479,Nisha,Yadav,nisha.yadav8479@outlook.com,Female,7631096277,France,1981-03-24
8480,Priya,Joshi,priya.joshi8480@mail.com,Male,6635876916,United Kingdom,1972-02-16
8481,Kiran,Yadav,kiran.yadav8481@outlook.com,Female,9578496850,United States,1979-04-17
8482,Sara,Nair,sara.nair8482@example.com,Male,8909715799,United States,2001-08-15
8483,Tarun,Mehta,tarun.mehta8483@yahoo.com,Male,9972207917,Germany,1998-11-18
8484,Sahil,Iyer,sahil.iyer8484@yahoo.com,Female,8993770421,India,1966-02-08
8485,Sahil,Kashyap,sahil.kashyap8485@outlook.com,Female,8694995138,Germany,1978-12-18
8486,Anil,Reddy,anil.reddy8486@outlook.com,Male,6738329521,UAE,1989-06-08
8487,Aanya,Menon,aanya.menon8487@yahoo.com,Female,8979991420,Germany,1975-05-17
8488,Aanya,Yadav,aanya.yadav8488@outlook.com,Female,6098355335,Brazil,1995-11-13
8489,Myra,Shah,myra.shah8489@gmail.com,Female,7227893552,South Africa,1968-11-17
8490,Maya,Singh,maya.singh8490@outlook.com,Male,6389705928,United Kingdom,1989-07-19
8491,Krishna,Ghosh,krishna.ghosh8491@outlook.com,Male,8525696527,India,2005-10-15
8492,Myra,Prasad,myra.prasad8492@example.com,Male,6585321457,UAE,1983-03-05
8493,Karthik,Bhatia,karthik.bhatia8493@example.com,Female,9457778697,Germany,2000-10-19
8494,Aarav,Singh,aarav.singh8494@gmail.com,Male,6137866268,United Kingdom,2006-05-25
8495,Maya,Verma,maya.verma8495@mail.com,Female,8450511156,UAE,1981-02-26
8496,Arjun,Naidu,arjun.naidu8496@example.com,Female,8733973165,United Kingdom,1976-04-29
8497,Riya,Chauhan,riya.chauhan8497@outlook.com,Female,6234371400,United Kingdom,1972-03-13
8498,Tarun,Pillai,tarun.pillai8498@mail.com,Male,6713983238,Australia,1966-12-06
8499,Kavya,Khan,kavya.khan8499@example.com,Male,7378141144,UAE,1968-12-05
8500,Mohit,Mehta,mohit.mehta8500@mail.com,Female,7753581348,Australia,1985-01-23
8501,Sara,Kashyap,sara.kashyap8501@example.com,Male,7683299135,India,1983-11-15
8502,Rohan,Sharma,rohan.sharma8502@example.com,Male,8968718198,United States,2002-06-15
8503,Diya,Kumar,diya.kumar8503@mail.com,Female,6769966393,Germany,2002-09-01
8504,Mohit,Kumar,mohit.kumar8504@mail.com,Female,8978023487,France,1988-07-04
8505,Aanya,Agarwal,aanya.agarwal8505@yahoo.com,Male,6808277777,France,1976-05-11
8506,Sunita,Bose,sunita.bose8506@outlook.com,Female,8821765821,UAE,1974-12-15
8507,Vivaan,Singh,vivaan.singh8507@outlook.com,Female,8306759459,Canada,1980-10-30
8508,Diya,Iyer,diya.iyer8508@outlook.com,Female,9941249923,Germany,1970-11-04
8509,Sunita,Joshi,sunita.joshi8509@example.com,Male,9926696697,United States,2001-11-28
8510,Diya,Sharma,diya.sharma8510@gmail.com,Female,9878507226,Australia,1994-05-24
8511,Nisha,Kapoor,nisha.kapoor8511@outlook.com,Female,8182288665,Germany,1967-09-05
8512,Maya,Das,maya.das8512@mail.com,Female,6630602262,Australia,2000-04-13
8513,Myra,Agarwal,myra.agarwal8513@outlook.com,Male,8879784272,United States,1969-08-03
8514,Riya,Kashyap,riya.kashyap8514@gmail.com,Male,8847337349,Germany,1967-10-29
8515,Mohit,Khan,mohit.khan8515@example.com,Female,9042108351,France,1973-03-24
8516,Myra,Bose,myra.bose8516@mail.com,Female,9341404845,South Africa,1974-08-30
8517,Kavya,Reddy,kavya.reddy8517@yahoo.com,Male,8061536019,United Kingdom,1993-07-10
8518,Ananya,Shah,ananya.shah8518@outlook.com,Male,6559375485,Australia,1967-08-19
8519,Rohan,Khan,rohan.khan8519@mail.com,Male,8004443437,United Kingdom,1982-02-19
8520,Tarun,Singh,tarun.singh8520@example.com,Male,6713887634,France,1973-12-25
8521,Myra,Khan,myra.khan8521@mail.com,Male,9281957289,UAE,1975-04-26
8522,Sneha,Iyer,sneha.iyer8522@yahoo.com,Female,8324718793,UAE,1999-09-29
8523,Karthik,Iyer,karthik.iyer8523@gmail.com,Female,8399122077,UAE,2001-04-21
8524,Isha,Malhotra,isha.malhotra8524@mail.com,Male,9924206169,South Africa,1982-11-07
8525,Kiran,Agarwal,kiran.agarwal8525@example.com,Male,6982422710,Canada,1974-05-21
8526,Maya,Agarwal,maya.agarwal8526@outlook.com,Male,7043214179,United Kingdom,2001-10-07
8527,Priya,Mehta,priya.mehta8527@example.com,Male,6032941201,UAE,1998-04-04
8528,Tarun,Kumar,tarun.kumar8528@gmail.com,Male,9660567354,United States,1979-01-04
8529,Pooja,Kapoor,pooja.kapoor8529@outlook.com,Male,7069212297,United Kingdom,2001-11-06
8530,Tarun,Bhatia,tarun.bhatia8530@gmail.com,Male,6574145325,South Africa,1998-05-09
8531,Aditya,Malhotra,aditya.malhotra8531@yahoo.com,Male,9739223063,France,1983-08-29
8532,Ananya,Reddy,ananya.reddy8532@outlook.com,Female,8233891737,United States,1998-04-02
8533,Anil,Singh,anil.singh8533@example.com,Male,9817575306,UAE,2000-03-16
8534,Ritu,Menon,ritu.menon8534@yahoo.com,Female,9103161230,United States,1996-09-19
8535,Aarav,Trivedi,aarav.trivedi8535@example.com,Male,9888006705,South Africa,1987-10-06
8536,Sneha,Bose,sneha.bose8536@gmail.com,Male,7619172464,Germany,1996-04-24
8537,Kiran,Shah,kiran.shah8537@example.com,Female,6107115158,Germany,1976-04-25
8538,Vihaan,Pillai,vihaan.pillai8538@yahoo.com,Male,9747017642,United Kingdom,1992-10-11
8539,Mohit,Trivedi,mohit.trivedi8539@yahoo.com,Male,8644399476,United States,1976-12-16
8540,Mohit,Reddy,mohit.reddy8540@mail.com,Male,8612693031,United States,2005-11-24
8541,Aanya,Naidu,aanya.naidu8541@yahoo.com,Female,6413409393,United Kingdom,1990-05-23
8542,Anil,Verma,anil.verma8542@example.com,Male,8792945569,Canada,2004-10-17
8543,Ritu,Patel,ritu.patel8543@yahoo.com,Female,8100016043,Germany,1983-08-22
8544,Ananya,Nair,ananya.nair8544@outlook.com,Male,9965657152,Australia,2005-04-24
8545,Mohit,Sharma,mohit.sharma8545@mail.com,Male,7760482194,Australia,2007-08-16
8546,Anil,Bose,anil.bose8546@yahoo.com,Male,8963154758,Germany,1991-08-08
8547,Vihaan,Joshi,vihaan.joshi8547@outlook.com,Male,9804290483,France,2002-05-03
8548,Krishna,Kashyap,krishna.kashyap8548@outlook.com,Female,8262877233,Germany,2004-06-06
8549,Anil,Ghosh,anil.ghosh8549@mail.com,Female,6949378600,India,1966-03-08
8550,Isha,Shah,isha.shah8550@gmail.com,Female,9880121389,UAE,1970-12-17
8551,Isha,Kumar,isha.kumar8551@yahoo.com,Male,9813440823,South Africa,1988-06-27
8552,Aditya,Verma,aditya.verma8552@example.com,Female,9665900291,France,1976-09-25
8553,Reyansh,Mehta,reyansh.mehta8553@yahoo.com,Female,6691211848,United States,1972-04-24
8554,Ananya,Gupta,ananya.gupta8554@outlook.com,Female,7585431893,Germany,1970-05-25
8555,Aditya,Gupta,aditya.gupta8555@gmail.com,Female,9954529595,South Africa,1985-05-10
8556,Vivaan,Ghosh,vivaan.ghosh8556@gmail.com,Female,9945146030,UAE,2000-02-18
8557,Sunita,Singh,sunita.singh8557@outlook.com,Male,6612841220,UAE,2006-12-09
8558,Mohit,Kumar,mohit.kumar8558@yahoo.com,Male,9680667274,UAE,1979-05-21
8559,Mohit,Bhatia,mohit.bhatia8559@yahoo.com,Female,8617893302,Australia,1973-09-04
8560,Vivaan,Shah,vivaan.shah8560@gmail.com,Male,8037337527,United Kingdom,1977-09-07
8561,Karthik,Sharma,karthik.sharma8561@gmail.com,Female,8357090059,Australia,1992-09-21
8562,Reyansh,Yadav,reyansh.yadav8562@example.com,Male,8559053811,France,1976-08-15
8563,Karthik,Iyer,karthik.iyer8563@yahoo.com,Male,8756636657,India,1984-11-29
8564,Ritu,Gupta,ritu.gupta8564@mail.com,Male,9720501295,Canada,1978-03-24
8565,Karthik,Iyer,karthik.iyer8565@gmail.com,Female,6527394209,Australia,1980-10-05
8566,Aarav,Agarwal,aarav.agarwal8566@outlook.com,Female,6116852191,United States,1999-05-18
8567,Sunita,Prasad,sunita.prasad8567@outlook.com,Female,8234498515,Canada,1974-04-26
8568,Rohan,Menon,rohan.menon8568@yahoo.com,Male,8059306083,UAE,1992-12-18
8569,Isha,Menon,isha.menon8569@mail.com,Female,9118215734,France,1980-01-13
8570,Pooja,Kashyap,pooja.kashyap8570@yahoo.com,Male,7011449327,United Kingdom,2006-08-09
8571,Riya,Verma,riya.verma8571@mail.com,Male,9606402076,United Kingdom,1979-11-08
8572,Myra,Verma,myra.verma8572@example.com,Male,9912930011,France,1998-02-08
8573,Kavya,Ghosh,kavya.ghosh8573@example.com,Male,8876400712,United States,2005-07-20
8574,Sai,Prasad,sai.prasad8574@example.com,Male,6833424931,United States,1989-06-15
8575,Anil,Yadav,anil.yadav8575@yahoo.com,Female,7114007817,United States,1977-05-15
8576,Sara,Shah,sara.shah8576@gmail.com,Female,7464924292,Germany,1972-05-01
8577,Tarun,Bhatt,tarun.bhatt8577@yahoo.com,Male,6796784464,France,1969-07-29
8578,Aanya,Trivedi,aanya.trivedi8578@gmail.com,Male,8240512154,United Kingdom,1992-09-18
8579,Anil,Kashyap,anil.kashyap8579@outlook.com,Male,6961563392,Germany,1980-02-14
8580,Sara,Kumar,sara.kumar8580@mail.com,Male,6276611917,Germany,2001-09-25
8581,Sunita,Mehta,sunita.mehta8581@example.com,Female,8201089125,Brazil,1975-06-18
8582,Pooja,Bose,pooja.bose8582@mail.com,Female,9217151618,Canada,1980-10-07
8583,Tarun,Kashyap,tarun.kashyap8583@outlook.com,Male,6261863308,France,1972-09-22
8584,Sai,Malhotra,sai.malhotra8584@outlook.com,Male,6041081301,Australia,1986-11-11
8585,Karthik,Bhatt,karthik.bhatt8585@example.com,Male,7778155121,Brazil,1979-06-24
8586,Sara,Singh,sara.singh8586@gmail.com,Female,8830437326,Australia,1978-05-26
8587,Priya,Trivedi,priya.trivedi8587@mail.com,Female,9116252368,India,1995-12-28
8588,Rohan,Reddy,rohan.reddy8588@gmail.com,Male,8072321928,South Africa,2002-01-07
8589,Priya,Yadav,priya.yadav8589@yahoo.com,Male,6220454846,South Africa,2001-03-27
8590,Anil,Das,anil.das8590@gmail.com,Male,9679354104,United States,1997-07-20
8591,Mohit,Kumar,mohit.kumar8591@example.com,Male,7303444313,UAE,1979-12-08
8592,Diya,Reddy,diya.reddy8592@example.com,Male,6732422890,United States,1997-10-28
8593,Mohit,Reddy,mohit.reddy8593@example.com,Male,7581143990,France,1999-06-17
8594,Vivaan,Trivedi,vivaan.trivedi8594@outlook.com,Female,9375724023,Australia,1980-01-03
8595,Karthik,Chauhan,karthik.chauhan8595@example.com,Female,9253767315,Brazil,1983-04-22
8596,Krishna,Nair,krishna.nair8596@yahoo.com,Male,7184210327,Brazil,1973-12-14
8597,Sai,Malhotra,sai.malhotra8597@example.com,Female,6183183584,Germany,1998-01-27
8598,Aditya,Das,aditya.das8598@example.com,Female,8589382460,Canada,1995-04-15
8599,Vihaan,Patel,vihaan.patel8599@outlook.com,Male,9120714466,France,1993-12-07
8600,Mohit,Prasad,mohit.prasad8600@mail.com,Female,9040955052,India,1998-04-03
8601,Anil,Prasad,anil.prasad8601@outlook.com,Female,7139334850,United States,1986-05-30
8602,Maya,Bhatia,maya.bhatia8602@example.com,Male,8088105915,Germany,1993-04-21
8603,Nisha,Prasad,nisha.prasad8603@example.com,Female,8869483524,South Africa,2005-07-13
8604,Sunita,Nair,sunita.nair8604@example.com,Female,7095658480,Germany,1996-02-22
8605,Krishna,Bhatia,krishna.bhatia8605@example.com,Male,9672004934,Brazil,1997-02-23
8606,Mohit,Kashyap,mohit.kashyap8606@example.com,Female,8450611386,UAE,1993-01-02
8607,Diya,Reddy,diya.reddy8607@mail.com,Female,6459438227,South Africa,1983-04-15
8608,Pooja,Bose,pooja.bose8608@gmail.com,Male,9373435133,United Kingdom,2004-08-20
8609,Rohan,Malhotra,rohan.malhotra8609@gmail.com,Female,8753485888,Australia,1991-09-25
8610,Sneha,Agarwal,sneha.agarwal8610@gmail.com,Male,8455896581,United States,1997-12-16
8611,Aarav,Gupta,aarav.gupta8611@example.com,Male,6150524322,UAE,1967-08-28
8612,Sara,Pillai,sara.pillai8612@example.com,Female,6826406996,Germany,1983-07-19
8613,Riya,Ghosh,riya.ghosh8613@yahoo.com,Male,6448688933,UAE,1997-07-21
8614,Mohit,Joshi,mohit.joshi8614@yahoo.com,Male,9764756224,Brazil,1977-05-24
8615,Maya,Ghosh,maya.ghosh8615@yahoo.com,Male,9005352663,South Africa,1998-12-06
8616,Nisha,Shah,nisha.shah8616@yahoo.com,Female,9439754510,Brazil,1971-05-09
8617,Karthik,Joshi,karthik.joshi8617@yahoo.com,Male,7902207319,United States,2001-08-11
8618,Aditya,Trivedi,aditya.trivedi8618@mail.com,Male,9432445482,Australia,2001-09-24
8619,Riya,Shah,riya.shah8619@mail.com,Female,9412089148,United States,2000-06-16
8620,Sai,Prasad,sai.prasad8620@example.com,Male,7545437379,India,1980-03-01
8621,Isha,Sharma,isha.sharma8621@gmail.com,Male,7422295686,Australia,1985-10-26
8622,Rohan,Trivedi,rohan.trivedi8622@outlook.com,Male,6027428257,India,1972-06-12
8623,Vivaan,Shah,vivaan.shah8623@outlook.com,Male,7720124685,United Kingdom,1996-06-03
8624,Kavya,Patel,kavya.patel8624@gmail.com,Female,7876188054,Australia,1976-06-30
8625,Nisha,Bose,nisha.bose8625@mail.com,Female,9072899230,Australia,2003-10-01
8626,Sneha,Patel,sneha.patel8626@outlook.com,Female,6998171289,UAE,1973-03-07
8627,Aanya,Nair,aanya.nair8627@gmail.com,Female,9089542837,United States,2002-07-26
8628,Priya,Naidu,priya.naidu8628@mail.com,Male,8239869879,UAE,2005-04-17
8629,Aanya,Pillai,aanya.pillai8629@example.com,Male,9328373516,South Africa,1978-03-02
8630,Sai,Verma,sai.verma8630@mail.com,Female,8159075585,France,1968-04-24
8631,Riya,Yadav,riya.yadav8631@outlook.com,Male,6573997532,UAE,1979-03-31
8632,Sahil,Das,sahil.das8632@outlook.com,Male,6082599043,India,1981-01-01
8633,Sahil,Yadav,sahil.yadav8633@yahoo.com,Male,9664329689,Brazil,1996-06-08
8634,Krishna,Trivedi,krishna.trivedi8634@yahoo.com,Female,8283652215,South Africa,1978-05-18
8635,Aarav,Shah,aarav.shah8635@mail.com,Female,7403206511,South Africa,2005-10-08
8636,Vihaan,Reddy,vihaan.reddy8636@yahoo.com,Female,7373148639,India,1971-12-09
8637,Vivaan,Naidu,vivaan.naidu8637@outlook.com,Male,8019916814,France,1994-12-19
8638,Reyansh,Singh,reyansh.singh8638@outlook.com,Female,6099568898,France,1997-04-01
8639,Sahil,Bose,sahil.bose8639@example.com,Male,9637568300,United Kingdom,1976-04-26
8640,Maya,Kapoor,maya.kapoor8640@yahoo.com,Male,7486822708,UAE,2006-02-12
8641,Anil,Ghosh,anil.ghosh8641@gmail.com,Male,6247063084,Brazil,1997-10-25
8642,Mohit,Reddy,mohit.reddy8642@mail.com,Male,9228295943,Germany,1983-03-02
8643,Aarav,Prasad,aarav.prasad8643@outlook.com,Male,9936535254,Brazil,1975-11-12
8644,Anil,Patel,anil.patel8644@outlook.com,Female,9297177976,Germany,2007-02-14
8645,Sunita,Kumar,sunita.kumar8645@outlook.com,Male,8294463609,United Kingdom,1985-02-01
8646,Ananya,Roy,ananya.roy8646@mail.com,Male,6424467973,South Africa,1981-01-17
8647,Kiran,Shah,kiran.shah8647@yahoo.com,Female,7559119616,South Africa,1983-12-17
8648,Kavya,Bose,kavya.bose8648@outlook.com,Male,8041254948,Canada,1998-04-01
8649,Vihaan,Yadav,vihaan.yadav8649@gmail.com,Female,7816712110,South Africa,1985-01-23
8650,Sara,Kapoor,sara.kapoor8650@gmail.com,Male,8963961830,Germany,1991-05-20
8651,Arjun,Kashyap,arjun.kashyap8651@outlook.com,Female,7973566116,United Kingdom,1981-08-28
8652,Kavya,Shah,kavya.shah8652@mail.com,Female,7766393790,UAE,1995-11-04
8653,Sneha,Bhatt,sneha.bhatt8653@gmail.com,Female,7419792232,UAE,2003-06-30
8654,Rohan,Das,rohan.das8654@yahoo.com,Male,7534314973,UAE,1970-06-08
8655,Myra,Kumar,myra.kumar8655@outlook.com,Female,7735605761,Australia,1977-10-16
8656,Sahil,Joshi,sahil.joshi8656@yahoo.com,Male,8310764268,Canada,1983-08-23
8657,Sai,Yadav,sai.yadav8657@example.com,Male,8175920532,Germany,1973-10-02
8658,Vihaan,Pillai,vihaan.pillai8658@gmail.com,Male,8280744415,United Kingdom,1986-04-20
8659,Rohan,Menon,rohan.menon8659@outlook.com,Female,8029638112,South Africa,1996-01-13
8660,Kiran,Agarwal,kiran.agarwal8660@yahoo.com,Male,7737456040,France,1981-09-17
8661,Sneha,Gupta,sneha.gupta8661@yahoo.com,Female,6067835008,Germany,1987-03-13
8662,Vihaan,Verma,vihaan.verma8662@example.com,Female,6753377703,France,1983-06-18
8663,Myra,Agarwal,myra.agarwal8663@mail.com,Female,6448930066,Australia,2000-12-13
8664,Vihaan,Chauhan,vihaan.chauhan8664@outlook.com,Female,7603127764,South Africa,1969-05-19
8665,Aditya,Nair,aditya.nair8665@mail.com,Male,6870949013,United Kingdom,1990-10-05
8666,Kiran,Bose,kiran.bose8666@example.com,Male,9628171866,United Kingdom,2005-01-27
8667,Ritu,Reddy,ritu.reddy8667@mail.com,Female,6413813275,Australia,1979-10-28
8668,Sneha,Mehta,sneha.mehta8668@gmail.com,Female,8190104464,South Africa,1983-05-15
8669,Aditya,Das,aditya.das8669@example.com,Female,9773383904,Brazil,1988-01-24
8670,Rohan,Naidu,rohan.naidu8670@yahoo.com,Male,9209454563,Australia,1969-01-02
8671,Arjun,Malhotra,arjun.malhotra8671@gmail.com,Male,7472385086,UAE,1986-03-31
8672,Aanya,Kumar,aanya.kumar8672@yahoo.com,Female,9848564669,South Africa,1993-07-24
8673,Kiran,Shah,kiran.shah8673@outlook.com,Female,6142372461,Australia,1971-08-06
8674,Isha,Malhotra,isha.malhotra8674@yahoo.com,Female,8631922187,UAE,1993-11-23
8675,Sai,Pillai,sai.pillai8675@yahoo.com,Male,8849668565,United Kingdom,1986-07-25
8676,Kiran,Yadav,kiran.yadav8676@mail.com,Male,6976017576,India,1994-11-12
8677,Priya,Bose,priya.bose8677@example.com,Male,6704802067,India,2004-10-25
8678,Nisha,Das,nisha.das8678@yahoo.com,Female,9084804744,Canada,1985-06-14
8679,Reyansh,Singh,reyansh.singh8679@gmail.com,Female,9770449598,Australia,1995-07-22
8680,Myra,Khan,myra.khan8680@yahoo.com,Female,6189749152,South Africa,1980-05-29
8681,Aditya,Prasad,aditya.prasad8681@example.com,Female,7983704495,South Africa,1991-06-05
8682,Diya,Bhatia,diya.bhatia8682@yahoo.com,Male,8918392667,India,1974-11-27
8683,Sahil,Naidu,sahil.naidu8683@yahoo.com,Male,7348565488,UAE,2000-06-18
8684,Ananya,Prasad,ananya.prasad8684@mail.com,Female,8209073185,Canada,2000-06-28
8685,Kavya,Joshi,kavya.joshi8685@yahoo.com,Female,7417371462,France,1978-08-21
8686,Pooja,Naidu,pooja.naidu8686@mail.com,Male,6696929340,UAE,1998-09-09
8687,Riya,Patel,riya.patel8687@example.com,Male,9425737913,South Africa,1988-05-11
8688,Myra,Nair,myra.nair8688@outlook.com,Male,7703311147,United Kingdom,1989-05-25
8689,Aanya,Ghosh,aanya.ghosh8689@example.com,Female,7581286974,United Kingdom,1967-03-12
8690,Isha,Pillai,isha.pillai8690@example.com,Male,8296504485,South Africa,1978-12-01
8691,Aarav,Sharma,aarav.sharma8691@yahoo.com,Male,8133928114,India,2006-04-08
8692,Kiran,Nair,kiran.nair8692@example.com,Male,6815157237,Germany,2001-08-24
8693,Riya,Naidu,riya.naidu8693@outlook.com,Male,6008893392,India,1978-09-22
8694,Karthik,Verma,karthik.verma8694@example.com,Male,7686705092,United States,1991-08-05
8695,Arjun,Nair,arjun.nair8695@gmail.com,Male,8915494420,United States,2000-02-27
8696,Kiran,Bhatt,kiran.bhatt8696@mail.com,Male,9192796767,United Kingdom,1967-01-12
8697,Vivaan,Trivedi,vivaan.trivedi8697@yahoo.com,Male,8612986112,United Kingdom,1988-10-09
8698,Diya,Pillai,diya.pillai8698@outlook.com,Female,8766248494,United States,1970-05-31
8699,Ritu,Mehta,ritu.mehta8699@gmail.com,Male,9374911934,UAE,1992-05-19
8700,Karthik,Das,karthik.das8700@gmail.com,Female,7152219185,France,1980-11-07
8701,Aanya,Bhatt,aanya.bhatt8701@gmail.com,Female,9344670229,Brazil,1994-09-28
8702,Rohan,Kapoor,rohan.kapoor8702@example.com,Male,8493621423,South Africa,1975-04-22
8703,Rohan,Naidu,rohan.naidu8703@gmail.com,Female,6807152871,Canada,1993-11-25
8704,Diya,Chauhan,diya.chauhan8704@gmail.com,Male,6134310321,UAE,2006-06-09
8705,Pooja,Ghosh,pooja.ghosh8705@outlook.com,Male,8342755406,UAE,1984-04-19
8706,Vivaan,Joshi,vivaan.joshi8706@yahoo.com,Male,6628465126,India,1986-11-30
8707,Reyansh,Kumar,reyansh.kumar8707@example.com,Female,9733057123,Australia,1971-07-05
8708,Ritu,Trivedi,ritu.trivedi8708@example.com,Male,8119313884,UAE,2005-02-15
8709,Sahil,Ghosh,sahil.ghosh8709@yahoo.com,Male,9446814340,Australia,1980-01-15
8710,Ananya,Verma,ananya.verma8710@example.com,Female,9734814398,United Kingdom,1998-01-24
8711,Anil,Kumar,anil.kumar8711@yahoo.com,Male,9085141622,Australia,1972-11-25
8712,Isha,Nair,isha.nair8712@example.com,Male,7147405303,Australia,1966-07-29
8713,Pooja,Shah,pooja.shah8713@example.com,Female,7893211756,United States,1971-02-19
8714,Krishna,Yadav,krishna.yadav8714@example.com,Female,8567230293,United Kingdom,1978-10-28
8715,Sunita,Shah,sunita.shah8715@outlook.com,Male,9003750528,Canada,1980-10-19
8716,Sai,Mehta,sai.mehta8716@mail.com,Female,8128340706,India,1987-01-01
8717,Vihaan,Kumar,vihaan.kumar8717@mail.com,Female,8399797137,United States,1970-08-01
8718,Vihaan,Verma,vihaan.verma8718@gmail.com,Male,7336847095,Australia,1976-03-12
8719,Myra,Prasad,myra.prasad8719@gmail.com,Female,6490275199,UAE,1989-11-01
8720,Isha,Naidu,isha.naidu8720@outlook.com,Male,7799938103,Germany,1984-08-14
8721,Myra,Shah,myra.shah8721@example.com,Male,6371393104,Germany,1971-03-20
8722,Diya,Menon,diya.menon8722@mail.com,Female,9225233646,UAE,1986-08-06
8723,Kavya,Menon,kavya.menon8723@mail.com,Female,7869713039,South Africa,1978-10-04
8724,Aanya,Singh,aanya.singh8724@mail.com,Male,8906811354,United Kingdom,1989-03-06
8725,Riya,Bose,riya.bose8725@outlook.com,Male,7198879131,United Kingdom,2003-03-08
8726,Priya,Pillai,priya.pillai8726@gmail.com,Male,9219415860,India,1996-09-07
8727,Ritu,Bhatt,ritu.bhatt8727@example.com,Female,6555191913,United States,1982-10-20
8728,Aarav,Sharma,aarav.sharma8728@mail.com,Male,9346930869,Australia,1974-11-22
8729,Kavya,Kapoor,kavya.kapoor8729@mail.com,Male,8250561778,Brazil,1983-11-08
8730,Kavya,Sharma,kavya.sharma8730@yahoo.com,Male,8990121063,United States,1968-09-29
8731,Kiran,Singh,kiran.singh8731@gmail.com,Male,9113717911,India,1996-12-24
8732,Vivaan,Chauhan,vivaan.chauhan8732@gmail.com,Male,6418360881,Canada,1996-06-17
8733,Rohan,Bose,rohan.bose8733@yahoo.com,Male,6112787376,Canada,1979-10-30
8734,Myra,Menon,myra.menon8734@example.com,Female,9978086965,United States,1998-11-20
8735,Sahil,Mehta,sahil.mehta8735@gmail.com,Female,9528547080,Canada,1976-12-28
8736,Kavya,Kapoor,kavya.kapoor8736@gmail.com,Female,6296236750,Germany,2003-09-16
8737,Karthik,Das,karthik.das8737@yahoo.com,Male,8672391136,Germany,1976-07-02
8738,Priya,Joshi,priya.joshi8738@mail.com,Female,9522870582,Australia,1978-10-21
8739,Sneha,Reddy,sneha.reddy8739@outlook.com,Male,7546157162,UAE,1966-05-04
8740,Reyansh,Gupta,reyansh.gupta8740@gmail.com,Male,8590594428,United States,1995-06-27
8741,Anil,Trivedi,anil.trivedi8741@mail.com,Female,7889073780,India,1998-03-30
8742,Sai,Gupta,sai.gupta8742@mail.com,Male,6321150662,United Kingdom,1997-04-25
8743,Mohit,Gupta,mohit.gupta8743@example.com,Female,8159252159,Germany,1978-02-18
8744,Krishna,Prasad,krishna.prasad8744@example.com,Male,9007411564,United Kingdom,1970-03-29
8745,Pooja,Gupta,pooja.gupta8745@gmail.com,Female,9836755765,United States,2004-02-17
8746,Sneha,Shah,sneha.shah8746@mail.com,Female,9496880825,United States,1976-07-03
8747,Sneha,Verma,sneha.verma8747@outlook.com,Male,6603312148,France,1987-12-01
8748,Sara,Yadav,sara.yadav8748@yahoo.com,Male,6260910693,Australia,1967-05-26
8749,Diya,Reddy,diya.reddy8749@yahoo.com,Female,9334692816,United Kingdom,1972-09-28
8750,Aanya,Nair,aanya.nair8750@yahoo.com,Female,8288261886,Germany,2000-02-12
8751,Riya,Sharma,riya.sharma8751@example.com,Female,7497808439,South Africa,1984-12-01
8752,Sahil,Bhatia,sahil.bhatia8752@example.com,Male,6233398006,Brazil,1991-02-03
8753,Krishna,Verma,krishna.verma8753@gmail.com,Female,7442703632,Australia,1991-02-21
8754,Diya,Mehta,diya.mehta8754@gmail.com,Female,8697723006,Canada,1983-11-14
8755,Vivaan,Chauhan,vivaan.chauhan8755@outlook.com,Male,8960966565,Brazil,1966-12-25
8756,Sai,Bhatia,sai.bhatia8756@outlook.com,Female,7432645294,Australia,1989-10-01
8757,Aarav,Naidu,aarav.naidu8757@yahoo.com,Male,9776677466,Canada,1998-03-15
8758,Mohit,Bhatt,mohit.bhatt8758@mail.com,Female,9054115682,Australia,1970-02-28
8759,Sahil,Gupta,sahil.gupta8759@yahoo.com,Male,9708250633,Germany,1984-04-14
8760,Karthik,Gupta,karthik.gupta8760@example.com,Male,8801801355,Canada,1991-01-04
8761,Nisha,Gupta,nisha.gupta8761@outlook.com,Female,7575762965,India,2001-10-31
8762,Vihaan,Singh,vihaan.singh8762@outlook.com,Female,9620095244,France,1971-01-08
8763,Tarun,Joshi,tarun.joshi8763@yahoo.com,Female,8039436080,United Kingdom,1994-01-14
8764,Aditya,Trivedi,aditya.trivedi8764@mail.com,Female,6702967254,UAE,1982-06-15
8765,Reyansh,Mehta,reyansh.mehta8765@example.com,Male,9918382862,South Africa,1993-12-06
8766,Sahil,Agarwal,sahil.agarwal8766@gmail.com,Female,7362464833,United Kingdom,2005-08-05
8767,Priya,Joshi,priya.joshi8767@outlook.com,Female,8526818505,Australia,2007-05-29
8768,Arjun,Bhatt,arjun.bhatt8768@yahoo.com,Female,7052028620,United States,1966-04-19
8769,Sunita,Sharma,sunita.sharma8769@example.com,Female,7040750868,Germany,1978-10-14
8770,Ananya,Bhatt,ananya.bhatt8770@mail.com,Female,6930873396,UAE,1974-11-12
8771,Mohit,Das,mohit.das8771@gmail.com,Female,9633476945,United States,1974-08-16
8772,Riya,Trivedi,riya.trivedi8772@gmail.com,Female,7679854108,United States,1995-08-15
8773,Vivaan,Pillai,vivaan.pillai8773@outlook.com,Male,7292423549,United States,1967-12-03
8774,Sai,Chauhan,sai.chauhan8774@example.com,Male,9902467083,United States,1976-10-20
8775,Vihaan,Patel,vihaan.patel8775@example.com,Male,7742461399,Brazil,1981-12-01
8776,Diya,Ghosh,diya.ghosh8776@outlook.com,Male,6627701584,France,1966-09-30
8777,Sneha,Mehta,sneha.mehta8777@outlook.com,Male,9524060105,Brazil,1985-12-25
8778,Mohit,Bose,mohit.bose8778@mail.com,Male,8789956217,Brazil,1984-03-30
8779,Kiran,Agarwal,kiran.agarwal8779@example.com,Female,8036538796,United Kingdom,1970-06-12
8780,Rohan,Verma,rohan.verma8780@example.com,Male,9325713957,United Kingdom,1981-05-01
8781,Priya,Menon,priya.menon8781@yahoo.com,Male,8552087795,South Africa,1988-09-18
8782,Pooja,Yadav,pooja.yadav8782@outlook.com,Male,6910212233,Australia,1980-08-20
8783,Priya,Roy,priya.roy8783@example.com,Male,9394380102,Canada,1987-03-09
8784,Myra,Chauhan,myra.chauhan8784@example.com,Female,6178216708,United States,1971-02-16
8785,Nisha,Patel,nisha.patel8785@outlook.com,Male,6749908121,United States,1996-04-23
8786,Sai,Ghosh,sai.ghosh8786@yahoo.com,Male,7639293469,India,1999-08-03
8787,Isha,Bhatia,isha.bhatia8787@example.com,Female,6942358676,South Africa,1985-02-18
8788,Myra,Ghosh,myra.ghosh8788@outlook.com,Female,7063359778,United States,1971-06-27
8789,Myra,Ghosh,myra.ghosh8789@outlook.com,Male,9395835909,Germany,1967-06-15
8790,Sara,Bhatt,sara.bhatt8790@yahoo.com,Female,6165156396,United Kingdom,1992-07-04
8791,Reyansh,Roy,reyansh.roy8791@outlook.com,Male,9696791442,Germany,1972-09-21
8792,Arjun,Das,arjun.das8792@yahoo.com,Male,8917404238,France,2004-01-28
8793,Riya,Mehta,riya.mehta8793@example.com,Female,9205536404,UAE,1992-12-07
8794,Kavya,Bhatia,kavya.bhatia8794@gmail.com,Male,7229570944,Canada,1972-04-21
8795,Krishna,Patel,krishna.patel8795@example.com,Male,6829563364,United Kingdom,1974-09-19
8796,Maya,Menon,maya.menon8796@example.com,Female,7254647428,Australia,1994-06-15
8797,Sneha,Khan,sneha.khan8797@mail.com,Male,9590289600,Australia,1993-09-24
8798,Ritu,Shah,ritu.shah8798@outlook.com,Female,9598949417,Brazil,1990-01-11
8799,Sneha,Verma,sneha.verma8799@outlook.com,Female,9142011563,India,1970-12-14
8800,Sara,Iyer,sara.iyer8800@outlook.com,Male,8718342602,United States,2000-05-26
8801,Sai,Iyer,sai.iyer8801@example.com,Female,9036716124,UAE,1994-06-04
8802,Sunita,Malhotra,sunita.malhotra8802@gmail.com,Female,7353351879,UAE,1984-01-10
8803,Arjun,Bhatt,arjun.bhatt8803@yahoo.com,Male,9127473183,United Kingdom,2002-05-28
8804,Vivaan,Iyer,vivaan.iyer8804@mail.com,Male,7589972119,South Africa,1996-08-31
8805,Aanya,Ghosh,aanya.ghosh8805@mail.com,Female,9187340859,United Kingdom,1993-09-10
8806,Pooja,Sharma,pooja.sharma8806@gmail.com,Female,6993864129,United States,1966-07-20
8807,Myra,Verma,myra.verma8807@example.com,Female,9429850571,Canada,1974-05-13
8808,Myra,Trivedi,myra.trivedi8808@example.com,Female,6791832867,UAE,2003-06-03
8809,Krishna,Shah,krishna.shah8809@gmail.com,Male,8036846999,Brazil,1970-12-23
8810,Reyansh,Shah,reyansh.shah8810@example.com,Female,6864014238,Canada,1990-11-25
8811,Ananya,Das,ananya.das8811@gmail.com,Male,7760937515,South Africa,1989-12-22
8812,Sneha,Prasad,sneha.prasad8812@example.com,Male,6800917790,France,1974-10-28
8813,Myra,Agarwal,myra.agarwal8813@gmail.com,Female,9233110463,France,1998-03-20
8814,Vivaan,Chauhan,vivaan.chauhan8814@yahoo.com,Female,7246252638,Canada,2000-01-11
8815,Aditya,Trivedi,aditya.trivedi8815@example.com,Female,6036212009,United States,2000-09-09
8816,Sunita,Patel,sunita.patel8816@gmail.com,Female,6160879665,UAE,1979-07-14
8817,Nisha,Kashyap,nisha.kashyap8817@gmail.com,Female,6012818919,India,1986-05-18
8818,Vivaan,Menon,vivaan.menon8818@outlook.com,Male,6109530123,South Africa,1995-07-23
8819,Ananya,Kumar,ananya.kumar8819@outlook.com,Male,6372311643,France,2007-04-23
8820,Aditya,Singh,aditya.singh8820@mail.com,Male,7310596823,France,1996-09-27
8821,Aarav,Prasad,aarav.prasad8821@example.com,Female,7732544813,UAE,1982-12-08
8822,Tarun,Shah,tarun.shah8822@mail.com,Female,6794701308,United Kingdom,1988-01-15
8823,Vivaan,Shah,vivaan.shah8823@example.com,Female,8920949900,France,1997-09-29
8824,Reyansh,Das,reyansh.das8824@example.com,Female,6387717126,United States,1988-08-09
8825,Sunita,Roy,sunita.roy8825@gmail.com,Male,6110586582,United Kingdom,1990-02-21
8826,Maya,Shah,maya.shah8826@mail.com,Female,9153545702,France,1983-09-21
8827,Vihaan,Singh,vihaan.singh8827@yahoo.com,Female,8538655413,South Africa,1986-10-15
8828,Sara,Mehta,sara.mehta8828@gmail.com,Male,6184206857,Canada,1995-06-05
8829,Kavya,Bhatia,kavya.bhatia8829@gmail.com,Female,7251658971,Canada,1972-08-23
8830,Aditya,Menon,aditya.menon8830@mail.com,Female,6132910328,United States,1992-12-01
8831,Krishna,Naidu,krishna.naidu8831@yahoo.com,Female,6410897510,United Kingdom,1972-12-01
8832,Sara,Mehta,sara.mehta8832@gmail.com,Male,8646339723,United Kingdom,1991-06-27
8833,Ananya,Joshi,ananya.joshi8833@example.com,Male,9981164560,India,1971-02-06
8834,Anil,Trivedi,anil.trivedi8834@example.com,Female,8447331955,France,1980-03-25
8835,Isha,Roy,isha.roy8835@yahoo.com,Female,6740649504,UAE,1978-03-26
8836,Aditya,Nair,aditya.nair8836@yahoo.com,Male,8433566116,UAE,2002-05-18
8837,Aanya,Naidu,aanya.naidu8837@yahoo.com,Female,8075011245,UAE,1994-12-08
8838,Maya,Yadav,maya.yadav8838@mail.com,Male,7128562093,United Kingdom,1997-09-23
8839,Sneha,Gupta,sneha.gupta8839@outlook.com,Female,8357374756,United States,2005-05-03
8840,Krishna,Iyer,krishna.iyer8840@mail.com,Female,8586398137,South Africa,1969-03-10
8841,Kavya,Bhatia,kavya.bhatia8841@yahoo.com,Female,9148464609,UAE,1995-08-26
8842,Isha,Pillai,isha.pillai8842@yahoo.com,Female,8731611658,Canada,1980-11-01
8843,Sahil,Singh,sahil.singh8843@yahoo.com,Male,8742372299,Brazil,1999-09-22
8844,Sara,Bose,sara.bose8844@outlook.com,Male,8681445003,Brazil,1983-01-11
8845,Aarav,Chauhan,aarav.chauhan8845@yahoo.com,Male,8119774738,South Africa,2007-10-06
8846,Diya,Chauhan,diya.chauhan8846@outlook.com,Female,8673914593,South Africa,1989-12-27
8847,Kiran,Gupta,kiran.gupta8847@yahoo.com,Male,7835683792,United Kingdom,2005-11-25
8848,Sai,Agarwal,sai.agarwal8848@yahoo.com,Male,7202880484,Australia,1998-12-22
8849,Sai,Yadav,sai.yadav8849@gmail.com,Male,6248455272,Brazil,1987-05-18
8850,Krishna,Kapoor,krishna.kapoor8850@gmail.com,Female,9296749652,Germany,1985-02-12
8851,Karthik,Kashyap,karthik.kashyap8851@mail.com,Female,8222673050,South Africa,1999-04-05
8852,Pooja,Menon,pooja.menon8852@gmail.com,Female,9936930506,United Kingdom,2004-08-26
8853,Sneha,Shah,sneha.shah8853@gmail.com,Male,9110408020,Australia,1978-12-12
8854,Kiran,Bhatt,kiran.bhatt8854@mail.com,Male,7784642375,United States,2004-07-26
8855,Kiran,Mehta,kiran.mehta8855@outlook.com,Female,9798774197,Brazil,1992-10-08
8856,Reyansh,Verma,reyansh.verma8856@yahoo.com,Female,9708483523,India,2002-12-15
8857,Ritu,Roy,ritu.roy8857@outlook.com,Female,6163223739,United States,1992-04-12
8858,Sahil,Menon,sahil.menon8858@yahoo.com,Female,9788947877,Germany,2003-11-12
8859,Sahil,Shah,sahil.shah8859@mail.com,Female,7924485114,Brazil,1994-11-15
8860,Anil,Agarwal,anil.agarwal8860@example.com,Male,8271136369,South Africa,1985-01-23
8861,Riya,Shah,riya.shah8861@yahoo.com,Male,7315781146,UAE,1981-05-27
8862,Sunita,Shah,sunita.shah8862@outlook.com,Male,9860896287,France,1973-01-18
8863,Krishna,Reddy,krishna.reddy8863@gmail.com,Female,7953086921,Australia,2002-01-04
8864,Riya,Joshi,riya.joshi8864@outlook.com,Female,9671895001,Australia,1991-07-29
8865,Kavya,Naidu,kavya.naidu8865@yahoo.com,Female,7595555745,Germany,2002-10-28
8866,Sneha,Sharma,sneha.sharma8866@yahoo.com,Male,8923687716,United Kingdom,1973-12-23
8867,Vivaan,Sharma,vivaan.sharma8867@gmail.com,Female,8315936093,South Africa,1972-04-18
8868,Karthik,Gupta,karthik.gupta8868@outlook.com,Male,6621608372,France,1997-08-07
8869,Mohit,Patel,mohit.patel8869@example.com,Female,9405808923,Canada,2000-10-16
8870,Sara,Khan,sara.khan8870@outlook.com,Male,8831200519,United States,1985-04-20
8871,Aditya,Roy,aditya.roy8871@yahoo.com,Female,7304897966,Brazil,1974-04-23
8872,Isha,Menon,isha.menon8872@yahoo.com,Female,7823638375,Brazil,1998-05-31
8873,Sneha,Shah,sneha.shah8873@example.com,Male,7959424287,India,1993-10-23
8874,Sneha,Singh,sneha.singh8874@yahoo.com,Female,7424958662,Canada,2003-11-10
8875,Isha,Kashyap,isha.kashyap8875@example.com,Male,7523553657,France,1993-12-08
8876,Myra,Kashyap,myra.kashyap8876@mail.com,Female,8915361259,South Africa,1969-05-02
8877,Vivaan,Sharma,vivaan.sharma8877@gmail.com,Male,8958164639,United Kingdom,2001-03-21
8878,Reyansh,Kumar,reyansh.kumar8878@outlook.com,Male,8690759283,South Africa,1987-11-12
8879,Ritu,Kashyap,ritu.kashyap8879@gmail.com,Female,9350589031,France,1998-07-15
8880,Riya,Bhatia,riya.bhatia8880@yahoo.com,Female,8093467136,UAE,1984-12-09
8881,Ritu,Sharma,ritu.sharma8881@outlook.com,Female,7304890204,United Kingdom,1999-09-22
8882,Sneha,Menon,sneha.menon8882@yahoo.com,Male,7469607781,UAE,2002-10-05
8883,Pooja,Singh,pooja.singh8883@outlook.com,Female,6241820494,Australia,1998-04-13
8884,Sneha,Pillai,sneha.pillai8884@outlook.com,Male,7947093508,France,1991-01-28
8885,Tarun,Iyer,tarun.iyer8885@yahoo.com,Male,9481258444,United States,1967-01-18
8886,Riya,Roy,riya.roy8886@yahoo.com,Male,6604077736,Canada,1992-09-05
8887,Maya,Das,maya.das8887@mail.com,Male,7651895964,France,2002-05-03
8888,Nisha,Iyer,nisha.iyer8888@gmail.com,Male,9141029508,Brazil,1970-02-15
8889,Sai,Kumar,sai.kumar8889@yahoo.com,Female,7497484065,UAE,1991-06-21
8890,Myra,Verma,myra.verma8890@example.com,Female,9473780969,Germany,1992-07-18
8891,Aditya,Menon,aditya.menon8891@example.com,Male,7729028997,Canada,1971-10-17
8892,Mohit,Trivedi,mohit.trivedi8892@example.com,Female,7044325461,Germany,2004-12-06
8893,Diya,Gupta,diya.gupta8893@outlook.com,Male,9914426384,France,1978-11-10
8894,Ananya,Bhatt,ananya.bhatt8894@mail.com,Female,9703619220,France,1972-04-28
8895,Nisha,Kapoor,nisha.kapoor8895@example.com,Female,8099668161,United Kingdom,1966-03-15
8896,Mohit,Verma,mohit.verma8896@example.com,Male,7761445020,France,1979-12-08
8897,Riya,Verma,riya.verma8897@gmail.com,Male,7175777926,United Kingdom,2006-02-22
8898,Sahil,Kumar,sahil.kumar8898@yahoo.com,Male,6684234849,Australia,1984-11-17
8899,Aditya,Roy,aditya.roy8899@outlook.com,Male,9955121824,United Kingdom,2001-06-13
8900,Aarav,Patel,aarav.patel8900@example.com,Male,8838843501,Australia,1972-01-25
8901,Ritu,Gupta,ritu.gupta8901@outlook.com,Female,8444832056,United Kingdom,2000-12-20
8902,Sneha,Ghosh,sneha.ghosh8902@example.com,Male,9034719106,Australia,1986-03-06
8903,Kavya,Malhotra,kavya.malhotra8903@gmail.com,Female,9430374674,UAE,2006-06-05
8904,Aditya,Joshi,aditya.joshi8904@outlook.com,Male,8897694353,India,1969-01-14
8905,Riya,Reddy,riya.reddy8905@yahoo.com,Female,8219043168,UAE,1977-02-24
8906,Tarun,Reddy,tarun.reddy8906@outlook.com,Male,9400566993,United States,2001-12-17
8907,Sara,Nair,sara.nair8907@gmail.com,Female,8563012168,Brazil,2002-09-28
8908,Nisha,Kashyap,nisha.kashyap8908@yahoo.com,Female,8576753952,France,1993-05-08
8909,Vihaan,Bhatia,vihaan.bhatia8909@example.com,Male,8858093964,United Kingdom,1980-05-07
8910,Aditya,Bhatt,aditya.bhatt8910@mail.com,Female,9016623993,Canada,1991-08-29
8911,Aanya,Joshi,aanya.joshi8911@outlook.com,Male,9889156849,United Kingdom,1970-11-20
8912,Sneha,Agarwal,sneha.agarwal8912@yahoo.com,Female,9037127858,India,1996-01-18
8913,Kiran,Kapoor,kiran.kapoor8913@outlook.com,Female,7065208671,Brazil,1989-05-13
8914,Arjun,Kashyap,arjun.kashyap8914@yahoo.com,Female,7200388331,United States,1972-06-18
8915,Isha,Mehta,isha.mehta8915@yahoo.com,Female,9655163151,India,1997-04-22
8916,Riya,Ghosh,riya.ghosh8916@yahoo.com,Male,7945422399,Canada,1977-01-02
8917,Vivaan,Sharma,vivaan.sharma8917@example.com,Male,7107855760,UAE,2005-10-07
8918,Karthik,Chauhan,karthik.chauhan8918@mail.com,Female,7604190075,India,1977-08-28
8919,Sunita,Naidu,sunita.naidu8919@outlook.com,Female,7955044867,Brazil,1989-04-14
8920,Reyansh,Gupta,reyansh.gupta8920@example.com,Female,9786413382,Brazil,1993-10-26
8921,Karthik,Naidu,karthik.naidu8921@outlook.com,Female,6783778960,United Kingdom,2000-11-02
8922,Vivaan,Naidu,vivaan.naidu8922@outlook.com,Female,8876453002,United Kingdom,1973-11-29
8923,Krishna,Trivedi,krishna.trivedi8923@example.com,Female,8265284602,United States,1977-09-25
8924,Kavya,Pillai,kavya.pillai8924@mail.com,Male,8136655631,India,1966-01-03
8925,Pooja,Agarwal,pooja.agarwal8925@example.com,Female,7267593987,Germany,1986-05-13
8926,Rohan,Iyer,rohan.iyer8926@mail.com,Male,7521188171,Germany,2006-05-15
8927,Priya,Nair,priya.nair8927@outlook.com,Male,7651154362,UAE,1978-07-06
8928,Aanya,Trivedi,aanya.trivedi8928@example.com,Female,6946284254,France,1975-11-28
8929,Kiran,Joshi,kiran.joshi8929@mail.com,Male,9519125367,United States,1993-08-02
8930,Maya,Khan,maya.khan8930@outlook.com,Female,7527280679,India,1998-08-11
8931,Tarun,Menon,tarun.menon8931@outlook.com,Female,9061188080,Canada,2002-11-18
8932,Riya,Khan,riya.khan8932@gmail.com,Male,6161831577,UAE,1977-01-29
8933,Sneha,Trivedi,sneha.trivedi8933@yahoo.com,Female,6921080364,Germany,1984-09-17
8934,Sara,Agarwal,sara.agarwal8934@yahoo.com,Female,7069253921,UAE,1977-11-04
8935,Priya,Verma,priya.verma8935@gmail.com,Male,6277714530,UAE,1976-05-15
8936,Rohan,Patel,rohan.patel8936@yahoo.com,Male,6928571807,Germany,1969-06-07
8937,Riya,Ghosh,riya.ghosh8937@outlook.com,Male,7887847951,United Kingdom,1983-09-12
8938,Diya,Nair,diya.nair8938@example.com,Male,9113095976,Germany,1988-09-27
8939,Sneha,Khan,sneha.khan8939@outlook.com,Male,6549234710,Brazil,2005-07-15
8940,Nisha,Prasad,nisha.prasad8940@yahoo.com,Male,7575286912,Germany,1973-09-20
8941,Diya,Iyer,diya.iyer8941@yahoo.com,Male,6607563518,United States,1987-12-30
8942,Aanya,Kumar,aanya.kumar8942@outlook.com,Female,6720975650,Brazil,2003-12-22
8943,Ananya,Prasad,ananya.prasad8943@mail.com,Male,6015214370,United Kingdom,2002-08-10
8944,Myra,Menon,myra.menon8944@gmail.com,Male,6035778257,South Africa,1975-09-23
8945,Ritu,Roy,ritu.roy8945@example.com,Female,6640824513,Germany,1982-07-09
8946,Karthik,Singh,karthik.singh8946@example.com,Female,7890590014,UAE,1983-04-14
8947,Pooja,Prasad,pooja.prasad8947@outlook.com,Female,7975005572,Brazil,1978-02-06
8948,Karthik,Gupta,karthik.gupta8948@yahoo.com,Female,9443043176,United States,1994-03-24
8949,Kavya,Malhotra,kavya.malhotra8949@yahoo.com,Male,8021610567,Germany,1998-06-10
8950,Arjun,Bose,arjun.bose8950@gmail.com,Female,7418578949,United Kingdom,1985-06-04
8951,Riya,Bhatt,riya.bhatt8951@gmail.com,Female,7477143155,Brazil,1981-07-01
8952,Karthik,Joshi,karthik.joshi8952@yahoo.com,Female,7921176280,Australia,1980-08-09
8953,Vivaan,Khan,vivaan.khan8953@gmail.com,Female,6691119180,Germany,1993-02-23
8954,Tarun,Singh,tarun.singh8954@outlook.com,Female,6644353106,Australia,1979-11-19
8955,Tarun,Pillai,tarun.pillai8955@outlook.com,Female,6030119207,United Kingdom,1967-06-28
8956,Nisha,Malhotra,nisha.malhotra8956@gmail.com,Female,9998875019,United States,1992-10-01
8957,Anil,Kashyap,anil.kashyap8957@mail.com,Male,7668825258,United States,1965-10-30
8958,Karthik,Shah,karthik.shah8958@outlook.com,Male,6589473112,Australia,2006-08-07
8959,Maya,Patel,maya.patel8959@gmail.com,Male,9495519148,Brazil,1970-07-18
8960,Mohit,Ghosh,mohit.ghosh8960@yahoo.com,Male,8130510459,South Africa,2004-04-12
8961,Ritu,Kashyap,ritu.kashyap8961@outlook.com,Female,8850256798,UAE,1976-04-19
8962,Myra,Sharma,myra.sharma8962@yahoo.com,Female,8161256767,South Africa,1993-02-23
8963,Anil,Patel,anil.patel8963@yahoo.com,Female,9087430826,Germany,1994-09-20
8964,Nisha,Bhatia,nisha.bhatia8964@gmail.com,Female,8786672217,South Africa,1972-07-03
8965,Priya,Kapoor,priya.kapoor8965@yahoo.com,Male,6971357220,Germany,1994-07-27
8966,Kavya,Das,kavya.das8966@outlook.com,Male,9499158463,United States,1987-03-11
8967,Arjun,Naidu,arjun.naidu8967@outlook.com,Female,9954484296,Brazil,2004-08-07
8968,Maya,Roy,maya.roy8968@outlook.com,Male,7637761205,United States,1973-03-12
8969,Mohit,Pillai,mohit.pillai8969@example.com,Male,7035925842,India,1976-11-26
8970,Ritu,Joshi,ritu.joshi8970@example.com,Male,7625591016,Canada,1997-12-23
8971,Vihaan,Pillai,vihaan.pillai8971@yahoo.com,Male,8004237041,United Kingdom,1974-03-29
8972,Aditya,Bhatia,aditya.bhatia8972@gmail.com,Female,7863580065,Canada,1988-10-08
8973,Maya,Mehta,maya.mehta8973@gmail.com,Male,7849845617,France,1966-05-02
8974,Kavya,Reddy,kavya.reddy8974@example.com,Female,9647526970,Canada,1981-12-08
8975,Riya,Chauhan,riya.chauhan8975@example.com,Female,6383335099,South Africa,1967-12-03
8976,Maya,Bhatt,maya.bhatt8976@mail.com,Male,8127852107,Australia,2007-04-01
8977,Myra,Pillai,myra.pillai8977@yahoo.com,Male,8008978408,Germany,1999-03-19
8978,Vihaan,Khan,vihaan.khan8978@yahoo.com,Male,6342539965,Brazil,1973-05-16
8979,Pooja,Pillai,pooja.pillai8979@gmail.com,Female,9305760653,United States,1990-12-15
8980,Nisha,Pillai,nisha.pillai8980@mail.com,Male,6964756603,France,1992-05-11
8981,Kavya,Kashyap,kavya.kashyap8981@outlook.com,Female,7100824182,Brazil,1966-10-21
8982,Karthik,Mehta,karthik.mehta8982@outlook.com,Male,9554062595,Australia,1975-06-22
8983,Priya,Patel,priya.patel8983@example.com,Male,7885432021,United States,1989-02-25
8984,Anil,Agarwal,anil.agarwal8984@yahoo.com,Male,8050173274,UAE,1986-09-17
8985,Vihaan,Naidu,vihaan.naidu8985@mail.com,Male,7306789961,South Africa,1982-07-27
8986,Nisha,Kashyap,nisha.kashyap8986@mail.com,Female,9983395276,South Africa,1986-03-24
8987,Tarun,Prasad,tarun.prasad8987@yahoo.com,Female,9009762284,Brazil,1992-03-08
8988,Riya,Menon,riya.menon8988@gmail.com,Male,9579067217,Germany,1981-05-20
8989,Ananya,Joshi,ananya.joshi8989@mail.com,Male,8373961300,Germany,1994-11-06
8990,Pooja,Das,pooja.das8990@gmail.com,Female,6652799704,UAE,1987-09-15
8991,Arjun,Bhatia,arjun.bhatia8991@gmail.com,Male,6016815093,Brazil,1980-10-11
8992,Isha,Yadav,isha.yadav8992@gmail.com,Female,6610171526,UAE,1984-04-14
8993,Myra,Shah,myra.shah8993@outlook.com,Female,7141945514,Brazil,1982-05-21
8994,Ritu,Iyer,ritu.iyer8994@outlook.com,Female,7691550603,South Africa,1991-12-30
8995,Ananya,Pillai,ananya.pillai8995@outlook.com,Male,6895779214,South Africa,1989-12-15
8996,Aanya,Bose,aanya.bose8996@example.com,Male,9732950604,Canada,1992-02-15
8997,Aanya,Yadav,aanya.yadav8997@mail.com,Female,6121788511,Australia,1999-11-20
8998,Ananya,Yadav,ananya.yadav8998@mail.com,Male,9062370185,Germany,1966-06-08
8999,Sunita,Bose,sunita.bose8999@outlook.com,Male,7881256123,Australia,1996-04-14
9000,Rohan,Agarwal,rohan.agarwal9000@yahoo.com,Female,9178273625,India,1993-10-04
9001,Kiran,Singh,kiran.singh9001@gmail.com,Female,9832890054,India,1974-01-05
9002,Sai,Bose,sai.bose9002@example.com,Male,8543145981,United States,1974-05-15
9003,Vivaan,Das,vivaan.das9003@gmail.com,Male,6142294434,Brazil,1973-11-21
9004,Arjun,Iyer,arjun.iyer9004@outlook.com,Female,8327153023,South Africa,2006-01-03
9005,Mohit,Kapoor,mohit.kapoor9005@mail.com,Female,9430651464,Canada,1972-09-19
9006,Riya,Bhatia,riya.bhatia9006@example.com,Female,8209003006,Canada,2007-05-04
9007,Krishna,Menon,krishna.menon9007@yahoo.com,Female,9894923422,South Africa,1970-05-01
9008,Krishna,Shah,krishna.shah9008@example.com,Female,8030763432,United Kingdom,1975-04-18
9009,Pooja,Patel,pooja.patel9009@mail.com,Male,6982248488,India,1982-07-25
9010,Aarav,Kapoor,aarav.kapoor9010@gmail.com,Male,6835677029,Australia,1970-04-16
9011,Anil,Mehta,anil.mehta9011@outlook.com,Female,7646806312,France,1989-02-19
9012,Sai,Mehta,sai.mehta9012@outlook.com,Male,7134661001,UAE,1986-11-09
9013,Tarun,Iyer,tarun.iyer9013@gmail.com,Male,8385877897,Canada,1984-09-11
9014,Riya,Gupta,riya.gupta9014@outlook.com,Female,8460305620,India,2000-07-18
9015,Vihaan,Ghosh,vihaan.ghosh9015@mail.com,Female,6117178996,UAE,1983-10-01
9016,Sunita,Joshi,sunita.joshi9016@yahoo.com,Male,6049124405,United Kingdom,1972-07-11
9017,Arjun,Reddy,arjun.reddy9017@outlook.com,Male,7421529807,United States,1993-03-09
9018,Pooja,Bose,pooja.bose9018@gmail.com,Female,6675922519,Germany,1999-10-17
9019,Nisha,Pillai,nisha.pillai9019@gmail.com,Male,9553469735,France,1996-05-01
9020,Diya,Kashyap,diya.kashyap9020@yahoo.com,Male,7801692241,India,1968-02-21
9021,Anil,Gupta,anil.gupta9021@example.com,Male,7082258501,Canada,2005-10-10
9022,Aditya,Menon,aditya.menon9022@mail.com,Male,6966153468,Canada,1988-06-04
9023,Sara,Pillai,sara.pillai9023@outlook.com,Male,8090090153,India,2005-03-16
9024,Reyansh,Ghosh,reyansh.ghosh9024@mail.com,Female,9632964843,South Africa,1974-04-30
9025,Sara,Pillai,sara.pillai9025@yahoo.com,Male,6811534284,Australia,1984-11-18
9026,Ritu,Gupta,ritu.gupta9026@example.com,Male,7751942708,United States,1982-08-07
9027,Ananya,Prasad,ananya.prasad9027@outlook.com,Male,9655220966,Brazil,1987-09-29
9028,Sai,Prasad,sai.prasad9028@yahoo.com,Female,8741105567,India,1975-05-23
9029,Sunita,Kashyap,sunita.kashyap9029@mail.com,Female,6026279631,France,1998-04-18
9030,Priya,Roy,priya.roy9030@yahoo.com,Female,6518384162,Germany,1969-08-16
9031,Aarav,Gupta,aarav.gupta9031@example.com,Male,6241061821,South Africa,1969-05-16
9032,Isha,Menon,isha.menon9032@example.com,Female,7170092163,India,1981-06-26
9033,Arjun,Pillai,arjun.pillai9033@yahoo.com,Female,9338193906,India,1972-11-10
9034,Krishna,Iyer,krishna.iyer9034@outlook.com,Male,7597227230,Germany,1966-04-21
9035,Reyansh,Khan,reyansh.khan9035@mail.com,Female,9640608993,Brazil,1965-11-05
9036,Priya,Verma,priya.verma9036@example.com,Female,8352044601,India,1967-03-28
9037,Myra,Menon,myra.menon9037@example.com,Male,9728149842,Australia,1989-11-03
9038,Arjun,Agarwal,arjun.agarwal9038@gmail.com,Male,6658811777,Brazil,1985-03-06
9039,Myra,Nair,myra.nair9039@yahoo.com,Female,8943078500,Brazil,1966-04-28
9040,Ananya,Bhatt,ananya.bhatt9040@mail.com,Male,7627507597,South Africa,1980-02-15
9041,Sahil,Bhatia,sahil.bhatia9041@mail.com,Female,9989144100,United Kingdom,2005-03-26
9042,Sunita,Iyer,sunita.iyer9042@mail.com,Female,8463471020,Canada,2000-08-22
9043,Nisha,Malhotra,nisha.malhotra9043@yahoo.com,Male,7622952846,India,1971-12-15
9044,Diya,Sharma,diya.sharma9044@example.com,Male,8925606278,Brazil,1987-03-31
9045,Rohan,Agarwal,rohan.agarwal9045@example.com,Male,9688223526,United Kingdom,1981-04-27
9046,Krishna,Sharma,krishna.sharma9046@gmail.com,Female,6188502271,Germany,2004-10-02
9047,Mohit,Ghosh,mohit.ghosh9047@example.com,Male,8605546944,Australia,1994-01-12
9048,Aditya,Nair,aditya.nair9048@yahoo.com,Female,6786727090,UAE,1980-01-14
9049,Aarav,Kapoor,aarav.kapoor9049@example.com,Male,7248410328,UAE,1969-02-05
9050,Kiran,Das,kiran.das9050@mail.com,Male,7936173851,France,2002-08-02
9051,Myra,Mehta,myra.mehta9051@example.com,Female,9839727733,India,1994-06-25
9052,Anil,Roy,anil.roy9052@example.com,Female,9713950628,India,2003-04-11
9053,Sahil,Mehta,sahil.mehta9053@outlook.com,Male,7519930948,Germany,1982-12-30
9054,Vivaan,Kapoor,vivaan.kapoor9054@yahoo.com,Male,8665171311,Canada,1970-11-02
9055,Kiran,Kumar,kiran.kumar9055@outlook.com,Male,8026421163,Germany,1990-03-12
9056,Aanya,Khan,aanya.khan9056@gmail.com,Male,9962944927,United Kingdom,1985-10-10
9057,Krishna,Reddy,krishna.reddy9057@example.com,Female,9489443837,France,1980-12-18
9058,Anil,Bose,anil.bose9058@outlook.com,Female,6411957319,Australia,1981-09-24
9059,Ananya,Reddy,ananya.reddy9059@gmail.com,Female,6468755330,Germany,1990-12-16
9060,Vihaan,Bhatt,vihaan.bhatt9060@gmail.com,Female,6623493375,United Kingdom,2002-11-27
9061,Aditya,Chauhan,aditya.chauhan9061@outlook.com,Male,8693004108,India,1966-12-16
9062,Diya,Gupta,diya.gupta9062@example.com,Male,8527110943,United States,2001-08-01
9063,Sara,Kumar,sara.kumar9063@outlook.com,Female,6284712272,India,1974-09-11
9064,Kiran,Chauhan,kiran.chauhan9064@example.com,Female,6068524524,Brazil,2003-07-20
9065,Sunita,Bose,sunita.bose9065@outlook.com,Female,7371773109,UAE,1999-11-26
9066,Sunita,Pillai,sunita.pillai9066@gmail.com,Female,7636559484,Australia,2004-06-12
9067,Krishna,Trivedi,krishna.trivedi9067@mail.com,Female,8029821028,United Kingdom,1978-06-06
9068,Vihaan,Prasad,vihaan.prasad9068@mail.com,Male,8520552233,Australia,1999-08-30
9069,Vivaan,Singh,vivaan.singh9069@example.com,Female,7847175023,Germany,1969-09-09
9070,Krishna,Gupta,krishna.gupta9070@yahoo.com,Male,8095365026,South Africa,2002-10-14
9071,Anil,Verma,anil.verma9071@yahoo.com,Female,6778057375,Canada,1980-03-10
9072,Diya,Mehta,diya.mehta9072@yahoo.com,Male,9338583608,UAE,1966-07-05
9073,Arjun,Mehta,arjun.mehta9073@yahoo.com,Male,7831858698,France,1979-11-02
9074,Aditya,Pillai,aditya.pillai9074@gmail.com,Female,6842406256,United Kingdom,1976-12-03
9075,Aditya,Patel,aditya.patel9075@mail.com,Male,6428866039,Brazil,1999-03-28
9076,Riya,Naidu,riya.naidu9076@gmail.com,Male,6293093942,Australia,1997-05-16
9077,Isha,Ghosh,isha.ghosh9077@yahoo.com,Female,7619796620,Canada,1976-11-16
9078,Anil,Khan,anil.khan9078@yahoo.com,Female,7962431198,United States,1981-02-19
9079,Aditya,Roy,aditya.roy9079@outlook.com,Female,8308145159,Brazil,2002-05-01
9080,Karthik,Mehta,karthik.mehta9080@gmail.com,Female,8436082063,France,1996-12-07
9081,Kiran,Das,kiran.das9081@mail.com,Male,7362355094,United Kingdom,1986-12-01
9082,Vivaan,Verma,vivaan.verma9082@gmail.com,Male,7588551443,Germany,1973-10-31
9083,Aanya,Reddy,aanya.reddy9083@outlook.com,Male,9481454930,Canada,1977-02-24
9084,Riya,Kashyap,riya.kashyap9084@mail.com,Male,7360616808,UAE,1977-04-18
9085,Aanya,Naidu,aanya.naidu9085@mail.com,Male,7681548195,South Africa,1997-01-25
9086,Sai,Yadav,sai.yadav9086@gmail.com,Female,8383046623,Australia,1969-08-06
9087,Sara,Bhatia,sara.bhatia9087@gmail.com,Male,9044167429,UAE,1977-01-21
9088,Karthik,Naidu,karthik.naidu9088@gmail.com,Male,7831762062,UAE,1967-06-10
9089,Diya,Yadav,diya.yadav9089@example.com,Female,7296257281,Brazil,1993-07-24
9090,Sneha,Bhatt,sneha.bhatt9090@mail.com,Female,9803462401,United Kingdom,2001-10-20
9091,Ritu,Chauhan,ritu.chauhan9091@gmail.com,Male,7458880458,India,1997-10-16
9092,Kavya,Mehta,kavya.mehta9092@example.com,Female,7329621672,Germany,1971-12-27
9093,Ritu,Malhotra,ritu.malhotra9093@mail.com,Male,7892481096,Canada,1989-09-27
9094,Krishna,Bose,krishna.bose9094@outlook.com,Female,8348471176,Germany,1970-02-02
9095,Kavya,Singh,kavya.singh9095@yahoo.com,Female,6043057895,France,1996-03-25
9096,Anil,Bhatia,anil.bhatia9096@example.com,Male,6225819493,Canada,1967-10-27
9097,Krishna,Patel,krishna.patel9097@outlook.com,Male,6814424106,Germany,1993-08-19
9098,Myra,Kapoor,myra.kapoor9098@gmail.com,Male,7157260086,France,1981-01-05
9099,Riya,Ghosh,riya.ghosh9099@gmail.com,Male,9947162092,Germany,2001-11-01
9100,Diya,Verma,diya.verma9100@gmail.com,Female,8641676130,Germany,1980-08-24
9101,Aditya,Malhotra,aditya.malhotra9101@gmail.com,Female,8317208550,Australia,2001-01-07
9102,Vihaan,Shah,vihaan.shah9102@outlook.com,Male,6992810619,France,1984-06-24
9103,Sahil,Roy,sahil.roy9103@example.com,Male,7016804051,Germany,1980-12-31
9104,Aarav,Malhotra,aarav.malhotra9104@yahoo.com,Female,7199760568,UAE,2003-01-24
9105,Aarav,Mehta,aarav.mehta9105@outlook.com,Male,8286271797,Brazil,1995-01-20
9106,Tarun,Roy,tarun.roy9106@gmail.com,Female,7476689459,United States,1966-04-15
9107,Sahil,Patel,sahil.patel9107@outlook.com,Male,8829361898,Canada,1965-12-26
9108,Aanya,Bhatt,aanya.bhatt9108@example.com,Male,7022322210,United Kingdom,1984-09-24
9109,Sunita,Menon,sunita.menon9109@gmail.com,Female,6747854350,United States,1977-11-17
9110,Tarun,Shah,tarun.shah9110@outlook.com,Female,6395905280,United Kingdom,1998-01-13
9111,Sunita,Agarwal,sunita.agarwal9111@mail.com,Male,7777680035,Canada,1997-01-22
9112,Maya,Nair,maya.nair9112@gmail.com,Female,8599580520,France,1972-02-25
9113,Aditya,Prasad,aditya.prasad9113@mail.com,Male,9164607183,South Africa,1996-12-03
9114,Sahil,Pillai,sahil.pillai9114@mail.com,Male,6769167704,Canada,2002-12-10
9115,Isha,Kashyap,isha.kashyap9115@mail.com,Male,8382406243,UAE,2007-10-20
9116,Sunita,Trivedi,sunita.trivedi9116@yahoo.com,Female,8331053405,South Africa,2004-05-06
9117,Tarun,Agarwal,tarun.agarwal9117@example.com,Male,6917585834,Australia,2007-04-19
9118,Arjun,Gupta,arjun.gupta9118@gmail.com,Female,8604313082,India,1980-04-26
9119,Kiran,Yadav,kiran.yadav9119@yahoo.com,Male,9086688951,UAE,2002-03-07
9120,Ananya,Iyer,ananya.iyer9120@mail.com,Male,6360707093,Australia,1998-10-02
9121,Nisha,Verma,nisha.verma9121@gmail.com,Male,9465969894,UAE,1994-01-24
9122,Nisha,Khan,nisha.khan9122@gmail.com,Male,6852827080,Australia,1999-01-15
9123,Aditya,Kapoor,aditya.kapoor9123@gmail.com,Male,8816932354,Australia,1981-10-19
9124,Sai,Sharma,sai.sharma9124@mail.com,Female,9296822247,Australia,1972-08-25
9125,Tarun,Trivedi,tarun.trivedi9125@yahoo.com,Male,9322940759,Brazil,1968-08-16
9126,Nisha,Yadav,nisha.yadav9126@outlook.com,Male,6596916447,Canada,2005-01-10
9127,Vihaan,Kapoor,vihaan.kapoor9127@gmail.com,Male,9069399683,Germany,1966-08-13
9128,Mohit,Bose,mohit.bose9128@gmail.com,Female,8967747937,United Kingdom,1992-12-09
9129,Mohit,Menon,mohit.menon9129@example.com,Male,6009413833,United States,2004-02-05
9130,Ananya,Nair,ananya.nair9130@gmail.com,Male,9833760795,United States,1970-03-13
9131,Ritu,Naidu,ritu.naidu9131@gmail.com,Female,8130867026,Brazil,2005-04-25
9132,Kavya,Naidu,kavya.naidu9132@outlook.com,Female,9389744838,Australia,1978-01-14
9133,Aditya,Verma,aditya.verma9133@gmail.com,Male,8413000252,France,1974-09-12
9134,Myra,Mehta,myra.mehta9134@gmail.com,Male,8421524659,Brazil,1996-11-18
9135,Aarav,Reddy,aarav.reddy9135@yahoo.com,Male,8600266230,United States,1970-03-29
9136,Rohan,Kapoor,rohan.kapoor9136@example.com,Female,8985926057,Germany,2002-08-20
9137,Sneha,Agarwal,sneha.agarwal9137@outlook.com,Male,6689754721,France,1983-12-03
9138,Anil,Khan,anil.khan9138@yahoo.com,Male,8412094732,Canada,1982-02-10
9139,Riya,Kapoor,riya.kapoor9139@outlook.com,Female,8028114961,South Africa,1966-10-10
9140,Kiran,Kapoor,kiran.kapoor9140@yahoo.com,Male,6210999051,Canada,1985-12-23
9141,Isha,Mehta,isha.mehta9141@yahoo.com,Male,6809542400,India,2007-10-02
9142,Ananya,Sharma,ananya.sharma9142@mail.com,Female,7860062258,United Kingdom,1983-02-24
9143,Vihaan,Agarwal,vihaan.agarwal9143@yahoo.com,Female,7941170975,Canada,2006-07-22
9144,Vihaan,Agarwal,vihaan.agarwal9144@gmail.com,Male,7764656215,United States,2006-01-18
9145,Kiran,Das,kiran.das9145@yahoo.com,Male,8523817665,United Kingdom,1988-09-16
9146,Sunita,Singh,sunita.singh9146@yahoo.com,Female,8314905853,India,1992-03-03
9147,Sahil,Das,sahil.das9147@mail.com,Female,9764673537,France,2006-11-06
9148,Kavya,Ghosh,kavya.ghosh9148@outlook.com,Female,7398226772,India,1995-09-06
9149,Isha,Khan,isha.khan9149@gmail.com,Female,7690964150,Canada,1978-06-20
9150,Ananya,Iyer,ananya.iyer9150@gmail.com,Male,7124394495,India,1983-05-12
9151,Myra,Gupta,myra.gupta9151@outlook.com,Male,8179437286,United States,1969-08-21
9152,Myra,Verma,myra.verma9152@example.com,Female,7666984931,Germany,1972-10-07
9153,Sunita,Agarwal,sunita.agarwal9153@yahoo.com,Male,9759646989,Germany,2006-09-16
9154,Diya,Patel,diya.patel9154@yahoo.com,Female,6269852165,India,1983-11-04
9155,Vihaan,Trivedi,vihaan.trivedi9155@mail.com,Female,7039757823,India,1988-01-10
9156,Isha,Khan,isha.khan9156@outlook.com,Female,9539211048,France,1996-02-05
9157,Sneha,Joshi,sneha.joshi9157@outlook.com,Female,8053476755,Canada,1965-12-28
9158,Priya,Gupta,priya.gupta9158@yahoo.com,Male,6703103676,South Africa,1992-12-08
9159,Sai,Bhatt,sai.bhatt9159@example.com,Female,6745282494,South Africa,1970-02-04
9160,Krishna,Trivedi,krishna.trivedi9160@yahoo.com,Female,7847095246,United Kingdom,1996-03-19
9161,Rohan,Singh,rohan.singh9161@yahoo.com,Female,7232583153,South Africa,1996-09-21
9162,Sahil,Kapoor,sahil.kapoor9162@gmail.com,Female,7660110527,Germany,1972-04-18
9163,Sneha,Nair,sneha.nair9163@gmail.com,Female,9595658101,India,1966-12-22
9164,Isha,Bhatt,isha.bhatt9164@yahoo.com,Female,9462127093,Canada,1981-03-02
9165,Myra,Bhatt,myra.bhatt9165@gmail.com,Male,6999229955,Australia,2002-10-02
9166,Riya,Agarwal,riya.agarwal9166@example.com,Female,7811101876,Australia,1986-09-14
9167,Riya,Shah,riya.shah9167@outlook.com,Male,6881541492,Australia,2005-06-21
9168,Sahil,Prasad,sahil.prasad9168@mail.com,Male,7036443520,France,1997-08-07
9169,Reyansh,Yadav,reyansh.yadav9169@outlook.com,Male,7469570303,UAE,1991-06-21
9170,Myra,Verma,myra.verma9170@mail.com,Male,6139345746,UAE,1978-10-11
9171,Sneha,Shah,sneha.shah9171@yahoo.com,Male,9463258519,UAE,2003-07-06
9172,Maya,Trivedi,maya.trivedi9172@example.com,Female,8898178483,France,1993-01-04
9173,Pooja,Verma,pooja.verma9173@outlook.com,Female,8863143158,Australia,1993-06-08
9174,Kavya,Menon,kavya.menon9174@example.com,Female,8759869467,France,1999-03-29
9175,Isha,Trivedi,isha.trivedi9175@yahoo.com,Male,9188006317,UAE,2002-10-03
9176,Isha,Bose,isha.bose9176@yahoo.com,Male,7170301098,UAE,1976-03-02
9177,Sunita,Bose,sunita.bose9177@mail.com,Female,6655237876,France,2004-08-24
9178,Vihaan,Kumar,vihaan.kumar9178@outlook.com,Female,8330602955,Brazil,1999-09-18
9179,Krishna,Joshi,krishna.joshi9179@example.com,Female,9315080835,France,1974-01-16
9180,Ananya,Prasad,ananya.prasad9180@outlook.com,Female,9446888308,France,1977-08-17
9181,Rohan,Kashyap,rohan.kashyap9181@yahoo.com,Male,7096539076,India,1997-01-31
9182,Sahil,Reddy,sahil.reddy9182@mail.com,Female,7585327934,India,1997-04-29
9183,Sunita,Yadav,sunita.yadav9183@example.com,Female,8202586587,South Africa,1975-06-28
9184,Aditya,Trivedi,aditya.trivedi9184@mail.com,Male,7517875750,UAE,1996-09-12
9185,Riya,Reddy,riya.reddy9185@example.com,Female,9841395444,Brazil,1982-11-15
9186,Myra,Khan,myra.khan9186@outlook.com,Female,7005791966,Canada,1977-02-07
9187,Vihaan,Malhotra,vihaan.malhotra9187@gmail.com,Male,6499319852,UAE,1988-04-14
9188,Kavya,Patel,kavya.patel9188@outlook.com,Female,9913928636,Australia,1980-06-03
9189,Tarun,Bhatt,tarun.bhatt9189@gmail.com,Female,8038418017,Brazil,2000-06-02
9190,Sai,Naidu,sai.naidu9190@example.com,Female,6206510206,South Africa,1996-12-09
9191,Krishna,Sharma,krishna.sharma9191@yahoo.com,Female,6333998551,Germany,1978-01-10
9192,Sara,Joshi,sara.joshi9192@yahoo.com,Male,8686882696,UAE,1999-04-08
9193,Vihaan,Roy,vihaan.roy9193@example.com,Male,9326092346,Brazil,2003-03-29
9194,Kiran,Roy,kiran.roy9194@gmail.com,Male,6758492613,Brazil,2003-09-10
9195,Riya,Bhatia,riya.bhatia9195@mail.com,Male,9080547083,United States,2002-09-11
9196,Anil,Shah,anil.shah9196@gmail.com,Male,8017570269,UAE,1999-01-13
9197,Karthik,Bhatia,karthik.bhatia9197@outlook.com,Female,9142176833,Canada,1976-10-14
9198,Myra,Verma,myra.verma9198@mail.com,Female,7500564613,United Kingdom,2001-08-22
9199,Ananya,Malhotra,ananya.malhotra9199@yahoo.com,Male,6721687036,Canada,1985-11-26
9200,Ritu,Patel,ritu.patel9200@mail.com,Female,8632775083,UAE,1976-02-19
9201,Krishna,Gupta,krishna.gupta9201@example.com,Female,6176117763,Canada,1971-01-25
9202,Sara,Das,sara.das9202@mail.com,Female,8728659657,Canada,1994-03-04
9203,Riya,Bhatt,riya.bhatt9203@example.com,Male,7849401646,United States,1994-10-29
9204,Nisha,Mehta,nisha.mehta9204@yahoo.com,Male,7798477100,Germany,1976-09-20
9205,Vihaan,Kumar,vihaan.kumar9205@gmail.com,Male,8415679811,France,1971-04-20
9206,Riya,Prasad,riya.prasad9206@yahoo.com,Female,9044607037,India,1971-10-02
9207,Kiran,Prasad,kiran.prasad9207@outlook.com,Female,8534646708,Germany,1987-08-12
9208,Ananya,Roy,ananya.roy9208@outlook.com,Male,7547987763,Brazil,1985-12-20
9209,Nisha,Joshi,nisha.joshi9209@gmail.com,Male,9427102297,India,1966-12-02
9210,Vivaan,Ghosh,vivaan.ghosh9210@gmail.com,Female,8107726722,UAE,2007-08-06
9211,Aarav,Patel,aarav.patel9211@outlook.com,Female,8725300548,United Kingdom,1973-01-12
9212,Arjun,Verma,arjun.verma9212@mail.com,Male,6065638837,United Kingdom,1975-11-09
9213,Aanya,Nair,aanya.nair9213@gmail.com,Female,7446907285,Brazil,1982-04-27
9214,Nisha,Bhatt,nisha.bhatt9214@yahoo.com,Female,7620589307,Germany,1972-07-24
9215,Mohit,Prasad,mohit.prasad9215@yahoo.com,Male,8586407996,India,1966-01-25
9216,Vihaan,Reddy,vihaan.reddy9216@yahoo.com,Female,9527691415,Canada,2006-07-22
9217,Kavya,Yadav,kavya.yadav9217@example.com,Male,6251774248,Brazil,2002-03-18
9218,Diya,Reddy,diya.reddy9218@gmail.com,Male,8760211596,Canada,1982-07-06
9219,Vivaan,Singh,vivaan.singh9219@mail.com,Female,9088434096,Canada,1988-11-21
9220,Myra,Naidu,myra.naidu9220@mail.com,Male,9544477947,UAE,1999-12-10
9221,Sahil,Bose,sahil.bose9221@yahoo.com,Female,8749271030,South Africa,1984-06-28
9222,Krishna,Gupta,krishna.gupta9222@gmail.com,Female,8121420082,France,1974-06-11
9223,Sunita,Singh,sunita.singh9223@mail.com,Female,9745742336,UAE,2002-02-08
9224,Sunita,Chauhan,sunita.chauhan9224@example.com,Female,9324847041,India,2002-01-30
9225,Myra,Prasad,myra.prasad9225@gmail.com,Female,8334707427,France,1998-06-07
9226,Aarav,Agarwal,aarav.agarwal9226@yahoo.com,Female,8910168440,South Africa,1999-01-20
9227,Sai,Joshi,sai.joshi9227@outlook.com,Male,8412752811,India,1990-12-20
9228,Isha,Agarwal,isha.agarwal9228@yahoo.com,Male,7385780058,UAE,1993-04-07
9229,Mohit,Reddy,mohit.reddy9229@mail.com,Female,9125625571,Canada,1990-07-26
9230,Sahil,Agarwal,sahil.agarwal9230@example.com,Male,7570507434,South Africa,1978-07-06
9231,Isha,Mehta,isha.mehta9231@gmail.com,Male,7478664792,India,1983-06-01
9232,Pooja,Iyer,pooja.iyer9232@mail.com,Male,7696207885,Germany,1989-04-08
9233,Sahil,Ghosh,sahil.ghosh9233@outlook.com,Female,8811597812,Germany,1969-11-22
9234,Kiran,Khan,kiran.khan9234@mail.com,Female,6654992343,Germany,2007-04-04
9235,Reyansh,Ghosh,reyansh.ghosh9235@example.com,Male,8859318911,South Africa,2002-09-01
9236,Aarav,Joshi,aarav.joshi9236@yahoo.com,Female,8850324337,UAE,2004-03-15
9237,Vivaan,Pillai,vivaan.pillai9237@example.com,Female,6672800752,South Africa,1998-05-31
9238,Arjun,Pillai,arjun.pillai9238@example.com,Female,7789604711,France,1990-07-26
9239,Isha,Bhatia,isha.bhatia9239@yahoo.com,Male,8425778976,Canada,1977-02-27
9240,Aditya,Kumar,aditya.kumar9240@mail.com,Male,7491739581,France,1971-11-05
9241,Anil,Khan,anil.khan9241@outlook.com,Female,9649124118,United States,1973-02-14
9242,Aanya,Sharma,aanya.sharma9242@gmail.com,Female,9364923262,Brazil,2007-07-13
9243,Anil,Roy,anil.roy9243@mail.com,Male,8508955451,South Africa,1993-06-22
9244,Aarav,Iyer,aarav.iyer9244@yahoo.com,Male,6712367305,France,2002-01-27
9245,Nisha,Chauhan,nisha.chauhan9245@mail.com,Female,6087487059,South Africa,2003-10-21
9246,Rohan,Malhotra,rohan.malhotra9246@example.com,Female,6221147551,Brazil,1998-12-05
9247,Priya,Kapoor,priya.kapoor9247@yahoo.com,Male,8649704968,UAE,1996-05-27
9248,Pooja,Verma,pooja.verma9248@outlook.com,Male,8300418299,United States,1975-02-20
9249,Isha,Bose,isha.bose9249@example.com,Female,7466758376,United States,1978-05-20
9250,Reyansh,Agarwal,reyansh.agarwal9250@example.com,Male,7637903289,South Africa,1972-07-29
9251,Anil,Kashyap,anil.kashyap9251@gmail.com,Female,8808592992,South Africa,1974-11-19
9252,Diya,Malhotra,diya.malhotra9252@mail.com,Male,9655421194,South Africa,1972-10-16
9253,Mohit,Bose,mohit.bose9253@example.com,Male,8826040684,India,1996-08-07
9254,Vivaan,Bhatia,vivaan.bhatia9254@yahoo.com,Male,6616474801,France,1981-06-30
9255,Ananya,Kapoor,ananya.kapoor9255@yahoo.com,Female,8387128153,Brazil,1992-05-20
9256,Aanya,Verma,aanya.verma9256@yahoo.com,Male,7486203341,France,1966-05-20
9257,Karthik,Malhotra,karthik.malhotra9257@outlook.com,Female,9839067250,France,2007-05-23
9258,Aditya,Yadav,aditya.yadav9258@example.com,Female,7674330749,UAE,1967-01-31
9259,Reyansh,Yadav,reyansh.yadav9259@gmail.com,Male,7133377432,Brazil,1974-06-23
9260,Sara,Singh,sara.singh9260@gmail.com,Female,7151552009,India,1984-03-26
9261,Mohit,Nair,mohit.nair9261@yahoo.com,Female,7458713482,France,1983-11-14
9262,Ritu,Singh,ritu.singh9262@outlook.com,Male,9897582563,United States,1967-12-26
9263,Sai,Bhatt,sai.bhatt9263@outlook.com,Female,7739791023,Germany,1982-06-15
9264,Mohit,Mehta,mohit.mehta9264@example.com,Male,9412483854,Germany,1998-10-13
9265,Diya,Mehta,diya.mehta9265@example.com,Female,7899804566,France,1985-04-06
9266,Tarun,Nair,tarun.nair9266@mail.com,Female,7348448592,UAE,1999-01-10
9267,Diya,Verma,diya.verma9267@outlook.com,Male,8463352449,United Kingdom,1968-08-16
9268,Arjun,Malhotra,arjun.malhotra9268@mail.com,Female,6094087921,South Africa,1968-01-22
9269,Tarun,Ghosh,tarun.ghosh9269@outlook.com,Male,9341122797,India,1988-11-15
9270,Kiran,Pillai,kiran.pillai9270@yahoo.com,Male,6040211685,Canada,1972-08-14
9271,Vivaan,Bose,vivaan.bose9271@gmail.com,Male,7704109603,France,1985-12-04
9272,Vihaan,Sharma,vihaan.sharma9272@example.com,Male,6368753817,Germany,2003-09-08
9273,Myra,Prasad,myra.prasad9273@gmail.com,Male,8499815095,United Kingdom,1971-05-30
9274,Sai,Gupta,sai.gupta9274@outlook.com,Female,8576199978,France,1979-01-17
9275,Ritu,Patel,ritu.patel9275@yahoo.com,Male,6771479768,Germany,1997-10-23
9276,Vivaan,Prasad,vivaan.prasad9276@yahoo.com,Male,7945891124,Canada,1990-11-30
9277,Sahil,Agarwal,sahil.agarwal9277@gmail.com,Female,8186447050,Brazil,1981-08-14
9278,Karthik,Verma,karthik.verma9278@gmail.com,Female,6852917621,India,1974-03-08
9279,Kavya,Patel,kavya.patel9279@mail.com,Male,7272900626,India,1971-12-10
9280,Tarun,Singh,tarun.singh9280@mail.com,Female,6949987748,United Kingdom,1988-06-26
9281,Sara,Bose,sara.bose9281@mail.com,Female,7114066068,Australia,1985-01-11
9282,Aanya,Naidu,aanya.naidu9282@mail.com,Male,8939950386,France,1978-04-30
9283,Sai,Pillai,sai.pillai9283@example.com,Female,8630067606,Australia,1969-12-23
9284,Sara,Khan,sara.khan9284@yahoo.com,Male,8495514156,United Kingdom,1977-04-07
9285,Aanya,Singh,aanya.singh9285@gmail.com,Male,7589720491,France,1994-11-14
9286,Sara,Patel,sara.patel9286@yahoo.com,Male,8242530757,Germany,1974-05-01
9287,Sneha,Joshi,sneha.joshi9287@gmail.com,Female,9590551383,France,2002-04-16
9288,Krishna,Yadav,krishna.yadav9288@yahoo.com,Female,9831210012,Canada,1989-01-30
9289,Diya,Joshi,diya.joshi9289@example.com,Female,6831387987,South Africa,1979-12-31
9290,Mohit,Sharma,mohit.sharma9290@gmail.com,Male,6475286240,Canada,1975-06-26
9291,Nisha,Shah,nisha.shah9291@gmail.com,Male,7267553080,United Kingdom,1975-12-26
9292,Vihaan,Shah,vihaan.shah9292@outlook.com,Male,7472934493,United States,1998-09-14
9293,Aditya,Chauhan,aditya.chauhan9293@gmail.com,Female,7422703590,Brazil,1985-11-05
9294,Aarav,Yadav,aarav.yadav9294@example.com,Female,7593780162,UAE,1975-02-23
9295,Reyansh,Bose,reyansh.bose9295@outlook.com,Female,6357342777,Germany,1993-07-02
9296,Reyansh,Kumar,reyansh.kumar9296@mail.com,Male,6576097879,South Africa,1980-10-17
9297,Sneha,Reddy,sneha.reddy9297@gmail.com,Female,7914950489,Germany,1969-07-22
9298,Mohit,Pillai,mohit.pillai9298@outlook.com,Male,7658140124,India,1967-06-25
9299,Karthik,Iyer,karthik.iyer9299@yahoo.com,Male,7076809497,United States,1980-05-15
9300,Aanya,Singh,aanya.singh9300@example.com,Female,8445402752,France,2000-11-18
9301,Aarav,Malhotra,aarav.malhotra9301@outlook.com,Female,9665914769,India,1977-10-16
9302,Sai,Roy,sai.roy9302@example.com,Female,9050603675,United Kingdom,1997-02-07
9303,Aarav,Sharma,aarav.sharma9303@gmail.com,Male,8108734847,United States,1994-11-20
9304,Arjun,Kashyap,arjun.kashyap9304@gmail.com,Female,9462541012,India,1981-11-13
9305,Myra,Agarwal,myra.agarwal9305@example.com,Female,7543640967,France,2005-06-02
9306,Tarun,Kapoor,tarun.kapoor9306@yahoo.com,Female,7078812804,Australia,1967-06-22
9307,Reyansh,Khan,reyansh.khan9307@outlook.com,Female,9261533361,United States,1973-02-10
9308,Arjun,Malhotra,arjun.malhotra9308@yahoo.com,Female,8647069202,Germany,1982-12-10
9309,Vivaan,Kumar,vivaan.kumar9309@outlook.com,Female,8368068213,South Africa,1981-10-01
9310,Ananya,Das,ananya.das9310@outlook.com,Female,7367289301,India,2001-12-02
9311,Sai,Reddy,sai.reddy9311@gmail.com,Male,8608221168,France,1966-12-17
9312,Pooja,Malhotra,pooja.malhotra9312@mail.com,Female,7900283028,Australia,1993-05-10
9313,Aditya,Sharma,aditya.sharma9313@mail.com,Female,6468378105,United States,1967-03-18
9314,Anil,Reddy,anil.reddy9314@mail.com,Male,6541216174,UAE,2005-10-06
9315,Isha,Roy,isha.roy9315@yahoo.com,Female,8877550703,United States,1992-09-24
9316,Ananya,Iyer,ananya.iyer9316@mail.com,Male,8483147733,UAE,1987-08-13
9317,Kavya,Kumar,kavya.kumar9317@example.com,Male,9433466981,Brazil,2007-01-23
9318,Reyansh,Nair,reyansh.nair9318@yahoo.com,Male,9266267690,Brazil,1968-09-06
9319,Aanya,Kumar,aanya.kumar9319@yahoo.com,Male,8608709103,France,1992-02-27
9320,Mohit,Sharma,mohit.sharma9320@example.com,Female,7329612838,Canada,2003-05-05
9321,Riya,Roy,riya.roy9321@example.com,Female,9376984719,United Kingdom,1987-10-18
9322,Kiran,Yadav,kiran.yadav9322@gmail.com,Male,7907388748,Australia,1965-10-30
9323,Reyansh,Gupta,reyansh.gupta9323@mail.com,Female,7743838791,United Kingdom,1997-10-04
9324,Nisha,Bose,nisha.bose9324@example.com,Male,7920679822,India,1987-07-06
9325,Kiran,Reddy,kiran.reddy9325@yahoo.com,Male,7684233773,Brazil,1975-04-09
9326,Aarav,Agarwal,aarav.agarwal9326@yahoo.com,Female,9416515390,France,1987-06-02
9327,Pooja,Verma,pooja.verma9327@outlook.com,Female,7113374594,United States,2005-08-30
9328,Sunita,Joshi,sunita.joshi9328@outlook.com,Male,6005421171,South Africa,1983-11-10
9329,Priya,Yadav,priya.yadav9329@mail.com,Male,9994691615,Germany,2006-07-22
9330,Reyansh,Kapoor,reyansh.kapoor9330@yahoo.com,Male,9711224735,UAE,2006-10-18
9331,Reyansh,Bhatt,reyansh.bhatt9331@yahoo.com,Female,6176712953,United Kingdom,1998-12-18
9332,Pooja,Patel,pooja.patel9332@mail.com,Male,8435602576,India,1987-05-25
9333,Arjun,Khan,arjun.khan9333@yahoo.com,Female,8711287669,Germany,1987-06-23
9334,Kavya,Malhotra,kavya.malhotra9334@gmail.com,Female,6182652760,United Kingdom,1996-07-22
9335,Vihaan,Roy,vihaan.roy9335@mail.com,Male,6202785320,United States,1996-07-23
9336,Aarav,Kashyap,aarav.kashyap9336@mail.com,Female,8525183662,Australia,2002-10-08
9337,Priya,Kashyap,priya.kashyap9337@mail.com,Male,6042454990,UAE,1986-04-28
9338,Pooja,Shah,pooja.shah9338@yahoo.com,Female,6522145114,UAE,1980-11-13
9339,Arjun,Khan,arjun.khan9339@yahoo.com,Male,8956286212,Canada,1975-08-28
9340,Sahil,Bose,sahil.bose9340@outlook.com,Female,6146713967,South Africa,1977-05-17
9341,Vivaan,Bhatt,vivaan.bhatt9341@outlook.com,Male,9663968758,France,1983-06-13
9342,Kavya,Kashyap,kavya.kashyap9342@example.com,Female,6286085007,UAE,1982-12-30
9343,Aditya,Singh,aditya.singh9343@mail.com,Male,7881575678,Australia,1993-11-10
9344,Aarav,Gupta,aarav.gupta9344@example.com,Female,6191285398,India,1966-02-17
9345,Sahil,Nair,sahil.nair9345@yahoo.com,Male,9446714037,Germany,1991-03-29
9346,Vivaan,Das,vivaan.das9346@outlook.com,Male,7081648822,South Africa,1976-02-03
9347,Riya,Shah,riya.shah9347@gmail.com,Male,9419970293,Germany,1991-02-25
9348,Aarav,Bhatia,aarav.bhatia9348@mail.com,Male,8380198424,United Kingdom,2000-12-15
9349,Sahil,Kapoor,sahil.kapoor9349@outlook.com,Female,7232567573,Canada,1991-02-23
9350,Diya,Bose,diya.bose9350@outlook.com,Female,7879171967,United States,1996-07-26
9351,Vivaan,Naidu,vivaan.naidu9351@gmail.com,Female,6975840040,Canada,1984-05-06
9352,Vivaan,Prasad,vivaan.prasad9352@outlook.com,Male,8334784596,India,1980-03-26
9353,Sara,Das,sara.das9353@gmail.com,Female,6533276580,Germany,1987-09-27
9354,Vivaan,Bhatia,vivaan.bhatia9354@outlook.com,Female,9942714153,India,1975-07-15
9355,Krishna,Ghosh,krishna.ghosh9355@outlook.com,Female,9485366486,South Africa,1967-07-27
9356,Aanya,Singh,aanya.singh9356@example.com,Female,7378980022,United Kingdom,2000-03-01
9357,Kiran,Roy,kiran.roy9357@mail.com,Male,9878521300,India,2004-01-14
9358,Ritu,Reddy,ritu.reddy9358@example.com,Male,7533643052,France,2004-07-28
9359,Krishna,Kumar,krishna.kumar9359@example.com,Male,8625526855,India,1988-04-15
9360,Myra,Kapoor,myra.kapoor9360@mail.com,Female,9490579244,India,2001-03-22
9361,Aarav,Reddy,aarav.reddy9361@outlook.com,Female,6891626072,Brazil,1989-02-24
9362,Rohan,Bhatt,rohan.bhatt9362@gmail.com,Male,6716532483,Canada,1989-06-18
9363,Aanya,Kashyap,aanya.kashyap9363@gmail.com,Male,9155947343,United States,1981-02-28
9364,Aditya,Malhotra,aditya.malhotra9364@gmail.com,Female,9364669737,United Kingdom,1999-09-30
9365,Maya,Joshi,maya.joshi9365@gmail.com,Female,9457969481,Canada,2001-10-18
9366,Myra,Mehta,myra.mehta9366@gmail.com,Male,6479364781,UAE,1995-07-02
9367,Aanya,Singh,aanya.singh9367@yahoo.com,Male,8982977373,UAE,2002-03-08
9368,Sunita,Kapoor,sunita.kapoor9368@yahoo.com,Male,7483050281,United Kingdom,1992-01-20
9369,Aanya,Yadav,aanya.yadav9369@gmail.com,Male,8685690043,South Africa,2007-08-28
9370,Ritu,Kumar,ritu.kumar9370@mail.com,Male,9451103224,South Africa,1998-11-25
9371,Aarav,Sharma,aarav.sharma9371@outlook.com,Female,8930368848,India,2005-08-26
9372,Pooja,Kapoor,pooja.kapoor9372@yahoo.com,Female,6102190110,Canada,1997-04-01
9373,Kavya,Trivedi,kavya.trivedi9373@mail.com,Female,9257679093,France,2002-01-16
9374,Aarav,Agarwal,aarav.agarwal9374@example.com,Male,8391476848,Canada,1978-11-05
9375,Sneha,Chauhan,sneha.chauhan9375@gmail.com,Male,6416694254,India,2003-01-02
9376,Ritu,Kashyap,ritu.kashyap9376@mail.com,Male,8542243248,UAE,1988-12-10
9377,Anil,Mehta,anil.mehta9377@outlook.com,Male,8830061213,Germany,2006-12-20
9378,Sai,Patel,sai.patel9378@outlook.com,Male,6398430988,India,1973-08-04
9379,Tarun,Iyer,tarun.iyer9379@mail.com,Male,9449086034,Brazil,1998-03-09
9380,Karthik,Bose,karthik.bose9380@outlook.com,Female,9508356624,United Kingdom,2004-08-27
9381,Aditya,Kapoor,aditya.kapoor9381@mail.com,Female,9791351794,Germany,1972-05-19
9382,Ritu,Menon,ritu.menon9382@yahoo.com,Male,9317432628,United Kingdom,1990-01-11
9383,Ananya,Ghosh,ananya.ghosh9383@yahoo.com,Male,9503712260,Germany,1981-06-30
9384,Vihaan,Kashyap,vihaan.kashyap9384@mail.com,Male,6467107726,Canada,1980-01-03
9385,Kiran,Bhatt,kiran.bhatt9385@outlook.com,Male,7198087443,South Africa,1992-09-24
9386,Ritu,Trivedi,ritu.trivedi9386@outlook.com,Female,6652669813,Canada,2001-06-06
9387,Aanya,Chauhan,aanya.chauhan9387@mail.com,Male,7400200757,Brazil,1997-02-22
9388,Vihaan,Khan,vihaan.khan9388@example.com,Female,7385546831,UAE,1986-11-04
9389,Vihaan,Yadav,vihaan.yadav9389@example.com,Female,7162559736,Canada,1987-04-17
9390,Sara,Chauhan,sara.chauhan9390@outlook.com,Male,7291902301,Germany,1987-01-29
9391,Kavya,Khan,kavya.khan9391@outlook.com,Male,7514116434,United Kingdom,1990-04-10
9392,Sahil,Roy,sahil.roy9392@outlook.com,Female,9174196895,Brazil,1975-04-11
9393,Nisha,Nair,nisha.nair9393@yahoo.com,Female,8681174598,Australia,1987-11-19
9394,Aarav,Patel,aarav.patel9394@gmail.com,Male,7906318925,United States,2003-08-22
9395,Sahil,Nair,sahil.nair9395@mail.com,Male,6010243477,Canada,1990-11-18
9396,Karthik,Naidu,karthik.naidu9396@yahoo.com,Male,6458165480,France,1999-04-28
9397,Kavya,Bose,kavya.bose9397@yahoo.com,Female,8791685885,Canada,1986-07-30
9398,Reyansh,Gupta,reyansh.gupta9398@yahoo.com,Male,7646303912,Germany,1996-07-24
9399,Isha,Das,isha.das9399@example.com,Female,7059225152,South Africa,1982-04-27
9400,Diya,Patel,diya.patel9400@yahoo.com,Male,9377288440,India,2005-12-27
9401,Kavya,Khan,kavya.khan9401@example.com,Male,9372548495,UAE,1990-01-02
9402,Sai,Yadav,sai.yadav9402@outlook.com,Male,8491041581,Canada,1986-10-08
9403,Ananya,Gupta,ananya.gupta9403@example.com,Female,7972381675,South Africa,1982-02-07
9404,Pooja,Malhotra,pooja.malhotra9404@yahoo.com,Female,6568223384,Germany,1973-02-24
9405,Pooja,Menon,pooja.menon9405@outlook.com,Male,8463984500,UAE,1974-06-26
9406,Isha,Reddy,isha.reddy9406@yahoo.com,Female,7278998779,Canada,2001-12-15
9407,Priya,Patel,priya.patel9407@outlook.com,Male,6286123695,UAE,1975-06-24
9408,Kavya,Shah,kavya.shah9408@mail.com,Male,6483139760,Germany,2004-01-13
9409,Rohan,Sharma,rohan.sharma9409@gmail.com,Female,9009130486,Canada,1993-02-07
9410,Isha,Bose,isha.bose9410@outlook.com,Female,8815628113,Germany,1987-06-05
9411,Aditya,Trivedi,aditya.trivedi9411@example.com,Male,6129669565,Canada,2006-12-31
9412,Kiran,Bhatia,kiran.bhatia9412@yahoo.com,Male,9066248863,Canada,1999-02-20
9413,Ritu,Nair,ritu.nair9413@example.com,Female,9788785773,United States,1973-12-08
9414,Reyansh,Kashyap,reyansh.kashyap9414@example.com,Male,6723758530,France,1991-03-28
9415,Karthik,Agarwal,karthik.agarwal9415@outlook.com,Male,6834523394,South Africa,1991-10-24
9416,Kiran,Agarwal,kiran.agarwal9416@yahoo.com,Male,9740135107,France,1996-01-29
9417,Sneha,Iyer,sneha.iyer9417@gmail.com,Female,8562728143,Australia,1997-09-21
9418,Karthik,Patel,karthik.patel9418@example.com,Female,8381414027,Canada,1972-02-28
9419,Anil,Shah,anil.shah9419@mail.com,Male,8872834265,Brazil,1982-11-24
9420,Kiran,Gupta,kiran.gupta9420@yahoo.com,Male,8033588042,Australia,1986-07-30
9421,Aditya,Bhatia,aditya.bhatia9421@gmail.com,Male,8714276064,United Kingdom,1983-10-28
9422,Rohan,Das,rohan.das9422@gmail.com,Female,6630606246,Australia,1987-10-27
9423,Ananya,Kumar,ananya.kumar9423@outlook.com,Male,6264223701,Canada,1986-09-13
9424,Kavya,Trivedi,kavya.trivedi9424@yahoo.com,Female,6445060512,Australia,1979-04-02
9425,Karthik,Bose,karthik.bose9425@gmail.com,Male,9986212168,France,1988-12-27
9426,Rohan,Khan,rohan.khan9426@gmail.com,Female,6854432928,France,1994-01-17
9427,Nisha,Malhotra,nisha.malhotra9427@example.com,Female,7440652216,South Africa,2005-06-16
9428,Sara,Kumar,sara.kumar9428@outlook.com,Female,8778740382,United States,2002-06-19
9429,Arjun,Yadav,arjun.yadav9429@outlook.com,Male,9312460921,India,2006-10-20
9430,Kiran,Joshi,kiran.joshi9430@outlook.com,Female,6037542034,Canada,1980-06-27
9431,Karthik,Roy,karthik.roy9431@gmail.com,Male,9887749372,United States,1987-06-11
9432,Aarav,Menon,aarav.menon9432@example.com,Male,6935108745,Brazil,1986-12-12
9433,Ritu,Iyer,ritu.iyer9433@outlook.com,Male,6327548734,France,1977-11-27
9434,Pooja,Ghosh,pooja.ghosh9434@mail.com,Male,6223434865,Germany,1979-11-10
9435,Sai,Bhatia,sai.bhatia9435@mail.com,Female,9389621010,France,1993-03-14
9436,Sahil,Shah,sahil.shah9436@outlook.com,Male,7138165768,France,1974-02-09
9437,Aanya,Naidu,aanya.naidu9437@example.com,Male,6155326858,Australia,1979-05-01
9438,Kiran,Menon,kiran.menon9438@mail.com,Female,9732686242,UAE,1998-04-02
9439,Priya,Malhotra,priya.malhotra9439@example.com,Female,6672567888,Canada,1973-03-19
9440,Sara,Patel,sara.patel9440@yahoo.com,Female,8706961434,Australia,1994-03-01
9441,Anil,Shah,anil.shah9441@example.com,Male,7506470695,Australia,1997-10-25
9442,Nisha,Kumar,nisha.kumar9442@outlook.com,Female,8233198855,France,1994-03-02
9443,Sai,Bose,sai.bose9443@outlook.com,Male,8893849820,India,1985-09-16
9444,Ritu,Roy,ritu.roy9444@mail.com,Female,9697307081,India,1975-08-29
9445,Kavya,Singh,kavya.singh9445@yahoo.com,Female,8332395171,Australia,1966-08-09
9446,Rohan,Sharma,rohan.sharma9446@example.com,Male,6339947979,United Kingdom,1970-11-09
9447,Aanya,Roy,aanya.roy9447@outlook.com,Female,9766692605,UAE,1991-12-25
9448,Rohan,Patel,rohan.patel9448@example.com,Female,9400607225,United States,1966-10-11
9449,Diya,Patel,diya.patel9449@gmail.com,Female,6771416680,Brazil,1989-10-10
9450,Myra,Bhatt,myra.bhatt9450@yahoo.com,Female,8146660567,Brazil,1975-12-29
9451,Reyansh,Malhotra,reyansh.malhotra9451@yahoo.com,Male,9718922643,United Kingdom,1999-12-30
9452,Pooja,Bhatia,pooja.bhatia9452@outlook.com,Male,6514100511,South Africa,2004-08-12
9453,Reyansh,Malhotra,reyansh.malhotra9453@example.com,Female,6259771300,United States,1969-04-08
9454,Rohan,Menon,rohan.menon9454@gmail.com,Male,6605091777,Brazil,1975-01-24
9455,Nisha,Malhotra,nisha.malhotra9455@mail.com,Male,9494196696,Germany,2004-06-12
9456,Myra,Bhatia,myra.bhatia9456@mail.com,Male,6889201601,United States,1996-01-27
9457,Arjun,Das,arjun.das9457@example.com,Male,8258030619,Canada,1994-08-11
9458,Reyansh,Bhatia,reyansh.bhatia9458@outlook.com,Female,6583234199,Canada,1991-12-16
9459,Aditya,Das,aditya.das9459@yahoo.com,Female,8468146398,France,1994-03-23
9460,Riya,Bhatia,riya.bhatia9460@outlook.com,Male,9717670603,UAE,1971-03-08
9461,Vivaan,Yadav,vivaan.yadav9461@example.com,Female,6696760569,South Africa,1978-10-26
9462,Kavya,Patel,kavya.patel9462@example.com,Female,8065835759,France,1982-06-21
9463,Kavya,Ghosh,kavya.ghosh9463@outlook.com,Female,7691075969,Canada,1969-03-05
9464,Sneha,Nair,sneha.nair9464@example.com,Female,7374136324,Canada,1996-01-16
9465,Reyansh,Reddy,reyansh.reddy9465@yahoo.com,Male,6713338802,Brazil,1968-01-03
9466,Nisha,Patel,nisha.patel9466@mail.com,Male,8861916773,South Africa,1983-10-24
9467,Myra,Kashyap,myra.kashyap9467@outlook.com,Female,6007023969,South Africa,2000-09-08
9468,Diya,Verma,diya.verma9468@outlook.com,Male,6578820412,South Africa,1998-01-14
9469,Reyansh,Pillai,reyansh.pillai9469@mail.com,Male,8388144062,South Africa,1975-10-19
9470,Kiran,Kumar,kiran.kumar9470@gmail.com,Female,9234367650,UAE,1977-07-25
9471,Reyansh,Malhotra,reyansh.malhotra9471@mail.com,Male,8117628255,United Kingdom,1982-04-22
9472,Aditya,Singh,aditya.singh9472@gmail.com,Female,6340705936,South Africa,1974-09-21
9473,Kiran,Chauhan,kiran.chauhan9473@mail.com,Female,8597506988,United States,1992-11-16
9474,Vivaan,Sharma,vivaan.sharma9474@yahoo.com,Male,7498416927,Australia,1968-05-26
9475,Reyansh,Verma,reyansh.verma9475@example.com,Male,7259518177,Canada,2006-01-09
9476,Sahil,Menon,sahil.menon9476@example.com,Female,6282388260,Canada,1996-08-10
9477,Tarun,Ghosh,tarun.ghosh9477@outlook.com,Male,6502816234,Canada,1971-12-08
9478,Arjun,Kapoor,arjun.kapoor9478@mail.com,Male,7604452441,UAE,1984-02-20
9479,Maya,Khan,maya.khan9479@example.com,Female,8780220304,United States,1971-04-03
9480,Diya,Gupta,diya.gupta9480@outlook.com,Female,8528031477,Canada,1987-09-30
9481,Sneha,Verma,sneha.verma9481@example.com,Male,9617815363,United States,1968-12-07
9482,Aditya,Bhatt,aditya.bhatt9482@example.com,Male,7860428016,Germany,1975-08-14
9483,Maya,Bhatia,maya.bhatia9483@gmail.com,Male,7894936972,France,1997-08-21
9484,Anil,Singh,anil.singh9484@example.com,Female,6437616115,Brazil,1973-12-21
9485,Kiran,Reddy,kiran.reddy9485@yahoo.com,Male,9644334579,Canada,1968-02-28
9486,Sneha,Joshi,sneha.joshi9486@mail.com,Male,8014240971,Australia,1987-06-28
9487,Anil,Bhatia,anil.bhatia9487@gmail.com,Female,6927370147,United Kingdom,2007-09-21
9488,Riya,Bhatt,riya.bhatt9488@example.com,Female,8079026827,India,1981-12-23
9489,Karthik,Kumar,karthik.kumar9489@outlook.com,Male,6400766656,United States,2001-07-28
9490,Aditya,Prasad,aditya.prasad9490@outlook.com,Male,9379476492,Australia,1992-09-19
9491,Sara,Malhotra,sara.malhotra9491@yahoo.com,Male,8226610577,Germany,1971-05-09
9492,Kavya,Roy,kavya.roy9492@example.com,Female,7727152320,Germany,1977-08-12
9493,Sneha,Gupta,sneha.gupta9493@yahoo.com,Male,8229504770,UAE,1980-02-16
9494,Sara,Bose,sara.bose9494@outlook.com,Female,9615389175,France,1980-05-08
9495,Kiran,Trivedi,kiran.trivedi9495@example.com,Female,9027167445,India,1970-12-10
9496,Arjun,Trivedi,arjun.trivedi9496@outlook.com,Male,6358878575,Brazil,1976-05-18
9497,Aarav,Naidu,aarav.naidu9497@outlook.com,Male,9415517179,United States,1976-05-13
9498,Sunita,Bhatt,sunita.bhatt9498@outlook.com,Female,9955518759,Canada,1989-02-14
9499,Sai,Bose,sai.bose9499@mail.com,Female,6985373069,France,1977-06-12
9500,Priya,Yadav,priya.yadav9500@gmail.com,Female,6558201238,UAE,1980-04-18
9501,Sai,Joshi,sai.joshi9501@mail.com,Male,9827298492,India,1984-08-11
9502,Aditya,Menon,aditya.menon9502@gmail.com,Female,8343745008,France,1994-01-31
9503,Karthik,Naidu,karthik.naidu9503@example.com,Female,9095666932,United States,1985-01-01
9504,Ananya,Chauhan,ananya.chauhan9504@mail.com,Female,6708905563,UAE,1993-05-02
9505,Tarun,Bose,tarun.bose9505@yahoo.com,Female,7027596771,Brazil,1971-08-30
9506,Sahil,Chauhan,sahil.chauhan9506@gmail.com,Male,9061075894,UAE,1995-08-01
9507,Aditya,Menon,aditya.menon9507@gmail.com,Male,8801287402,Canada,1970-07-12
9508,Ananya,Menon,ananya.menon9508@gmail.com,Male,6996701507,India,2005-11-24
9509,Pooja,Menon,pooja.menon9509@outlook.com,Female,7977336347,UAE,1966-01-20
9510,Pooja,Naidu,pooja.naidu9510@mail.com,Female,9060700855,Canada,1976-01-04
9511,Nisha,Gupta,nisha.gupta9511@outlook.com,Male,9463129326,Germany,1973-07-30
9512,Anil,Kumar,anil.kumar9512@yahoo.com,Female,8330455074,UAE,1973-09-08
9513,Rohan,Das,rohan.das9513@outlook.com,Female,7578039180,United States,1980-08-18
9514,Maya,Das,maya.das9514@example.com,Female,8817544330,United Kingdom,1995-05-20
9515,Aarav,Iyer,aarav.iyer9515@yahoo.com,Female,8004791650,Brazil,1970-09-06
9516,Sneha,Bose,sneha.bose9516@example.com,Female,9874895862,India,2007-04-10
9517,Myra,Iyer,myra.iyer9517@example.com,Female,9649709188,India,2001-10-08
9518,Aarav,Joshi,aarav.joshi9518@gmail.com,Male,9178690048,Canada,1989-04-02
9519,Diya,Naidu,diya.naidu9519@example.com,Female,8694055957,Brazil,1968-04-04
9520,Krishna,Malhotra,krishna.malhotra9520@yahoo.com,Female,6091229133,South Africa,1996-08-07
9521,Karthik,Shah,karthik.shah9521@yahoo.com,Female,6840676721,United States,1993-10-09
9522,Anil,Kumar,anil.kumar9522@yahoo.com,Female,9789107896,Canada,1979-09-19
9523,Maya,Roy,maya.roy9523@example.com,Female,9414137626,United Kingdom,1997-04-02
9524,Isha,Bhatia,isha.bhatia9524@yahoo.com,Male,8990105730,France,1997-11-06
9525,Reyansh,Das,reyansh.das9525@gmail.com,Male,7097421354,Australia,1966-10-28
9526,Aditya,Patel,aditya.patel9526@outlook.com,Male,7916108357,United Kingdom,1996-01-06
9527,Sara,Roy,sara.roy9527@mail.com,Female,6404595144,France,1992-04-17
9528,Kavya,Singh,kavya.singh9528@outlook.com,Male,7933733053,United States,1978-10-23
9529,Karthik,Iyer,karthik.iyer9529@example.com,Female,9696504413,UAE,1984-09-13
9530,Vivaan,Kapoor,vivaan.kapoor9530@outlook.com,Female,9638147726,Canada,1991-08-11
9531,Riya,Bhatt,riya.bhatt9531@gmail.com,Male,6869513227,France,1991-04-22
9532,Isha,Khan,isha.khan9532@outlook.com,Female,6928838465,Brazil,1970-07-12
9533,Sai,Prasad,sai.prasad9533@outlook.com,Female,8723296400,France,1966-05-23
9534,Sai,Reddy,sai.reddy9534@example.com,Female,7441726626,Canada,1992-03-20
9535,Pooja,Gupta,pooja.gupta9535@outlook.com,Male,6761322299,Germany,2004-01-26
9536,Sneha,Bose,sneha.bose9536@yahoo.com,Female,7925460111,UAE,1990-01-13
9537,Vivaan,Bhatt,vivaan.bhatt9537@gmail.com,Male,8313127488,South Africa,1969-11-10
9538,Aditya,Chauhan,aditya.chauhan9538@gmail.com,Male,8774908714,Germany,1992-06-03
9539,Reyansh,Kapoor,reyansh.kapoor9539@outlook.com,Female,7646578059,United Kingdom,1985-11-09
9540,Riya,Menon,riya.menon9540@outlook.com,Male,9557658462,Australia,2005-07-14
9541,Rohan,Singh,rohan.singh9541@mail.com,Female,9084416382,United States,1998-09-10
9542,Arjun,Bhatia,arjun.bhatia9542@example.com,Male,7167043314,United Kingdom,1974-04-30
9543,Ritu,Shah,ritu.shah9543@example.com,Male,9594561931,Australia,1988-09-13
9544,Karthik,Gupta,karthik.gupta9544@mail.com,Male,6401631566,United Kingdom,1990-03-11
9545,Diya,Kashyap,diya.kashyap9545@mail.com,Male,8107312675,UAE,1997-09-05
9546,Priya,Ghosh,priya.ghosh9546@example.com,Male,7845059731,Australia,1984-05-24
9547,Pooja,Iyer,pooja.iyer9547@gmail.com,Female,7211519182,India,2005-08-20
9548,Arjun,Bose,arjun.bose9548@outlook.com,Male,8884457793,South Africa,1995-02-08
9549,Ritu,Sharma,ritu.sharma9549@outlook.com,Male,8604590285,Germany,1996-08-24
9550,Sara,Kumar,sara.kumar9550@example.com,Male,8909959302,South Africa,1972-06-21
9551,Tarun,Shah,tarun.shah9551@example.com,Female,6748857790,France,1978-12-13
9552,Arjun,Kumar,arjun.kumar9552@example.com,Female,9036529932,South Africa,1968-03-18
9553,Diya,Joshi,diya.joshi9553@example.com,Male,6737829859,UAE,1983-06-29
9554,Tarun,Sharma,tarun.sharma9554@yahoo.com,Female,6817339946,Australia,1988-01-16
9555,Maya,Roy,maya.roy9555@gmail.com,Female,7192090455,Germany,1992-05-11
9556,Riya,Iyer,riya.iyer9556@example.com,Female,7281743653,India,1994-11-18
9557,Vihaan,Roy,vihaan.roy9557@example.com,Male,7812040318,Australia,1980-07-10
9558,Sai,Patel,sai.patel9558@mail.com,Female,7244551435,Canada,1970-07-21
9559,Ritu,Ghosh,ritu.ghosh9559@gmail.com,Male,9444097207,Brazil,1975-08-03
9560,Riya,Sharma,riya.sharma9560@yahoo.com,Female,6650514658,Brazil,1990-06-15
9561,Sara,Menon,sara.menon9561@gmail.com,Female,6501635970,India,2007-10-03
9562,Ritu,Kashyap,ritu.kashyap9562@yahoo.com,Female,9925441748,France,1999-03-03
9563,Ananya,Patel,ananya.patel9563@gmail.com,Female,7578646706,Australia,1992-05-27
9564,Sunita,Gupta,sunita.gupta9564@example.com,Female,6600124774,United Kingdom,1997-08-15
9565,Nisha,Malhotra,nisha.malhotra9565@mail.com,Female,8640501848,Canada,2002-01-03
9566,Sai,Mehta,sai.mehta9566@example.com,Male,9445368993,Brazil,2001-03-28
9567,Ritu,Agarwal,ritu.agarwal9567@yahoo.com,Male,9793929671,South Africa,1980-04-25
9568,Kavya,Verma,kavya.verma9568@gmail.com,Female,7187178191,UAE,1996-08-14
9569,Sara,Yadav,sara.yadav9569@yahoo.com,Female,8043295334,United States,1972-06-06
9570,Diya,Mehta,diya.mehta9570@gmail.com,Male,9343884187,Canada,1998-03-28
9571,Aarav,Khan,aarav.khan9571@yahoo.com,Male,7378265643,Canada,1980-06-21
9572,Karthik,Kashyap,karthik.kashyap9572@example.com,Male,6135167176,India,1983-07-19
9573,Tarun,Khan,tarun.khan9573@yahoo.com,Male,7879243488,Germany,1980-06-30
9574,Tarun,Pillai,tarun.pillai9574@gmail.com,Female,9332367952,Australia,1977-03-20
9575,Sahil,Yadav,sahil.yadav9575@example.com,Female,9136090975,South Africa,2001-01-14
9576,Ananya,Das,ananya.das9576@gmail.com,Female,8325293791,Germany,1972-08-25
9577,Sara,Kumar,sara.kumar9577@yahoo.com,Female,8887258925,United Kingdom,1997-11-10
9578,Ananya,Sharma,ananya.sharma9578@outlook.com,Female,8285186509,South Africa,1973-09-11
9579,Myra,Sharma,myra.sharma9579@mail.com,Male,8345322898,UAE,1978-12-26
9580,Arjun,Khan,arjun.khan9580@gmail.com,Male,7268685193,Germany,1990-09-01
9581,Anil,Joshi,anil.joshi9581@example.com,Male,6089537331,United Kingdom,1989-09-21
9582,Sahil,Bhatt,sahil.bhatt9582@example.com,Male,6639547854,India,1992-03-27
9583,Nisha,Naidu,nisha.naidu9583@example.com,Male,7182071992,Canada,1992-07-25
9584,Kavya,Ghosh,kavya.ghosh9584@example.com,Male,8645877210,UAE,1974-09-23
9585,Kiran,Chauhan,kiran.chauhan9585@mail.com,Male,9774278813,Australia,1991-07-17
9586,Reyansh,Mehta,reyansh.mehta9586@mail.com,Male,8310137829,United States,1980-04-30
9587,Myra,Gupta,myra.gupta9587@outlook.com,Female,9605059136,India,1997-03-26
9588,Karthik,Joshi,karthik.joshi9588@example.com,Male,7872930170,Brazil,1970-12-17
9589,Arjun,Patel,arjun.patel9589@yahoo.com,Male,9774122831,South Africa,1975-03-21
9590,Aarav,Gupta,aarav.gupta9590@yahoo.com,Male,7891676108,Australia,1978-09-04
9591,Nisha,Menon,nisha.menon9591@outlook.com,Female,6341691236,Brazil,2007-03-29
9592,Vivaan,Agarwal,vivaan.agarwal9592@outlook.com,Female,8086597605,United States,1993-05-16
9593,Kiran,Sharma,kiran.sharma9593@mail.com,Male,7862740290,South Africa,1999-01-06
9594,Mohit,Roy,mohit.roy9594@gmail.com,Female,7162834724,South Africa,1968-12-18
9595,Sunita,Chauhan,sunita.chauhan9595@example.com,Female,6292427697,Germany,1988-07-29
9596,Maya,Roy,maya.roy9596@yahoo.com,Female,6504898040,Australia,1999-12-06
9597,Myra,Ghosh,myra.ghosh9597@mail.com,Female,9599373482,United States,1997-06-07
9598,Sunita,Bhatia,sunita.bhatia9598@gmail.com,Female,6188830556,UAE,1973-01-14
9599,Reyansh,Pillai,reyansh.pillai9599@mail.com,Male,6125402455,France,1995-08-28
9600,Sneha,Roy,sneha.roy9600@outlook.com,Female,8487319960,Brazil,1973-01-30
9601,Rohan,Chauhan,rohan.chauhan9601@gmail.com,Male,9183774654,France,2004-04-04
9602,Pooja,Verma,pooja.verma9602@example.com,Female,8385054637,UAE,1989-06-15
9603,Ananya,Mehta,ananya.mehta9603@mail.com,Male,8318512623,Australia,1997-06-23
9604,Reyansh,Sharma,reyansh.sharma9604@gmail.com,Male,6005468625,Germany,2000-08-06
9605,Karthik,Sharma,karthik.sharma9605@gmail.com,Male,8662476567,United Kingdom,1972-05-23
9606,Arjun,Verma,arjun.verma9606@gmail.com,Male,9390887619,Brazil,1973-07-28
9607,Kavya,Roy,kavya.roy9607@mail.com,Female,8816335925,Canada,1992-07-01
9608,Rohan,Iyer,rohan.iyer9608@outlook.com,Female,8662044809,United Kingdom,1979-02-01
9609,Ananya,Shah,ananya.shah9609@example.com,Female,6451839144,Brazil,1976-12-04
9610,Arjun,Trivedi,arjun.trivedi9610@yahoo.com,Female,9726665374,UAE,1980-12-07
9611,Sneha,Iyer,sneha.iyer9611@yahoo.com,Female,6224366004,Australia,2001-08-16
9612,Nisha,Pillai,nisha.pillai9612@gmail.com,Male,7342753428,United Kingdom,1981-04-18
9613,Sai,Joshi,sai.joshi9613@outlook.com,Male,8523036506,India,1975-09-07
9614,Isha,Bhatia,isha.bhatia9614@outlook.com,Male,6050519469,UAE,1988-03-06
9615,Tarun,Trivedi,tarun.trivedi9615@gmail.com,Female,7264000235,Brazil,1984-06-16
9616,Mohit,Reddy,mohit.reddy9616@yahoo.com,Female,6290921514,South Africa,1980-11-07
9617,Diya,Prasad,diya.prasad9617@outlook.com,Female,8382853966,UAE,1997-03-07
9618,Vihaan,Kapoor,vihaan.kapoor9618@mail.com,Male,8306525920,UAE,1988-03-13
9619,Sunita,Ghosh,sunita.ghosh9619@outlook.com,Male,8311580423,Germany,1975-06-06
9620,Pooja,Patel,pooja.patel9620@gmail.com,Female,7921196464,South Africa,1993-08-01
9621,Sunita,Singh,sunita.singh9621@yahoo.com,Female,6875912194,United States,1982-11-05
9622,Ritu,Naidu,ritu.naidu9622@outlook.com,Female,8528306486,Australia,1994-06-22
9623,Mohit,Kashyap,mohit.kashyap9623@outlook.com,Female,6660189895,UAE,1976-05-15
9624,Aanya,Menon,aanya.menon9624@outlook.com,Female,9078901727,United States,2002-10-26
9625,Aditya,Das,aditya.das9625@mail.com,Female,7033143480,UAE,1974-09-01
9626,Aarav,Bhatt,aarav.bhatt9626@yahoo.com,Female,7052201219,United States,2004-08-04
9627,Reyansh,Bose,reyansh.bose9627@outlook.com,Male,9556033488,South Africa,1991-10-31
9628,Anil,Menon,anil.menon9628@yahoo.com,Female,7238370124,Canada,2001-01-30
9629,Arjun,Bose,arjun.bose9629@gmail.com,Male,7392991865,Germany,1981-06-30
9630,Sai,Trivedi,sai.trivedi9630@outlook.com,Male,8605372857,South Africa,1971-03-13
9631,Sneha,Pillai,sneha.pillai9631@yahoo.com,Male,8101621012,South Africa,2001-03-17
9632,Pooja,Roy,pooja.roy9632@mail.com,Male,8653453776,Germany,2000-10-07
9633,Sunita,Roy,sunita.roy9633@example.com,Female,8779612175,South Africa,2002-10-07
9634,Kavya,Kumar,kavya.kumar9634@gmail.com,Female,8531149752,Brazil,1994-01-16
9635,Anil,Nair,anil.nair9635@mail.com,Male,9321191360,Germany,1977-09-29
9636,Kavya,Prasad,kavya.prasad9636@mail.com,Female,8408225385,Brazil,1997-08-12
9637,Ritu,Shah,ritu.shah9637@gmail.com,Male,9986668310,South Africa,2003-08-11
9638,Diya,Gupta,diya.gupta9638@example.com,Female,9578116833,South Africa,1974-09-29
9639,Isha,Singh,isha.singh9639@gmail.com,Male,8079545269,South Africa,1979-01-25
9640,Sai,Trivedi,sai.trivedi9640@yahoo.com,Male,7308450590,India,1988-08-26
9641,Myra,Agarwal,myra.agarwal9641@gmail.com,Male,8126923892,Australia,1977-10-01
9642,Vivaan,Chauhan,vivaan.chauhan9642@outlook.com,Male,9997270733,Germany,1993-11-04
9643,Rohan,Patel,rohan.patel9643@gmail.com,Female,9119831128,South Africa,1981-07-14
9644,Kiran,Reddy,kiran.reddy9644@gmail.com,Female,8365976554,South Africa,2006-04-22
9645,Tarun,Ghosh,tarun.ghosh9645@mail.com,Female,6922055525,United Kingdom,1970-12-20
9646,Maya,Reddy,maya.reddy9646@mail.com,Male,7956366069,Canada,1999-11-25
9647,Riya,Trivedi,riya.trivedi9647@outlook.com,Female,9804178929,Brazil,1966-11-16
9648,Aarav,Verma,aarav.verma9648@yahoo.com,Male,8514414176,Brazil,2007-09-13
9649,Anil,Trivedi,anil.trivedi9649@outlook.com,Female,6732467703,France,2000-07-22
9650,Aanya,Das,aanya.das9650@mail.com,Female,9025967848,United Kingdom,2007-07-05
9651,Sahil,Trivedi,sahil.trivedi9651@gmail.com,Female,8148321368,Germany,2006-03-30
9652,Arjun,Ghosh,arjun.ghosh9652@gmail.com,Female,7112902125,UAE,1998-02-01
9653,Ananya,Nair,ananya.nair9653@gmail.com,Female,6258121041,UAE,1988-04-10
9654,Vivaan,Malhotra,vivaan.malhotra9654@example.com,Male,6697538944,Germany,1993-03-31
9655,Sara,Kashyap,sara.kashyap9655@outlook.com,Male,6954983770,United States,1966-08-28
9656,Sneha,Joshi,sneha.joshi9656@gmail.com,Male,8094533898,United States,1993-02-01
9657,Maya,Chauhan,maya.chauhan9657@mail.com,Female,6986027895,South Africa,1992-07-13
9658,Maya,Kumar,maya.kumar9658@mail.com,Female,6239646987,Canada,1985-05-18
9659,Riya,Singh,riya.singh9659@example.com,Male,9321881403,Canada,1981-04-09
9660,Vivaan,Naidu,vivaan.naidu9660@mail.com,Male,8683905828,South Africa,1966-08-29
9661,Aarav,Menon,aarav.menon9661@mail.com,Male,6587631830,France,1999-07-05
9662,Riya,Menon,riya.menon9662@yahoo.com,Female,6768689341,Germany,1967-11-11
9663,Vihaan,Reddy,vihaan.reddy9663@yahoo.com,Female,8784464105,South Africa,1985-06-25
9664,Priya,Patel,priya.patel9664@example.com,Female,7133935211,United States,2004-03-06
9665,Rohan,Iyer,rohan.iyer9665@example.com,Female,6028747350,Canada,2006-11-10
9666,Nisha,Yadav,nisha.yadav9666@gmail.com,Male,9499587255,UAE,1982-03-31
9667,Ananya,Menon,ananya.menon9667@outlook.com,Male,6025000594,Canada,2007-01-16
9668,Sunita,Kapoor,sunita.kapoor9668@example.com,Male,7072485212,South Africa,2004-02-22
9669,Pooja,Singh,pooja.singh9669@gmail.com,Female,8263272903,South Africa,1998-04-09
9670,Aanya,Agarwal,aanya.agarwal9670@mail.com,Male,6579278212,Brazil,2006-01-18
9671,Karthik,Yadav,karthik.yadav9671@example.com,Female,6124216572,United States,1984-05-30
9672,Rohan,Menon,rohan.menon9672@example.com,Female,7567468210,South Africa,1987-12-21
9673,Diya,Prasad,diya.prasad9673@gmail.com,Male,6026226188,UAE,1983-12-13
9674,Aarav,Pillai,aarav.pillai9674@gmail.com,Female,9980207578,United States,1978-07-11
9675,Diya,Iyer,diya.iyer9675@mail.com,Male,9297693620,South Africa,2006-10-08
9676,Pooja,Trivedi,pooja.trivedi9676@yahoo.com,Male,7566004971,United States,1999-08-31
9677,Sahil,Das,sahil.das9677@mail.com,Male,7778949083,France,1972-01-27
9678,Sneha,Kumar,sneha.kumar9678@yahoo.com,Female,9412848349,UAE,1992-12-22
9679,Aditya,Patel,aditya.patel9679@example.com,Female,9225052853,United Kingdom,1979-05-16
9680,Sara,Verma,sara.verma9680@mail.com,Male,8558433151,India,2000-09-16
9681,Arjun,Bose,arjun.bose9681@gmail.com,Female,8437180430,France,2002-05-23
9682,Ritu,Mehta,ritu.mehta9682@gmail.com,Female,8791288405,India,1977-05-11
9683,Sara,Ghosh,sara.ghosh9683@gmail.com,Male,8465242039,India,2007-07-04
9684,Vihaan,Trivedi,vihaan.trivedi9684@mail.com,Male,7861708990,France,1973-01-16
9685,Kavya,Naidu,kavya.naidu9685@mail.com,Male,8116889639,Canada,1986-09-07
9686,Priya,Malhotra,priya.malhotra9686@yahoo.com,Female,6637026104,France,2000-03-27
9687,Isha,Trivedi,isha.trivedi9687@outlook.com,Female,9937754338,South Africa,1979-07-31
9688,Reyansh,Nair,reyansh.nair9688@mail.com,Male,7141458707,Australia,1999-01-02
9689,Kavya,Verma,kavya.verma9689@gmail.com,Male,9739302094,Canada,1975-04-12
9690,Sara,Sharma,sara.sharma9690@gmail.com,Female,9917265167,United Kingdom,1997-07-15
9691,Ananya,Prasad,ananya.prasad9691@mail.com,Male,8583146707,United Kingdom,1973-04-09
9692,Myra,Patel,myra.patel9692@outlook.com,Male,9452015824,Australia,2005-01-15
9693,Sai,Kapoor,sai.kapoor9693@gmail.com,Male,8370105365,India,1990-04-16
9694,Aarav,Trivedi,aarav.trivedi9694@outlook.com,Male,8130457544,UAE,1992-04-01
9695,Diya,Kumar,diya.kumar9695@outlook.com,Male,6375498860,Brazil,1987-08-01
9696,Ritu,Pillai,ritu.pillai9696@yahoo.com,Female,7587204132,Germany,1991-02-20
9697,Ritu,Gupta,ritu.gupta9697@outlook.com,Female,7521790001,United Kingdom,1993-08-24
9698,Vihaan,Patel,vihaan.patel9698@gmail.com,Female,8347994098,UAE,1979-06-30
9699,Aanya,Verma,aanya.verma9699@example.com,Male,6844708477,Canada,1982-12-28
9700,Reyansh,Yadav,reyansh.yadav9700@gmail.com,Female,7948649014,South Africa,1979-09-10
9701,Sneha,Ghosh,sneha.ghosh9701@mail.com,Female,7501110415,France,1981-04-08
9702,Tarun,Roy,tarun.roy9702@mail.com,Male,8944264322,Germany,1982-09-09
9703,Nisha,Kumar,nisha.kumar9703@outlook.com,Male,8616609324,Canada,1995-06-22
9704,Ritu,Singh,ritu.singh9704@gmail.com,Male,6118253035,France,1977-05-18
9705,Kiran,Khan,kiran.khan9705@yahoo.com,Male,7878399408,United Kingdom,1977-11-24
9706,Rohan,Iyer,rohan.iyer9706@example.com,Female,7494570511,France,1970-03-30
9707,Nisha,Das,nisha.das9707@gmail.com,Male,7166316200,India,1991-06-26
9708,Aanya,Patel,aanya.patel9708@outlook.com,Female,6701724755,Germany,2001-02-11
9709,Vivaan,Patel,vivaan.patel9709@outlook.com,Female,9447318362,India,2007-07-16
9710,Pooja,Gupta,pooja.gupta9710@outlook.com,Female,6099978104,United States,1979-05-04
9711,Sahil,Yadav,sahil.yadav9711@outlook.com,Male,7304917378,South Africa,1984-12-11
9712,Aditya,Agarwal,aditya.agarwal9712@example.com,Female,8187292349,India,1986-07-31
9713,Tarun,Joshi,tarun.joshi9713@yahoo.com,Male,7794043814,Australia,1999-09-21
9714,Maya,Menon,maya.menon9714@outlook.com,Female,9852807440,South Africa,1996-03-20
9715,Vihaan,Naidu,vihaan.naidu9715@mail.com,Male,9252779307,South Africa,2004-10-08
9716,Mohit,Mehta,mohit.mehta9716@example.com,Female,6675875944,India,1986-01-15
9717,Vihaan,Kashyap,vihaan.kashyap9717@outlook.com,Male,7618865884,United Kingdom,1990-04-03
9718,Reyansh,Ghosh,reyansh.ghosh9718@yahoo.com,Male,7037267228,UAE,1978-04-17
9719,Nisha,Bhatt,nisha.bhatt9719@outlook.com,Male,6672228223,UAE,1981-03-24
9720,Isha,Patel,isha.patel9720@yahoo.com,Female,6135301653,United Kingdom,1972-08-04
9721,Sunita,Shah,sunita.shah9721@example.com,Female,8136891139,Australia,2004-02-22
9722,Sai,Das,sai.das9722@mail.com,Female,8827575913,Brazil,1998-10-04
9723,Sahil,Malhotra,sahil.malhotra9723@yahoo.com,Female,6775041282,United States,2002-04-11
9724,Krishna,Bhatt,krishna.bhatt9724@example.com,Female,7465422572,United States,1994-05-01
9725,Sahil,Mehta,sahil.mehta9725@yahoo.com,Male,9633423854,Canada,1980-01-29
9726,Sneha,Mehta,sneha.mehta9726@yahoo.com,Female,9595986563,South Africa,2001-09-05
9727,Kavya,Malhotra,kavya.malhotra9727@outlook.com,Male,6099309205,Brazil,1970-04-14
9728,Arjun,Naidu,arjun.naidu9728@example.com,Male,8111715915,Australia,2003-05-29
9729,Sunita,Bose,sunita.bose9729@outlook.com,Male,6612885584,France,1999-01-02
9730,Reyansh,Trivedi,reyansh.trivedi9730@mail.com,Female,9853150563,India,1996-06-28
9731,Sunita,Pillai,sunita.pillai9731@mail.com,Male,9692365435,United States,1989-11-02
9732,Vihaan,Shah,vihaan.shah9732@gmail.com,Male,8148359508,Germany,1988-03-29
9733,Aanya,Mehta,aanya.mehta9733@yahoo.com,Male,9160338710,Germany,1985-03-14
9734,Maya,Agarwal,maya.agarwal9734@mail.com,Female,7823729534,Canada,2001-12-22
9735,Riya,Bose,riya.bose9735@mail.com,Female,7725889974,Germany,1966-02-06
9736,Sahil,Nair,sahil.nair9736@example.com,Male,6636704595,UAE,1991-08-15
9737,Sara,Agarwal,sara.agarwal9737@yahoo.com,Female,9167454160,United States,2004-02-04
9738,Isha,Kashyap,isha.kashyap9738@example.com,Female,9336451860,Australia,1978-08-22
9739,Arjun,Shah,arjun.shah9739@gmail.com,Female,8365122319,United Kingdom,1992-11-23
9740,Reyansh,Ghosh,reyansh.ghosh9740@outlook.com,Male,9676275003,Canada,1971-02-04
9741,Kiran,Trivedi,kiran.trivedi9741@example.com,Male,7588879606,Germany,1982-11-21
9742,Mohit,Gupta,mohit.gupta9742@outlook.com,Male,9510322416,South Africa,1975-08-10
9743,Aarav,Bose,aarav.bose9743@mail.com,Male,9863085105,Canada,1994-05-12
9744,Aanya,Kashyap,aanya.kashyap9744@example.com,Male,7426675289,Germany,1977-07-28
9745,Pooja,Bhatia,pooja.bhatia9745@mail.com,Male,8203618369,Brazil,1971-02-11
9746,Diya,Chauhan,diya.chauhan9746@gmail.com,Male,9745166603,Germany,1999-04-21
9747,Nisha,Verma,nisha.verma9747@outlook.com,Male,7042902585,Brazil,1993-02-23
9748,Kavya,Iyer,kavya.iyer9748@gmail.com,Male,6156828028,United States,1987-09-24
9749,Aditya,Patel,aditya.patel9749@outlook.com,Male,9640039446,Australia,1985-03-19
9750,Priya,Mehta,priya.mehta9750@outlook.com,Female,9495602515,Canada,1977-12-09
9751,Nisha,Chauhan,nisha.chauhan9751@gmail.com,Female,7108704629,Germany,1987-08-05
9752,Sahil,Verma,sahil.verma9752@gmail.com,Female,6605512684,United States,1983-05-20
9753,Anil,Ghosh,anil.ghosh9753@gmail.com,Male,9874492768,Germany,1984-04-28
9754,Maya,Bhatia,maya.bhatia9754@example.com,Male,8138076706,South Africa,1967-10-27
9755,Aditya,Das,aditya.das9755@example.com,Female,6382355957,South Africa,1989-12-27
9756,Karthik,Chauhan,karthik.chauhan9756@example.com,Male,7516273950,South Africa,1977-12-04
9757,Myra,Prasad,myra.prasad9757@yahoo.com,Male,6620795425,South Africa,2002-06-15
9758,Sneha,Mehta,sneha.mehta9758@yahoo.com,Female,8007361223,South Africa,1966-07-04
9759,Arjun,Das,arjun.das9759@mail.com,Male,6036002206,France,1989-06-14
9760,Pooja,Menon,pooja.menon9760@mail.com,Female,9766123917,India,1967-05-25
9761,Vivaan,Mehta,vivaan.mehta9761@yahoo.com,Male,6139179666,India,1990-01-09
9762,Ananya,Ghosh,ananya.ghosh9762@yahoo.com,Female,9602092764,Australia,1995-03-06
9763,Kiran,Agarwal,kiran.agarwal9763@yahoo.com,Female,6012656697,France,1983-03-12
9764,Ritu,Chauhan,ritu.chauhan9764@yahoo.com,Female,9765315290,Canada,1980-04-24
9765,Myra,Kumar,myra.kumar9765@outlook.com,Male,8902838731,Australia,1985-05-20
9766,Sunita,Verma,sunita.verma9766@example.com,Female,9870639235,South Africa,1982-11-15
9767,Tarun,Roy,tarun.roy9767@gmail.com,Male,9569113536,UAE,1981-03-26
9768,Reyansh,Das,reyansh.das9768@yahoo.com,Male,9374798989,France,1983-04-06
9769,Karthik,Trivedi,karthik.trivedi9769@example.com,Female,7803298933,France,1968-06-20
9770,Nisha,Naidu,nisha.naidu9770@mail.com,Female,7017291370,South Africa,1996-05-03
9771,Maya,Verma,maya.verma9771@gmail.com,Male,8855988017,United Kingdom,1982-04-04
9772,Sunita,Menon,sunita.menon9772@yahoo.com,Female,8811344197,South Africa,1999-02-25
9773,Mohit,Kashyap,mohit.kashyap9773@outlook.com,Female,6538958023,UAE,1977-03-29
9774,Vihaan,Naidu,vihaan.naidu9774@gmail.com,Female,9356924972,United States,1966-08-19
9775,Aditya,Kashyap,aditya.kashyap9775@mail.com,Female,7311838802,UAE,1972-01-14
9776,Sara,Pillai,sara.pillai9776@outlook.com,Male,8398867102,United States,1977-03-07
9777,Krishna,Khan,krishna.khan9777@example.com,Male,6169918781,United Kingdom,1980-03-12
9778,Anil,Mehta,anil.mehta9778@mail.com,Female,7965287034,France,1995-03-07
9779,Ananya,Bose,ananya.bose9779@gmail.com,Male,7896964978,Australia,1999-06-27
9780,Aarav,Yadav,aarav.yadav9780@example.com,Female,8810612954,South Africa,1991-01-31
9781,Aanya,Chauhan,aanya.chauhan9781@example.com,Male,9838094829,UAE,1985-03-24
9782,Ananya,Prasad,ananya.prasad9782@outlook.com,Female,7315247934,India,1989-11-16
9783,Rohan,Kumar,rohan.kumar9783@gmail.com,Male,6427864574,Canada,1994-03-16
9784,Mohit,Kashyap,mohit.kashyap9784@yahoo.com,Female,6697485789,Germany,1994-12-23
9785,Sneha,Menon,sneha.menon9785@yahoo.com,Male,8723072570,Australia,2005-11-04
9786,Maya,Singh,maya.singh9786@outlook.com,Male,9761109662,India,1983-03-04
9787,Karthik,Trivedi,karthik.trivedi9787@example.com,Male,6267626651,Germany,1966-12-30
9788,Rohan,Chauhan,rohan.chauhan9788@outlook.com,Male,9606754233,Germany,1994-09-27
9789,Ritu,Pillai,ritu.pillai9789@outlook.com,Male,9392399688,Brazil,1995-11-22
9790,Vihaan,Verma,vihaan.verma9790@gmail.com,Female,7059230031,Australia,1979-04-14
9791,Ritu,Sharma,ritu.sharma9791@example.com,Female,7527721403,UAE,1967-11-07
9792,Kavya,Ghosh,kavya.ghosh9792@mail.com,Male,6550989581,United Kingdom,1995-01-17
9793,Ritu,Verma,ritu.verma9793@gmail.com,Male,6571404085,UAE,1997-03-29
9794,Sahil,Joshi,sahil.joshi9794@mail.com,Female,6929592811,India,1973-12-01
9795,Pooja,Prasad,pooja.prasad9795@example.com,Male,6820417059,Australia,1966-05-09
9796,Arjun,Trivedi,arjun.trivedi9796@mail.com,Female,9668631787,India,1993-07-16
9797,Aarav,Menon,aarav.menon9797@example.com,Male,7357192004,France,1973-07-21
9798,Priya,Agarwal,priya.agarwal9798@mail.com,Female,6678185047,Australia,1967-04-30
9799,Arjun,Kashyap,arjun.kashyap9799@mail.com,Female,6602151497,India,1993-06-11
9800,Kavya,Reddy,kavya.reddy9800@outlook.com,Female,9643609686,Germany,1996-09-16
9801,Diya,Singh,diya.singh9801@yahoo.com,Male,9409766077,United Kingdom,1997-08-15
9802,Sneha,Joshi,sneha.joshi9802@yahoo.com,Male,8052179786,United Kingdom,1968-05-01
9803,Krishna,Khan,krishna.khan9803@example.com,Male,8095962299,India,1993-01-12
9804,Diya,Roy,diya.roy9804@outlook.com,Male,6322203604,Australia,2000-01-21
9805,Karthik,Gupta,karthik.gupta9805@mail.com,Male,9281192626,India,1974-07-17
9806,Karthik,Kapoor,karthik.kapoor9806@example.com,Female,7077615408,UAE,2000-08-31
9807,Sai,Bose,sai.bose9807@outlook.com,Male,7798412279,France,1968-08-01
9808,Karthik,Joshi,karthik.joshi9808@outlook.com,Male,6037140348,France,1998-03-07
9809,Sahil,Reddy,sahil.reddy9809@gmail.com,Male,9294151084,United States,1980-09-09
9810,Arjun,Prasad,arjun.prasad9810@gmail.com,Male,7979935096,UAE,1984-08-16
9811,Tarun,Joshi,tarun.joshi9811@example.com,Female,6134807360,Germany,1967-11-03
9812,Vihaan,Malhotra,vihaan.malhotra9812@yahoo.com,Female,9892901322,UAE,1967-01-01
9813,Rohan,Gupta,rohan.gupta9813@gmail.com,Female,7721323539,UAE,1985-11-04
9814,Aarav,Roy,aarav.roy9814@yahoo.com,Female,9349886393,Brazil,1966-01-18
9815,Rohan,Yadav,rohan.yadav9815@mail.com,Female,8739783645,Brazil,1985-04-29
9816,Aarav,Prasad,aarav.prasad9816@mail.com,Male,7957396784,United Kingdom,1970-12-16
9817,Sunita,Patel,sunita.patel9817@example.com,Male,9922026452,Germany,1978-12-06
9818,Ananya,Das,ananya.das9818@yahoo.com,Male,8341303579,United States,1971-10-24
9819,Maya,Malhotra,maya.malhotra9819@outlook.com,Female,6446714918,Australia,1991-03-18
9820,Krishna,Bhatia,krishna.bhatia9820@outlook.com,Male,6345415066,United States,1982-08-23
9821,Ananya,Pillai,ananya.pillai9821@mail.com,Male,8114602523,United States,2002-10-28
9822,Arjun,Joshi,arjun.joshi9822@outlook.com,Female,8874589293,UAE,2003-08-16
9823,Anil,Agarwal,anil.agarwal9823@mail.com,Female,8434747318,India,1998-01-08
9824,Rohan,Ghosh,rohan.ghosh9824@outlook.com,Female,9060161967,Australia,1991-10-16
9825,Maya,Patel,maya.patel9825@example.com,Male,6087307185,United Kingdom,1986-02-10
9826,Diya,Yadav,diya.yadav9826@yahoo.com,Female,6468750915,United Kingdom,1996-06-26
9827,Riya,Trivedi,riya.trivedi9827@gmail.com,Male,8390560957,Brazil,1987-05-29
9828,Aditya,Prasad,aditya.prasad9828@outlook.com,Male,6565885519,Australia,1991-06-08
9829,Riya,Khan,riya.khan9829@example.com,Male,8227462688,United States,1973-05-29
9830,Mohit,Bhatt,mohit.bhatt9830@example.com,Male,9873940090,UAE,1973-02-16
9831,Mohit,Bose,mohit.bose9831@mail.com,Male,6577485287,Brazil,1980-08-11
9832,Sai,Naidu,sai.naidu9832@example.com,Female,7766451117,United States,1986-09-25
9833,Vivaan,Naidu,vivaan.naidu9833@mail.com,Female,6492360600,United Kingdom,1986-05-05
9834,Rohan,Malhotra,rohan.malhotra9834@example.com,Female,6507020317,United Kingdom,1975-06-01
9835,Aditya,Reddy,aditya.reddy9835@example.com,Male,8604413542,Germany,1982-07-14
9836,Myra,Mehta,myra.mehta9836@yahoo.com,Female,6725708288,South Africa,1997-06-12
9837,Sai,Malhotra,sai.malhotra9837@outlook.com,Male,9657487197,France,1983-03-09
9838,Sara,Roy,sara.roy9838@gmail.com,Female,8820142270,Canada,1975-06-23
9839,Sahil,Agarwal,sahil.agarwal9839@mail.com,Female,7459678267,United Kingdom,1975-01-20
9840,Aditya,Yadav,aditya.yadav9840@outlook.com,Male,6152555750,Brazil,1971-10-18
9841,Arjun,Prasad,arjun.prasad9841@yahoo.com,Male,9637699965,United Kingdom,1984-02-03
9842,Mohit,Menon,mohit.menon9842@mail.com,Female,8434069276,United States,1969-01-23
9843,Sai,Yadav,sai.yadav9843@gmail.com,Female,8413707781,UAE,1985-01-04
9844,Anil,Patel,anil.patel9844@gmail.com,Female,6918782042,United States,1979-12-05
9845,Maya,Sharma,maya.sharma9845@yahoo.com,Male,9000941406,United Kingdom,2000-05-05
9846,Ritu,Menon,ritu.menon9846@gmail.com,Male,9135485427,South Africa,2003-08-13
9847,Pooja,Bose,pooja.bose9847@yahoo.com,Female,7200299581,Australia,1988-04-16
9848,Ananya,Agarwal,ananya.agarwal9848@mail.com,Female,9433072906,France,2005-06-30
9849,Isha,Trivedi,isha.trivedi9849@outlook.com,Female,7605454710,United Kingdom,1994-04-26
9850,Sara,Agarwal,sara.agarwal9850@mail.com,Male,7309508181,Canada,2002-08-31
9851,Isha,Agarwal,isha.agarwal9851@example.com,Female,7493967626,Brazil,1986-08-22
9852,Sneha,Khan,sneha.khan9852@yahoo.com,Male,8421654484,South Africa,1994-05-23
9853,Reyansh,Kapoor,reyansh.kapoor9853@gmail.com,Female,7407899522,Australia,1987-02-26
9854,Riya,Reddy,riya.reddy9854@mail.com,Male,8990532850,Canada,2006-09-09
9855,Sai,Reddy,sai.reddy9855@example.com,Female,7630241364,UAE,1976-04-28
9856,Ananya,Patel,ananya.patel9856@mail.com,Female,6677244430,Brazil,1980-11-27
9857,Nisha,Kashyap,nisha.kashyap9857@outlook.com,Female,9896216867,South Africa,2007-09-06
9858,Ritu,Chauhan,ritu.chauhan9858@example.com,Male,7562365170,Germany,1967-01-28
9859,Sunita,Reddy,sunita.reddy9859@mail.com,Female,8541455537,United Kingdom,1976-07-18
9860,Rohan,Mehta,rohan.mehta9860@example.com,Male,8810755184,Brazil,1967-12-08
9861,Myra,Gupta,myra.gupta9861@yahoo.com,Male,8522533677,Germany,1969-08-18
9862,Karthik,Shah,karthik.shah9862@outlook.com,Male,8162602003,Brazil,1995-06-29
9863,Aanya,Das,aanya.das9863@gmail.com,Female,7988798709,Brazil,1994-06-09
9864,Mohit,Kashyap,mohit.kashyap9864@yahoo.com,Male,6322185273,India,1987-03-11
9865,Diya,Roy,diya.roy9865@mail.com,Female,6857385927,Brazil,2002-08-20
9866,Sahil,Das,sahil.das9866@yahoo.com,Female,9422863987,Canada,1966-09-21
9867,Ananya,Singh,ananya.singh9867@gmail.com,Female,6592534950,UAE,1972-07-29
9868,Anil,Shah,anil.shah9868@gmail.com,Male,7132292365,Australia,1995-09-30
9869,Mohit,Agarwal,mohit.agarwal9869@gmail.com,Male,6288648630,France,1973-11-15
9870,Sai,Shah,sai.shah9870@yahoo.com,Female,9878213351,Brazil,1989-07-01
9871,Krishna,Yadav,krishna.yadav9871@mail.com,Male,8860922049,Canada,1979-04-19
9872,Sara,Ghosh,sara.ghosh9872@example.com,Male,6478672305,Brazil,2006-04-24
9873,Reyansh,Pillai,reyansh.pillai9873@gmail.com,Female,8080697323,South Africa,1969-05-24
9874,Ananya,Khan,ananya.khan9874@outlook.com,Male,8028786040,Brazil,1977-02-19
9875,Ritu,Pillai,ritu.pillai9875@gmail.com,Male,7245445292,Brazil,1979-11-20
9876,Maya,Gupta,maya.gupta9876@gmail.com,Male,6008073871,UAE,1997-06-04
9877,Kavya,Sharma,kavya.sharma9877@yahoo.com,Female,9788374364,Australia,1974-03-03
9878,Tarun,Pillai,tarun.pillai9878@example.com,Male,8470546084,UAE,1983-08-10
9879,Kavya,Patel,kavya.patel9879@mail.com,Female,8783870965,United Kingdom,1994-06-23
9880,Maya,Trivedi,maya.trivedi9880@example.com,Female,6502187385,Germany,1974-05-09
9881,Mohit,Roy,mohit.roy9881@yahoo.com,Female,7107706312,Brazil,1995-08-08
9882,Sneha,Prasad,sneha.prasad9882@mail.com,Male,6930462027,United States,1975-07-16
9883,Myra,Trivedi,myra.trivedi9883@yahoo.com,Male,8590374998,France,1987-05-23
9884,Tarun,Kapoor,tarun.kapoor9884@gmail.com,Male,6300399339,United States,1995-08-28
9885,Tarun,Reddy,tarun.reddy9885@gmail.com,Female,6367331214,France,1968-09-04
9886,Diya,Pillai,diya.pillai9886@example.com,Male,7234797730,UAE,1990-07-08
9887,Ritu,Mehta,ritu.mehta9887@yahoo.com,Female,8509309157,Australia,1982-02-28
9888,Rohan,Shah,rohan.shah9888@mail.com,Female,7412794186,Brazil,2005-12-24
9889,Reyansh,Agarwal,reyansh.agarwal9889@gmail.com,Female,9649831654,United Kingdom,1983-05-19
9890,Vivaan,Das,vivaan.das9890@example.com,Male,9182742244,United Kingdom,1995-05-30
9891,Vihaan,Sharma,vihaan.sharma9891@yahoo.com,Female,6578936817,United Kingdom,1979-07-22
9892,Pooja,Bose,pooja.bose9892@mail.com,Female,8656758889,South Africa,1976-01-10
9893,Reyansh,Khan,reyansh.khan9893@mail.com,Female,7717733567,South Africa,1974-03-20
9894,Nisha,Yadav,nisha.yadav9894@gmail.com,Male,8470083473,Canada,1991-06-22
9895,Sai,Gupta,sai.gupta9895@gmail.com,Male,7190441794,Germany,2004-03-06
9896,Ritu,Yadav,ritu.yadav9896@gmail.com,Male,6407231570,United Kingdom,2001-07-18
9897,Sara,Yadav,sara.yadav9897@mail.com,Male,8428709691,India,1983-07-29
9898,Rohan,Sharma,rohan.sharma9898@mail.com,Male,8744466739,United Kingdom,1998-07-08
9899,Vihaan,Agarwal,vihaan.agarwal9899@gmail.com,Female,8678633185,Germany,1980-08-26
9900,Arjun,Gupta,arjun.gupta9900@gmail.com,Female,7439138050,India,1984-08-22
9901,Maya,Naidu,maya.naidu9901@example.com,Female,8551928011,UAE,1985-10-07
9902,Diya,Roy,diya.roy9902@example.com,Male,7429950165,United States,1967-03-02
9903,Vihaan,Iyer,vihaan.iyer9903@mail.com,Male,6568522801,South Africa,1968-03-03
9904,Reyansh,Iyer,reyansh.iyer9904@outlook.com,Female,8128636277,South Africa,1986-06-08
9905,Sara,Joshi,sara.joshi9905@gmail.com,Female,7210426367,South Africa,1997-06-27
9906,Sahil,Naidu,sahil.naidu9906@yahoo.com,Female,9146609525,France,1975-05-04
9907,Vivaan,Gupta,vivaan.gupta9907@example.com,Female,7347023027,Brazil,1991-05-26
9908,Ananya,Nair,ananya.nair9908@example.com,Female,6327646867,United States,1973-12-11
9909,Vivaan,Kumar,vivaan.kumar9909@gmail.com,Male,6124337635,France,2003-08-06
9910,Diya,Kashyap,diya.kashyap9910@mail.com,Female,6892284416,South Africa,1990-05-10
9911,Mohit,Chauhan,mohit.chauhan9911@yahoo.com,Male,9107591359,UAE,1968-04-27
9912,Vihaan,Menon,vihaan.menon9912@outlook.com,Female,7323877712,United Kingdom,1999-06-02
9913,Tarun,Yadav,tarun.yadav9913@outlook.com,Male,6238901550,Germany,2004-03-19
9914,Sneha,Gupta,sneha.gupta9914@gmail.com,Female,8637293171,France,1982-06-12
9915,Diya,Patel,diya.patel9915@example.com,Male,7276840764,France,1984-11-23
9916,Myra,Kashyap,myra.kashyap9916@example.com,Female,7640292238,United Kingdom,1995-05-02
9917,Nisha,Naidu,nisha.naidu9917@example.com,Male,8019706017,UAE,1975-08-25
9918,Ananya,Yadav,ananya.yadav9918@example.com,Male,7612792219,UAE,1973-05-02
9919,Arjun,Roy,arjun.roy9919@mail.com,Female,7259925058,United States,2006-11-24
9920,Aditya,Pillai,aditya.pillai9920@yahoo.com,Female,8960778212,France,2006-03-19
9921,Krishna,Shah,krishna.shah9921@yahoo.com,Male,7039867026,United Kingdom,1989-05-03
9922,Vivaan,Kashyap,vivaan.kashyap9922@gmail.com,Male,9167093770,Germany,1971-07-30
9923,Isha,Agarwal,isha.agarwal9923@mail.com,Female,7997950063,United Kingdom,1978-07-10
9924,Sahil,Kumar,sahil.kumar9924@mail.com,Female,7862282960,Germany,1980-05-03
9925,Aditya,Shah,aditya.shah9925@outlook.com,Male,9928565774,South Africa,1977-06-18
9926,Sunita,Malhotra,sunita.malhotra9926@gmail.com,Female,7759551359,South Africa,1988-06-18
9927,Myra,Naidu,myra.naidu9927@yahoo.com,Male,9731641065,Germany,1987-08-19
9928,Karthik,Trivedi,karthik.trivedi9928@gmail.com,Female,6799862150,India,1984-02-11
9929,Vihaan,Bhatia,vihaan.bhatia9929@outlook.com,Male,6999183479,Brazil,1987-06-25
9930,Nisha,Kashyap,nisha.kashyap9930@outlook.com,Female,7287659059,United Kingdom,2000-01-07
9931,Mohit,Gupta,mohit.gupta9931@mail.com,Male,7125157116,Brazil,1975-03-18
9932,Sahil,Khan,sahil.khan9932@example.com,Female,9688793643,United States,1973-04-06
9933,Anil,Prasad,anil.prasad9933@example.com,Male,8361040863,South Africa,1999-01-26
9934,Kiran,Bhatt,kiran.bhatt9934@gmail.com,Female,6787161869,United States,1988-08-08
9935,Sunita,Chauhan,sunita.chauhan9935@yahoo.com,Female,8079160668,India,1976-09-12
9936,Sara,Prasad,sara.prasad9936@example.com,Female,7540411841,UAE,1971-02-02
9937,Sara,Bose,sara.bose9937@mail.com,Male,9301215433,India,2004-03-05
9938,Isha,Kashyap,isha.kashyap9938@yahoo.com,Female,7225926652,South Africa,1978-08-03
9939,Sahil,Kashyap,sahil.kashyap9939@gmail.com,Female,9778780862,France,1973-05-07
9940,Priya,Kapoor,priya.kapoor9940@yahoo.com,Female,6837173644,Canada,2007-10-24
9941,Pooja,Mehta,pooja.mehta9941@yahoo.com,Female,9573054256,United Kingdom,1981-04-25
9942,Maya,Das,maya.das9942@example.com,Female,8918581194,Australia,2001-09-08
9943,Riya,Trivedi,riya.trivedi9943@example.com,Female,9421889105,Canada,2000-01-27
9944,Kavya,Patel,kavya.patel9944@yahoo.com,Male,6280667943,South Africa,1993-10-20
9945,Karthik,Bose,karthik.bose9945@example.com,Female,6735430088,UAE,1977-08-31
9946,Kavya,Shah,kavya.shah9946@gmail.com,Female,8556815366,United States,1978-02-20
9947,Diya,Gupta,diya.gupta9947@yahoo.com,Female,7757695415,Germany,1995-02-14
9948,Priya,Shah,priya.shah9948@example.com,Female,9343243083,Canada,2003-10-06
9949,Sneha,Kashyap,sneha.kashyap9949@yahoo.com,Female,9083320353,India,1997-09-08
9950,Karthik,Pillai,karthik.pillai9950@mail.com,Male,7914114617,UAE,2006-03-29
9951,Tarun,Das,tarun.das9951@yahoo.com,Male,9301810284,Australia,2005-11-02
9952,Rohan,Verma,rohan.verma9952@yahoo.com,Male,8475260141,Germany,1981-08-19
9953,Kavya,Roy,kavya.roy9953@gmail.com,Female,9400254129,South Africa,1968-01-31
9954,Rohan,Khan,rohan.khan9954@mail.com,Female,7333587149,India,1987-06-09
9955,Sahil,Prasad,sahil.prasad9955@outlook.com,Female,7562875820,South Africa,1975-02-25
9956,Nisha,Bhatia,nisha.bhatia9956@outlook.com,Male,6388134679,France,1967-10-21
9957,Sneha,Patel,sneha.patel9957@outlook.com,Female,7055708857,Australia,1973-01-22
9958,Kavya,Pillai,kavya.pillai9958@gmail.com,Female,7140379368,UAE,2004-05-22
9959,Vihaan,Bhatt,vihaan.bhatt9959@gmail.com,Male,7857473936,India,1966-10-26
9960,Sneha,Mehta,sneha.mehta9960@gmail.com,Female,6191727815,France,1981-10-19
9961,Sneha,Kapoor,sneha.kapoor9961@gmail.com,Female,9072281694,United Kingdom,1992-04-02
9962,Kiran,Joshi,kiran.joshi9962@gmail.com,Male,7408895636,United States,2003-01-26
9963,Sai,Bhatia,sai.bhatia9963@example.com,Female,7701149689,United Kingdom,1976-05-07
9964,Kavya,Menon,kavya.menon9964@outlook.com,Female,7919152006,United Kingdom,1979-02-18
9965,Kiran,Kashyap,kiran.kashyap9965@gmail.com,Female,7620978336,United States,1982-04-29
9966,Sara,Bose,sara.bose9966@example.com,Male,6211908896,South Africa,1983-02-06
9967,Kiran,Patel,kiran.patel9967@mail.com,Female,9797560326,Australia,1992-03-03
9968,Pooja,Chauhan,pooja.chauhan9968@mail.com,Male,8295424649,Canada,1976-01-13
9969,Riya,Bose,riya.bose9969@yahoo.com,Male,8752048567,South Africa,1975-05-19
9970,Tarun,Ghosh,tarun.ghosh9970@example.com,Male,9137687599,United States,2000-12-20
9971,Reyansh,Pillai,reyansh.pillai9971@mail.com,Female,6062772444,France,1999-07-25
9972,Sunita,Malhotra,sunita.malhotra9972@example.com,Female,9303338063,United States,1981-06-20
9973,Sunita,Verma,sunita.verma9973@outlook.com,Female,6374374591,United States,1975-09-26
9974,Ananya,Trivedi,ananya.trivedi9974@mail.com,Male,7100307378,UAE,1979-02-17
9975,Anil,Prasad,anil.prasad9975@gmail.com,Male,7013820383,France,1998-09-10
9976,Krishna,Bose,krishna.bose9976@yahoo.com,Female,9971181626,Germany,2001-11-13
9977,Tarun,Kashyap,tarun.kashyap9977@gmail.com,Female,6981945514,France,1971-10-15
9978,Rohan,Iyer,rohan.iyer9978@example.com,Male,7787320031,Germany,1972-11-12
9979,Sneha,Singh,sneha.singh9979@example.com,Female,7731809452,UAE,1987-07-25
9980,Aarav,Singh,aarav.singh9980@mail.com,Female,8041832778,France,1981-09-03
9981,Sara,Roy,sara.roy9981@outlook.com,Male,7024050787,UAE,1987-07-19
9982,Tarun,Shah,tarun.shah9982@yahoo.com,Male,8212623289,Australia,1982-12-09
9983,Sunita,Chauhan,sunita.chauhan9983@yahoo.com,Female,6182388755,United States,1976-08-19
9984,Ritu,Pillai,ritu.pillai9984@outlook.com,Female,6857776839,South Africa,1994-02-11
9985,Maya,Yadav,maya.yadav9985@yahoo.com,Male,8223469180,India,1975-01-29
9986,Sunita,Yadav,sunita.yadav9986@yahoo.com,Female,6160762254,Canada,2006-07-14
9987,Sunita,Mehta,sunita.mehta9987@mail.com,Female,9850160897,UAE,1972-01-31
9988,Reyansh,Pillai,reyansh.pillai9988@outlook.com,Male,7930781484,United Kingdom,1999-08-25
9989,Krishna,Kashyap,krishna.kashyap9989@mail.com,Female,6293361889,India,1971-03-14
9990,Vivaan,Ghosh,vivaan.ghosh9990@mail.com,Female,6458094393,Australia,2007-05-11
9991,Reyansh,Naidu,reyansh.naidu9991@example.com,Female,7377660420,United Kingdom,1984-07-04
9992,Arjun,Bhatia,arjun.bhatia9992@example.com,Male,6175406009,Australia,1991-05-06
9993,Aanya,Reddy,aanya.reddy9993@gmail.com,Male,9657432086,France,1984-05-13
9994,Ananya,Chauhan,ananya.chauhan9994@outlook.com,Male,6988936800,Canada,1985-06-24
9995,Diya,Singh,diya.singh9995@mail.com,Female,9412559316,Brazil,1987-02-09
9996,Vivaan,Bhatt,vivaan.bhatt9996@example.com,Female,6613931344,Brazil,1973-10-11
9997,Kiran,Roy,kiran.roy9997@yahoo.com,Female,7983500042,UAE,1981-02-13
9998,Maya,Pillai,maya.pillai9998@outlook.com,Female,8202141438,Australia,1993-12-29
9999,Kiran,Verma,kiran.verma9999@yahoo.com,Female,7853804994,Australia,1978-07-10
10000,Aditya,Bose,aditya.bose10000@outlook.com,Female,8490129109,South Africa,2003-06-22
